event_id,pc_time_iso,pc_elapsed_s,stm32_time_ms,force_N,raw_line
1,2026-01-11T00:06:54.559771,25.292897299863398,29420,0.528,"Load=0.528 N, t=29420 ms"
1,2026-01-11T00:06:54.570773,25.303898599930108,29430,0.488,"Load=0.488 N, t=29430 ms"
1,2026-01-11T00:06:54.580730,25.313855400308967,29440,0.429,"Load=0.429 N, t=29440 ms"
1,2026-01-11T00:06:54.589842,25.322968400083482,29450,0.426,"Load=0.426 N, t=29450 ms"
1,2026-01-11T00:06:54.599811,25.332937099970877,29460,0.35,"Load=0.350 N, t=29460 ms"
1,2026-01-11T00:06:54.609733,25.342857600189745,29470,0.392,"Load=0.392 N, t=29470 ms"
1,2026-01-11T00:06:54.619768,25.352893699891865,29480,0.458,"Load=0.458 N, t=29480 ms"
1,2026-01-11T00:06:54.629723,25.362848700024188,29490,0.539,"Load=0.539 N, t=29490 ms"
1,2026-01-11T00:06:54.640746,25.373871800489724,29500,0.597,"Load=0.597 N, t=29500 ms"
1,2026-01-11T00:06:54.650728,25.383853999897838,29510,0.348,"Load=0.348 N, t=29510 ms"
1,2026-01-11T00:06:54.659812,25.392937500029802,29520,0.409,"Load=0.409 N, t=29520 ms"
1,2026-01-11T00:06:54.669890,25.403015499934554,29530,0.548,"Load=0.548 N, t=29530 ms"
1,2026-01-11T00:06:54.679798,25.412923900410533,29540,0.521,"Load=0.521 N, t=29540 ms"
1,2026-01-11T00:06:54.690792,25.42391789983958,29550,0.414,"Load=0.414 N, t=29550 ms"
1,2026-01-11T00:06:54.700735,25.433860200457275,29560,0.567,"Load=0.567 N, t=29560 ms"
1,2026-01-11T00:06:54.710532,25.443657600320876,29570,0.435,"Load=0.435 N, t=29570 ms"
1,2026-01-11T00:06:54.720652,25.453777600079775,29580,0.517,"Load=0.517 N, t=29580 ms"
1,2026-01-11T00:06:54.729705,25.462830199860036,29590,0.459,"Load=0.459 N, t=29590 ms"
1,2026-01-11T00:06:54.739699,25.472825299948454,29600,0.734,"Load=0.734 N, t=29600 ms"
1,2026-01-11T00:06:54.750755,25.483880700543523,29610,0.523,"Load=0.523 N, t=29610 ms"
1,2026-01-11T00:06:54.760684,25.493809300474823,29620,0.415,"Load=0.415 N, t=29620 ms"
1,2026-01-11T00:06:54.770788,25.50391359999776,29630,0.675,"Load=0.675 N, t=29630 ms"
1,2026-01-11T00:06:54.780749,25.5138749005273,29640,0.527,"Load=0.527 N, t=29640 ms"
1,2026-01-11T00:06:54.791142,25.524267400614917,29650,0.467,"Load=0.467 N, t=29650 ms"
1,2026-01-11T00:06:54.799941,25.533066300675273,29660,0.447,"Load=0.447 N, t=29660 ms"
1,2026-01-11T00:06:54.799941,25.533066300675273,29660,0.447,"Load=0.447 N, t=29660 ms"
1,2026-01-11T00:06:54.810640,25.543765800073743,29670,0.498,"Load=0.498 N, t=29670 ms"
1,2026-01-11T00:06:54.820895,25.554020499810576,29680,0.448,"Load=0.448 N, t=29680 ms"
1,2026-01-11T00:06:54.830780,25.563905600458384,29690,0.353,"Load=0.353 N, t=29690 ms"
1,2026-01-11T00:06:54.840722,25.573848000727594,29700,0.596,"Load=0.596 N, t=29700 ms"
1,2026-01-11T00:06:54.850725,25.583850200287998,29710,0.587,"Load=0.587 N, t=29710 ms"
1,2026-01-11T00:06:54.859790,25.59291520062834,29720,0.551,"Load=0.551 N, t=29720 ms"
1,2026-01-11T00:06:54.870768,25.603893999941647,29730,0.515,"Load=0.515 N, t=29730 ms"
1,2026-01-11T00:06:54.880809,25.613934100605547,29740,0.867,"Load=0.867 N, t=29740 ms"
1,2026-01-11T00:06:54.890741,25.62386650033295,29750,0.359,"Load=0.359 N, t=29750 ms"
1,2026-01-11T00:06:54.900681,25.633806500583887,29760,0.474,"Load=0.474 N, t=29760 ms"
1,2026-01-11T00:06:54.910723,25.64384760055691,29770,0.536,"Load=0.536 N, t=29770 ms"
1,2026-01-11T00:06:54.920748,25.653872599825263,29780,0.513,"Load=0.513 N, t=29780 ms"
1,2026-01-11T00:06:54.930742,25.663867100141943,29790,0.672,"Load=0.672 N, t=29790 ms"
1,2026-01-11T00:06:54.940723,25.673848900012672,29800,0.399,"Load=0.399 N, t=29800 ms"
1,2026-01-11T00:06:54.950615,25.683740400709212,29810,0.51,"Load=0.510 N, t=29810 ms"
1,2026-01-11T00:06:54.960766,25.69389220047742,29820,0.634,"Load=0.634 N, t=29820 ms"
1,2026-01-11T00:06:54.970638,25.70376310031861,29830,1.074,"Load=1.074 N, t=29830 ms"
1,2026-01-11T00:06:54.980586,25.713711200281978,29840,0.241,"Load=0.241 N, t=29840 ms"
1,2026-01-11T00:06:54.990649,25.72377400007099,29850,0.411,"Load=0.411 N, t=29850 ms"
1,2026-01-11T00:06:55.000774,25.73389900010079,29860,0.711,"Load=0.711 N, t=29860 ms"
1,2026-01-11T00:06:55.010656,25.74377780035138,29870,0.638,"Load=0.638 N, t=29870 ms"
1,2026-01-11T00:06:55.020766,25.753891400061548,29880,0.41,"Load=0.410 N, t=29880 ms"
1,2026-01-11T00:06:55.030661,25.763786800205708,29890,0.494,"Load=0.494 N, t=29890 ms"
1,2026-01-11T00:06:55.040749,25.773873600177467,29900,0.442,"Load=0.442 N, t=29900 ms"
1,2026-01-11T00:06:55.050803,25.783927500247955,29910,0.703,"Load=0.703 N, t=29910 ms"
1,2026-01-11T00:06:55.060741,25.79386560060084,29920,0.492,"Load=0.492 N, t=29920 ms"
1,2026-01-11T00:06:55.070810,25.803935100324452,29930,0.666,"Load=0.666 N, t=29930 ms"
1,2026-01-11T00:06:55.080763,25.813887900672853,29940,0.526,"Load=0.526 N, t=29940 ms"
1,2026-01-11T00:06:55.090788,25.82391280028969,29950,0.585,"Load=0.585 N, t=29950 ms"
1,2026-01-11T00:06:55.100583,25.83370800036937,29960,0.496,"Load=0.496 N, t=29960 ms"
1,2026-01-11T00:06:55.110640,25.84376530069858,29970,0.407,"Load=0.407 N, t=29970 ms"
1,2026-01-11T00:06:55.120772,25.853897499851882,29980,0.678,"Load=0.678 N, t=29980 ms"
1,2026-01-11T00:06:55.130823,25.86394810024649,29990,0.711,"Load=0.711 N, t=29990 ms"
1,2026-01-11T00:06:55.140708,25.873833100311458,30000,0.395,"Load=0.395 N, t=30000 ms"
1,2026-01-11T00:06:55.150766,25.883890899829566,30010,0.484,"Load=0.484 N, t=30010 ms"
1,2026-01-11T00:06:55.160648,25.89377319999039,30020,0.652,"Load=0.652 N, t=30020 ms"
1,2026-01-11T00:06:55.170665,25.90379060059786,30030,0.453,"Load=0.453 N, t=30030 ms"
1,2026-01-11T00:06:55.180682,25.913806800730526,30040,0.696,"Load=0.696 N, t=30040 ms"
1,2026-01-11T00:06:55.190676,25.923801500350237,30050,0.641,"Load=0.641 N, t=30050 ms"
1,2026-01-11T00:06:55.200773,25.93389749992639,30060,0.559,"Load=0.559 N, t=30060 ms"
1,2026-01-11T00:06:55.210783,25.943907200358808,30070,0.502,"Load=0.502 N, t=30070 ms"
1,2026-01-11T00:06:55.220697,25.953821700066328,30080,0.526,"Load=0.526 N, t=30080 ms"
1,2026-01-11T00:06:55.230670,25.96379530057311,30090,0.458,"Load=0.458 N, t=30090 ms"
1,2026-01-11T00:06:55.240664,25.973788999952376,30100,0.694,"Load=0.694 N, t=30100 ms"
1,2026-01-11T00:06:55.250808,25.983933600597084,30110,0.684,"Load=0.684 N, t=30110 ms"
1,2026-01-11T00:06:55.260784,25.993908899836242,30120,0.771,"Load=0.771 N, t=30120 ms"
1,2026-01-11T00:06:55.270760,26.003885299898684,30130,0.395,"Load=0.395 N, t=30130 ms"
1,2026-01-11T00:06:55.280629,26.01375349983573,30140,0.495,"Load=0.495 N, t=30140 ms"
1,2026-01-11T00:06:55.290678,26.023802400566638,30150,0.512,"Load=0.512 N, t=30150 ms"
1,2026-01-11T00:06:55.300655,26.033779500052333,30160,0.472,"Load=0.472 N, t=30160 ms"
1,2026-01-11T00:06:55.310814,26.043939700350165,30170,0.421,"Load=0.421 N, t=30170 ms"
1,2026-01-11T00:06:55.320804,26.053929700516164,30180,0.747,"Load=0.747 N, t=30180 ms"
1,2026-01-11T00:06:55.330628,26.063752400688827,30190,0.526,"Load=0.526 N, t=30190 ms"
1,2026-01-11T00:06:55.340795,26.07392009999603,30200,0.544,"Load=0.544 N, t=30200 ms"
1,2026-01-11T00:06:55.350669,26.083793600089848,30210,0.488,"Load=0.488 N, t=30210 ms"
1,2026-01-11T00:06:55.360806,26.0939313005656,30220,0.521,"Load=0.521 N, t=30220 ms"
1,2026-01-11T00:06:55.370670,26.103794800117612,30230,0.642,"Load=0.642 N, t=30230 ms"
1,2026-01-11T00:06:55.380757,26.113882100209594,30240,0.53,"Load=0.530 N, t=30240 ms"
1,2026-01-11T00:06:55.390781,26.123905399814248,30250,0.596,"Load=0.596 N, t=30250 ms"
1,2026-01-11T00:06:55.400704,26.13382840063423,30260,0.399,"Load=0.399 N, t=30260 ms"
1,2026-01-11T00:06:55.410869,26.143993600271642,30270,0.343,"Load=0.343 N, t=30270 ms"
1,2026-01-11T00:06:55.420824,26.153948900289834,30280,0.645,"Load=0.645 N, t=30280 ms"
1,2026-01-11T00:06:55.430801,26.163926400244236,30290,0.472,"Load=0.472 N, t=30290 ms"
1,2026-01-11T00:06:55.440827,26.173952400684357,30300,0.546,"Load=0.546 N, t=30300 ms"
1,2026-01-11T00:06:55.450781,26.183905700221658,30310,0.512,"Load=0.512 N, t=30310 ms"
1,2026-01-11T00:06:55.461675,26.19480000063777,30320,0.633,"Load=0.633 N, t=30320 ms"
1,2026-01-11T00:06:55.471651,26.20477480068803,30330,0.678,"Load=0.678 N, t=30330 ms"
1,2026-01-11T00:06:55.480817,26.213941800408065,30340,0.53,"Load=0.530 N, t=30340 ms"
1,2026-01-11T00:06:55.490809,26.22393470071256,30350,0.523,"Load=0.523 N, t=30350 ms"
1,2026-01-11T00:06:55.500814,26.233938599936664,30360,0.632,"Load=0.632 N, t=30360 ms"
1,2026-01-11T00:06:55.510785,26.243909900076687,30370,0.502,"Load=0.502 N, t=30370 ms"
1,2026-01-11T00:06:55.521749,26.2548740003258,30380,0.447,"Load=0.447 N, t=30380 ms"
1,2026-01-11T00:06:55.531728,26.264852800406516,30390,0.551,"Load=0.551 N, t=30390 ms"
1,2026-01-11T00:06:55.540710,26.273834000341594,30400,0.595,"Load=0.595 N, t=30400 ms"
1,2026-01-11T00:06:55.550920,26.284044899977744,30410,0.517,"Load=0.517 N, t=30410 ms"
1,2026-01-11T00:06:55.560805,26.29392969980836,30420,0.526,"Load=0.526 N, t=30420 ms"
1,2026-01-11T00:06:55.570818,26.30394299980253,30430,0.498,"Load=0.498 N, t=30430 ms"
1,2026-01-11T00:06:55.581753,26.314877700060606,30440,0.568,"Load=0.568 N, t=30440 ms"
1,2026-01-11T00:06:55.591771,26.324895200319588,30450,0.601,"Load=0.601 N, t=30450 ms"
1,2026-01-11T00:06:55.601601,26.334726200439036,30460,0.559,"Load=0.559 N, t=30460 ms"
1,2026-01-11T00:06:55.610687,26.343811800703406,30470,0.526,"Load=0.526 N, t=30470 ms"
1,2026-01-11T00:06:55.620764,26.353888800367713,30480,0.514,"Load=0.514 N, t=30480 ms"
1,2026-01-11T00:06:55.630856,26.363980500027537,30490,0.507,"Load=0.507 N, t=30490 ms"
1,2026-01-11T00:06:55.641658,26.3747810004279,30500,0.471,"Load=0.471 N, t=30500 ms"
1,2026-01-11T00:06:55.651737,26.38486099988222,30510,0.749,"Load=0.749 N, t=30510 ms"
1,2026-01-11T00:06:55.661648,26.394772300496697,30520,0.472,"Load=0.472 N, t=30520 ms"
1,2026-01-11T00:06:55.671738,26.404861700721085,30530,0.557,"Load=0.557 N, t=30530 ms"
1,2026-01-11T00:06:55.680816,26.41394070070237,30540,0.345,"Load=0.345 N, t=30540 ms"
1,2026-01-11T00:06:55.690812,26.42393680009991,30550,0.514,"Load=0.514 N, t=30550 ms"
1,2026-01-11T00:06:55.701706,26.434830700047314,30560,0.646,"Load=0.646 N, t=30560 ms"
1,2026-01-11T00:06:55.711754,26.44487849995494,30570,0.522,"Load=0.522 N, t=30570 ms"
1,2026-01-11T00:06:55.721586,26.454711200669408,30580,0.57,"Load=0.570 N, t=30580 ms"
1,2026-01-11T00:06:55.731611,26.4647351000458,30590,0.5,"Load=0.500 N, t=30590 ms"
1,2026-01-11T00:06:55.740787,26.473911200650036,30600,0.452,"Load=0.452 N, t=30600 ms"
1,2026-01-11T00:06:55.750788,26.483911800198257,30610,0.818,"Load=0.818 N, t=30610 ms"
1,2026-01-11T00:06:55.761746,26.494869800284505,30620,0.694,"Load=0.694 N, t=30620 ms"
1,2026-01-11T00:06:55.771757,26.50488130003214,30630,0.395,"Load=0.395 N, t=30630 ms"
1,2026-01-11T00:06:55.781706,26.514830100350082,30640,0.479,"Load=0.479 N, t=30640 ms"
1,2026-01-11T00:06:55.791718,26.524842699989676,30650,0.768,"Load=0.768 N, t=30650 ms"
1,2026-01-11T00:06:55.801654,26.534777900204062,30660,0.51,"Load=0.510 N, t=30660 ms"
1,2026-01-11T00:06:55.810819,26.543943400494754,30670,0.534,"Load=0.534 N, t=30670 ms"
1,2026-01-11T00:06:55.821702,26.554826700128615,30680,0.549,"Load=0.549 N, t=30680 ms"
1,2026-01-11T00:06:55.831761,26.56488490011543,30690,0.535,"Load=0.535 N, t=30690 ms"
1,2026-01-11T00:06:55.841757,26.57488110009581,30700,0.525,"Load=0.525 N, t=30700 ms"
1,2026-01-11T00:06:55.851709,26.584834000095725,30710,0.421,"Load=0.421 N, t=30710 ms"
1,2026-01-11T00:06:55.861676,26.594800299964845,30720,0.358,"Load=0.358 N, t=30720 ms"
1,2026-01-11T00:06:55.871784,26.604908999986947,30730,0.325,"Load=0.325 N, t=30730 ms"
1,2026-01-11T00:06:55.881788,26.61491240002215,30740,0.595,"Load=0.595 N, t=30740 ms"
1,2026-01-11T00:06:55.891665,26.624788200482726,30750,0.794,"Load=0.794 N, t=30750 ms"
1,2026-01-11T00:06:55.901760,26.634884300641716,30760,0.559,"Load=0.559 N, t=30760 ms"
1,2026-01-11T00:06:55.911672,26.644796900451183,30770,0.616,"Load=0.616 N, t=30770 ms"
1,2026-01-11T00:06:55.921750,26.654873800463974,30780,0.508,"Load=0.508 N, t=30780 ms"
1,2026-01-11T00:06:55.931808,26.664931400679052,30790,0.663,"Load=0.663 N, t=30790 ms"
1,2026-01-11T00:06:55.941691,26.67481500003487,30800,0.628,"Load=0.628 N, t=30800 ms"
1,2026-01-11T00:06:55.951767,26.684889900498092,30810,0.51,"Load=0.510 N, t=30810 ms"
1,2026-01-11T00:06:55.961634,26.6947579998523,30820,0.544,"Load=0.544 N, t=30820 ms"
1,2026-01-11T00:06:55.971621,26.704745400696993,30830,0.647,"Load=0.647 N, t=30830 ms"
1,2026-01-11T00:06:55.981596,26.714718900620937,30840,0.523,"Load=0.523 N, t=30840 ms"
1,2026-01-11T00:06:55.991699,26.724822600372136,30850,0.663,"Load=0.663 N, t=30850 ms"
1,2026-01-11T00:06:56.001780,26.734903500415385,30860,0.631,"Load=0.631 N, t=30860 ms"
1,2026-01-11T00:06:56.011763,26.744886900298297,30870,0.412,"Load=0.412 N, t=30870 ms"
1,2026-01-11T00:06:56.021762,26.754886200651526,30880,0.631,"Load=0.631 N, t=30880 ms"
1,2026-01-11T00:06:56.031776,26.764899800531566,30890,0.589,"Load=0.589 N, t=30890 ms"
1,2026-01-11T00:06:56.041587,26.774710000492632,30900,0.499,"Load=0.499 N, t=30900 ms"
1,2026-01-11T00:06:56.051728,26.78485170006752,30910,0.462,"Load=0.462 N, t=30910 ms"
1,2026-01-11T00:06:56.061782,26.794905900023878,30920,0.634,"Load=0.634 N, t=30920 ms"
1,2026-01-11T00:06:56.071759,26.804883300326765,30930,0.525,"Load=0.525 N, t=30930 ms"
1,2026-01-11T00:06:56.081836,26.81496010068804,30940,0.503,"Load=0.503 N, t=30940 ms"
1,2026-01-11T00:06:56.091797,26.824921400286257,30950,0.786,"Load=0.786 N, t=30950 ms"
1,2026-01-11T00:06:56.101599,26.83472330030054,30960,0.668,"Load=0.668 N, t=30960 ms"
1,2026-01-11T00:06:56.111813,26.8449367005378,30970,0.484,"Load=0.484 N, t=30970 ms"
1,2026-01-11T00:06:56.121807,26.854930399917066,30980,0.421,"Load=0.421 N, t=30980 ms"
1,2026-01-11T00:06:56.131775,26.864899800159037,30990,0.513,"Load=0.513 N, t=30990 ms"
1,2026-01-11T00:06:56.141799,26.874922499991953,31000,0.671,"Load=0.671 N, t=31000 ms"
1,2026-01-11T00:06:56.151774,26.88489820063114,31010,0.51,"Load=0.510 N, t=31010 ms"
1,2026-01-11T00:06:56.161664,26.89478820003569,31020,0.854,"Load=0.854 N, t=31020 ms"
1,2026-01-11T00:06:56.171816,26.9049399998039,31030,0.492,"Load=0.492 N, t=31030 ms"
1,2026-01-11T00:06:56.181726,26.914850000292063,31040,0.57,"Load=0.570 N, t=31040 ms"
1,2026-01-11T00:06:56.192777,26.92590150050819,31050,0.652,"Load=0.652 N, t=31050 ms"
1,2026-01-11T00:06:56.201808,26.93493190035224,31060,0.316,"Load=0.316 N, t=31060 ms"
1,2026-01-11T00:06:56.211771,26.94489460065961,31070,0.747,"Load=0.747 N, t=31070 ms"
1,2026-01-11T00:06:56.221850,26.954973500221968,31080,0.784,"Load=0.784 N, t=31080 ms"
1,2026-01-11T00:06:56.231790,26.964913700707257,31090,0.584,"Load=0.584 N, t=31090 ms"
1,2026-01-11T00:06:56.241802,26.974926000460982,31100,0.804,"Load=0.804 N, t=31100 ms"
1,2026-01-11T00:06:56.251679,26.98480320069939,31110,0.477,"Load=0.477 N, t=31110 ms"
1,2026-01-11T00:06:56.261727,26.994850900024176,31120,0.515,"Load=0.515 N, t=31120 ms"
1,2026-01-11T00:06:56.271755,27.00487820059061,31130,0.579,"Load=0.579 N, t=31130 ms"
1,2026-01-11T00:06:56.281776,27.014899699948728,31140,0.541,"Load=0.541 N, t=31140 ms"
1,2026-01-11T00:06:56.291796,27.02492060046643,31150,0.607,"Load=0.607 N, t=31150 ms"
1,2026-01-11T00:06:56.301792,27.034915099851787,31160,0.728,"Load=0.728 N, t=31160 ms"
1,2026-01-11T00:06:56.311838,27.044961700215936,31170,0.592,"Load=0.592 N, t=31170 ms"
1,2026-01-11T00:06:56.321812,27.054936500266194,31180,0.967,"Load=0.967 N, t=31180 ms"
1,2026-01-11T00:06:56.331790,27.064913500100374,31190,0.609,"Load=0.609 N, t=31190 ms"
1,2026-01-11T00:06:56.341800,27.074923500418663,31200,0.719,"Load=0.719 N, t=31200 ms"
1,2026-01-11T00:06:56.352652,27.085775800049305,31210,0.569,"Load=0.569 N, t=31210 ms"
1,2026-01-11T00:06:56.361709,27.094832099974155,31220,0.745,"Load=0.745 N, t=31220 ms"
1,2026-01-11T00:06:56.371782,27.10490550007671,31230,0.683,"Load=0.683 N, t=31230 ms"
1,2026-01-11T00:06:56.381799,27.11492250021547,31240,0.565,"Load=0.565 N, t=31240 ms"
1,2026-01-11T00:06:56.391794,27.124916899949312,31250,0.664,"Load=0.664 N, t=31250 ms"
1,2026-01-11T00:06:56.401790,27.134913800284266,31260,0.68,"Load=0.680 N, t=31260 ms"
1,2026-01-11T00:06:56.412622,27.145745900459588,31270,0.44,"Load=0.440 N, t=31270 ms"
1,2026-01-11T00:06:56.422732,27.155854700133204,31280,0.657,"Load=0.657 N, t=31280 ms"
1,2026-01-11T00:06:56.432090,27.1652137003839,31290,0.524,"Load=0.524 N, t=31290 ms"
1,2026-01-11T00:06:56.441847,27.174970800057054,31300,0.499,"Load=0.499 N, t=31300 ms"
1,2026-01-11T00:06:56.451643,27.184765900485218,31310,0.706,"Load=0.706 N, t=31310 ms"
1,2026-01-11T00:06:56.461657,27.19478030037135,31320,0.584,"Load=0.584 N, t=31320 ms"
1,2026-01-11T00:06:56.472753,27.20587689988315,31330,0.692,"Load=0.692 N, t=31330 ms"
1,2026-01-11T00:06:56.482608,27.215731400065124,31340,0.702,"Load=0.702 N, t=31340 ms"
1,2026-01-11T00:06:56.491675,27.224798500537872,31350,0.698,"Load=0.698 N, t=31350 ms"
1,2026-01-11T00:06:56.501697,27.23481980059296,31360,0.552,"Load=0.552 N, t=31360 ms"
1,2026-01-11T00:06:56.511665,27.24478800036013,31370,0.602,"Load=0.602 N, t=31370 ms"
1,2026-01-11T00:06:56.521655,27.254778500646353,31380,0.6,"Load=0.600 N, t=31380 ms"
1,2026-01-11T00:06:56.532730,27.265853100456297,31390,0.554,"Load=0.554 N, t=31390 ms"
1,2026-01-11T00:06:56.542872,27.275995600037277,31400,0.522,"Load=0.522 N, t=31400 ms"
1,2026-01-11T00:06:56.552036,27.285158900544047,31410,0.781,"Load=0.781 N, t=31410 ms"
1,2026-01-11T00:06:56.561804,27.294927700422704,31420,0.996,"Load=0.996 N, t=31420 ms"
1,2026-01-11T00:06:56.571919,27.305043100379407,31430,0.449,"Load=0.449 N, t=31430 ms"
1,2026-01-11T00:06:56.581745,27.3148688999936,31440,0.709,"Load=0.709 N, t=31440 ms"
1,2026-01-11T00:06:56.592689,27.32581270020455,31450,0.765,"Load=0.765 N, t=31450 ms"
1,2026-01-11T00:06:56.602719,27.335842600092292,31460,0.505,"Load=0.505 N, t=31460 ms"
1,2026-01-11T00:06:56.612595,27.34571829997003,31470,0.525,"Load=0.525 N, t=31470 ms"
1,2026-01-11T00:06:56.621784,27.354907300323248,31480,1.131,"Load=1.131 N, t=31480 ms"
1,2026-01-11T00:06:56.631682,27.364805200137198,31490,0.511,"Load=0.511 N, t=31490 ms"
1,2026-01-11T00:06:56.641757,27.374880200251937,31500,0.709,"Load=0.709 N, t=31500 ms"
1,2026-01-11T00:06:56.652729,27.38585210032761,31510,0.83,"Load=0.830 N, t=31510 ms"
1,2026-01-11T00:06:56.662601,27.395724800415337,31520,0.727,"Load=0.727 N, t=31520 ms"
1,2026-01-11T00:06:56.672715,27.405837800353765,31530,0.539,"Load=0.539 N, t=31530 ms"
1,2026-01-11T00:06:56.681791,27.414913800545037,31540,0.727,"Load=0.727 N, t=31540 ms"
1,2026-01-11T00:06:56.691885,27.425008600577712,31550,0.544,"Load=0.544 N, t=31550 ms"
1,2026-01-11T00:06:56.701775,27.434898000210524,31560,0.616,"Load=0.616 N, t=31560 ms"
1,2026-01-11T00:06:56.712736,27.445859500207007,31570,0.507,"Load=0.507 N, t=31570 ms"
1,2026-01-11T00:06:56.722739,27.455861700698733,31580,0.567,"Load=0.567 N, t=31580 ms"
1,2026-01-11T00:06:56.732621,27.46574310027063,31590,0.543,"Load=0.543 N, t=31590 ms"
1,2026-01-11T00:06:56.741666,27.474789300002158,31600,0.655,"Load=0.655 N, t=31600 ms"
1,2026-01-11T00:06:56.751838,27.484961399808526,31610,0.648,"Load=0.648 N, t=31610 ms"
1,2026-01-11T00:06:56.761798,27.494921300560236,31620,0.578,"Load=0.578 N, t=31620 ms"
1,2026-01-11T00:06:56.772857,27.505980100482702,31630,0.698,"Load=0.698 N, t=31630 ms"
1,2026-01-11T00:06:56.782742,27.515865299850702,31640,0.415,"Load=0.415 N, t=31640 ms"
1,2026-01-11T00:06:56.792577,27.52570000011474,31650,0.625,"Load=0.625 N, t=31650 ms"
1,2026-01-11T00:06:56.802556,27.53567870054394,31660,0.554,"Load=0.554 N, t=31660 ms"
1,2026-01-11T00:06:56.811851,27.54497400019318,31670,0.59,"Load=0.590 N, t=31670 ms"
1,2026-01-11T00:06:56.821766,27.55488929990679,31680,0.607,"Load=0.607 N, t=31680 ms"
1,2026-01-11T00:06:56.832915,27.566037200391293,31690,0.706,"Load=0.706 N, t=31690 ms"
1,2026-01-11T00:06:56.842768,27.57589180022478,31700,0.753,"Load=0.753 N, t=31700 ms"
1,2026-01-11T00:06:56.852727,27.58585110027343,31710,0.667,"Load=0.667 N, t=31710 ms"
1,2026-01-11T00:06:56.862563,27.595685800537467,31720,0.515,"Load=0.515 N, t=31720 ms"
1,2026-01-11T00:06:56.871819,27.60494160000235,31730,0.668,"Load=0.668 N, t=31730 ms"
1,2026-01-11T00:06:56.881810,27.6149335000664,31740,0.59,"Load=0.590 N, t=31740 ms"
1,2026-01-11T00:06:56.892771,27.62589430063963,31750,0.698,"Load=0.698 N, t=31750 ms"
1,2026-01-11T00:06:56.902698,27.635821199975908,31760,0.642,"Load=0.642 N, t=31760 ms"
1,2026-01-11T00:06:56.912734,27.64585749991238,31770,0.614,"Load=0.614 N, t=31770 ms"
1,2026-01-11T00:06:56.922706,27.655828299932182,31780,0.541,"Load=0.541 N, t=31780 ms"
1,2026-01-11T00:06:56.932733,27.66585610061884,31790,0.585,"Load=0.585 N, t=31790 ms"
1,2026-01-11T00:06:56.941817,27.67494110018015,31800,0.578,"Load=0.578 N, t=31800 ms"
1,2026-01-11T00:06:56.952721,27.6858443999663,31810,0.675,"Load=0.675 N, t=31810 ms"
1,2026-01-11T00:06:56.962773,27.69589660037309,31820,0.825,"Load=0.825 N, t=31820 ms"
1,2026-01-11T00:06:56.972782,27.70590510033071,31830,0.76,"Load=0.760 N, t=31830 ms"
1,2026-01-11T00:06:56.982690,27.715812500566244,31840,0.479,"Load=0.479 N, t=31840 ms"
1,2026-01-11T00:06:56.992721,27.72584480047226,31850,0.74,"Load=0.740 N, t=31850 ms"
1,2026-01-11T00:06:57.002786,27.73590929992497,31860,0.732,"Load=0.732 N, t=31860 ms"
1,2026-01-11T00:06:57.012780,27.74590240046382,31870,0.636,"Load=0.636 N, t=31870 ms"
1,2026-01-11T00:06:57.022793,27.755915500223637,31880,0.642,"Load=0.642 N, t=31880 ms"
1,2026-01-11T00:06:57.032755,27.765877599827945,31890,0.701,"Load=0.701 N, t=31890 ms"
1,2026-01-11T00:06:57.042759,27.775880900211632,31900,0.611,"Load=0.611 N, t=31900 ms"
1,2026-01-11T00:06:57.052755,27.785877500660717,31910,0.753,"Load=0.753 N, t=31910 ms"
1,2026-01-11T00:06:57.062962,27.796084600500762,31920,0.753,"Load=0.753 N, t=31920 ms"
1,2026-01-11T00:06:57.072896,27.806019300594926,31930,0.794,"Load=0.794 N, t=31930 ms"
1,2026-01-11T00:06:57.082777,27.815899300388992,31940,0.484,"Load=0.484 N, t=31940 ms"
1,2026-01-11T00:06:57.092875,27.825997600331903,31950,0.538,"Load=0.538 N, t=31950 ms"
1,2026-01-11T00:06:57.102875,27.835998400114477,31960,0.841,"Load=0.841 N, t=31960 ms"
1,2026-01-11T00:06:57.112630,27.845751699991524,31970,0.621,"Load=0.621 N, t=31970 ms"
1,2026-01-11T00:06:57.122778,27.855900400318205,31980,0.691,"Load=0.691 N, t=31980 ms"
1,2026-01-11T00:06:57.132682,27.865804799832404,31990,0.743,"Load=0.743 N, t=31990 ms"
1,2026-01-11T00:06:57.142757,27.875878900289536,32000,0.577,"Load=0.577 N, t=32000 ms"
1,2026-01-11T00:06:57.152758,27.885880400426686,32010,0.686,"Load=0.686 N, t=32010 ms"
1,2026-01-11T00:06:57.162634,27.89575649984181,32020,0.781,"Load=0.781 N, t=32020 ms"
1,2026-01-11T00:06:57.172714,27.905836599878967,32030,0.593,"Load=0.593 N, t=32030 ms"
1,2026-01-11T00:06:57.182828,27.915951000526547,32040,0.598,"Load=0.598 N, t=32040 ms"
1,2026-01-11T00:06:57.192990,27.926112200133502,32050,0.701,"Load=0.701 N, t=32050 ms"
1,2026-01-11T00:06:57.202688,27.935809600166976,32060,0.595,"Load=0.595 N, t=32060 ms"
1,2026-01-11T00:06:57.212772,27.945894800126553,32070,0.526,"Load=0.526 N, t=32070 ms"
1,2026-01-11T00:06:57.222623,27.95574580039829,32080,0.721,"Load=0.721 N, t=32080 ms"
1,2026-01-11T00:06:57.232763,27.96588550042361,32090,0.665,"Load=0.665 N, t=32090 ms"
1,2026-01-11T00:06:57.242811,27.975934199988842,32100,0.597,"Load=0.597 N, t=32100 ms"
1,2026-01-11T00:06:57.252768,27.9858910003677,32110,0.62,"Load=0.620 N, t=32110 ms"
1,2026-01-11T00:06:57.262797,27.995919200591743,32120,0.667,"Load=0.667 N, t=32120 ms"
1,2026-01-11T00:06:57.272791,28.005913800559938,32130,0.515,"Load=0.515 N, t=32130 ms"
1,2026-01-11T00:06:57.282820,28.01594220008701,32140,0.461,"Load=0.461 N, t=32140 ms"
1,2026-01-11T00:06:57.292720,28.02584270015359,32150,0.588,"Load=0.588 N, t=32150 ms"
1,2026-01-11T00:06:57.302805,28.035927600227296,32160,0.468,"Load=0.468 N, t=32160 ms"
1,2026-01-11T00:06:57.312994,28.04611670039594,32170,0.712,"Load=0.712 N, t=32170 ms"
1,2026-01-11T00:06:57.322925,28.056047500111163,32180,0.552,"Load=0.552 N, t=32180 ms"
1,2026-01-11T00:06:57.332894,28.066014099866152,32190,1.123,"Load=1.123 N, t=32190 ms"
1,2026-01-11T00:06:57.342757,28.075878700241446,32200,0.69,"Load=0.690 N, t=32200 ms"
1,2026-01-11T00:06:57.352615,28.085737500339746,32210,0.541,"Load=0.541 N, t=32210 ms"
1,2026-01-11T00:06:57.362688,28.095810499973595,32220,0.864,"Load=0.864 N, t=32220 ms"
1,2026-01-11T00:06:57.373615,28.106737500056624,32230,0.68,"Load=0.680 N, t=32230 ms"
1,2026-01-11T00:06:57.382715,28.115837899968028,32240,0.802,"Load=0.802 N, t=32240 ms"
1,2026-01-11T00:06:57.392782,28.125904300250113,32250,0.652,"Load=0.652 N, t=32250 ms"
1,2026-01-11T00:06:57.402747,28.135869200341403,32260,0.668,"Load=0.668 N, t=32260 ms"
1,2026-01-11T00:06:57.412782,28.145905200392008,32270,0.733,"Load=0.733 N, t=32270 ms"
1,2026-01-11T00:06:57.422786,28.155908100306988,32280,0.669,"Load=0.669 N, t=32280 ms"
1,2026-01-11T00:06:57.432698,28.165820000693202,32290,0.798,"Load=0.798 N, t=32290 ms"
1,2026-01-11T00:06:57.442700,28.175822200253606,32300,1.019,"Load=1.019 N, t=32300 ms"
1,2026-01-11T00:06:57.452658,28.185780100524426,32310,1.067,"Load=1.067 N, t=32310 ms"
1,2026-01-11T00:06:57.462666,28.1957888007164,32320,0.686,"Load=0.686 N, t=32320 ms"
1,2026-01-11T00:06:57.472640,28.205762900412083,32330,0.874,"Load=0.874 N, t=32330 ms"
1,2026-01-11T00:06:57.482826,28.215947600081563,32340,0.756,"Load=0.756 N, t=32340 ms"
1,2026-01-11T00:06:57.492785,28.225907700136304,32350,0.879,"Load=0.879 N, t=32350 ms"
1,2026-01-11T00:06:57.502829,28.2359512001276,32360,0.639,"Load=0.639 N, t=32360 ms"
1,2026-01-11T00:06:57.512801,28.24592289980501,32370,0.702,"Load=0.702 N, t=32370 ms"
1,2026-01-11T00:06:57.522780,28.255902600474656,32380,1.124,"Load=1.124 N, t=32380 ms"
1,2026-01-11T00:06:57.532616,28.265737400390208,32390,0.651,"Load=0.651 N, t=32390 ms"
1,2026-01-11T00:06:57.542805,28.27592710033059,32400,1.073,"Load=1.073 N, t=32400 ms"
1,2026-01-11T00:06:57.552815,28.285937000066042,32410,0.712,"Load=0.712 N, t=32410 ms"
1,2026-01-11T00:06:57.562767,28.295890100300312,32420,0.671,"Load=0.671 N, t=32420 ms"
1,2026-01-11T00:06:57.572955,28.30607660021633,32430,0.719,"Load=0.719 N, t=32430 ms"
1,2026-01-11T00:06:57.582912,28.316033800132573,32440,0.675,"Load=0.675 N, t=32440 ms"
1,2026-01-11T00:06:57.593626,28.326747700572014,32450,0.744,"Load=0.744 N, t=32450 ms"
1,2026-01-11T00:06:57.602788,28.335910700261593,32460,0.599,"Load=0.599 N, t=32460 ms"
1,2026-01-11T00:06:57.612810,28.345932099968195,32470,0.61,"Load=0.610 N, t=32470 ms"
1,2026-01-11T00:06:57.622779,28.355900700204074,32480,0.707,"Load=0.707 N, t=32480 ms"
1,2026-01-11T00:06:57.632814,28.365936799906194,32490,0.827,"Load=0.827 N, t=32490 ms"
1,2026-01-11T00:06:57.642766,28.37588840071112,32500,0.829,"Load=0.829 N, t=32500 ms"
1,2026-01-11T00:06:57.653650,28.386771600693464,32510,0.804,"Load=0.804 N, t=32510 ms"
1,2026-01-11T00:06:57.663587,28.39670949988067,32520,0.637,"Load=0.637 N, t=32520 ms"
1,2026-01-11T00:06:57.672827,28.405948400497437,32530,0.577,"Load=0.577 N, t=32530 ms"
1,2026-01-11T00:06:57.682796,28.41591770015657,32540,0.936,"Load=0.936 N, t=32540 ms"
1,2026-01-11T00:06:57.692678,28.425800300203264,32550,0.54,"Load=0.540 N, t=32550 ms"
1,2026-01-11T00:06:57.702686,28.4358072001487,32560,0.645,"Load=0.645 N, t=32560 ms"
1,2026-01-11T00:06:57.713668,28.446790300309658,32570,0.515,"Load=0.515 N, t=32570 ms"
1,2026-01-11T00:06:57.723700,28.45682130008936,32580,0.621,"Load=0.621 N, t=32580 ms"
1,2026-01-11T00:06:57.732796,28.46591840032488,32590,0.693,"Load=0.693 N, t=32590 ms"
1,2026-01-11T00:06:57.742960,28.476082200184464,32600,0.683,"Load=0.683 N, t=32600 ms"
1,2026-01-11T00:06:57.752801,28.48592370003462,32610,0.507,"Load=0.507 N, t=32610 ms"
1,2026-01-11T00:06:57.762793,28.495915399864316,32620,0.74,"Load=0.740 N, t=32620 ms"
1,2026-01-11T00:06:57.773639,28.506761100143194,32630,0.642,"Load=0.642 N, t=32630 ms"
1,2026-01-11T00:06:57.783565,28.516687400639057,32640,0.61,"Load=0.610 N, t=32640 ms"
1,2026-01-11T00:06:57.792713,28.525834900327027,32650,0.778,"Load=0.778 N, t=32650 ms"
1,2026-01-11T00:06:57.802789,28.535911000333726,32660,0.64,"Load=0.640 N, t=32660 ms"
1,2026-01-11T00:06:57.812656,28.545777900144458,32670,0.68,"Load=0.680 N, t=32670 ms"
1,2026-01-11T00:06:57.822813,28.555934200063348,32680,0.574,"Load=0.574 N, t=32680 ms"
1,2026-01-11T00:06:57.833680,28.56680200062692,32690,0.802,"Load=0.802 N, t=32690 ms"
1,2026-01-11T00:06:57.843579,28.57670080009848,32700,0.603,"Load=0.603 N, t=32700 ms"
1,2026-01-11T00:06:57.852812,28.585934100672603,32710,0.601,"Load=0.601 N, t=32710 ms"
1,2026-01-11T00:06:57.862799,28.595920400694013,32720,0.68,"Load=0.680 N, t=32720 ms"
1,2026-01-11T00:06:57.872802,28.605923800729215,32730,0.64,"Load=0.640 N, t=32730 ms"
1,2026-01-11T00:06:57.882783,28.615905200131238,32740,0.836,"Load=0.836 N, t=32740 ms"
1,2026-01-11T00:06:57.893615,28.626736800186336,32750,0.552,"Load=0.552 N, t=32750 ms"
1,2026-01-11T00:06:57.903574,28.636695500463247,32760,0.871,"Load=0.871 N, t=32760 ms"
1,2026-01-11T00:06:57.912753,28.645874400623143,32770,0.609,"Load=0.609 N, t=32770 ms"
1,2026-01-11T00:06:57.922892,28.65601330064237,32780,0.745,"Load=0.745 N, t=32780 ms"
1,2026-01-11T00:06:57.932797,28.665918900631368,32790,0.655,"Load=0.655 N, t=32790 ms"
1,2026-01-11T00:06:57.942833,28.675955399870872,32800,0.825,"Load=0.825 N, t=32800 ms"
1,2026-01-11T00:06:57.953631,28.686753100715578,32810,0.732,"Load=0.732 N, t=32810 ms"
1,2026-01-11T00:06:57.963554,28.696675600484014,32820,0.859,"Load=0.859 N, t=32820 ms"
1,2026-01-11T00:06:57.972862,28.705983799882233,32830,0.807,"Load=0.807 N, t=32830 ms"
1,2026-01-11T00:06:57.982805,28.715926500037313,32840,0.428,"Load=0.428 N, t=32840 ms"
1,2026-01-11T00:06:57.992835,28.725956900045276,32850,0.838,"Load=0.838 N, t=32850 ms"
1,2026-01-11T00:06:58.002793,28.73591409996152,32860,0.575,"Load=0.575 N, t=32860 ms"
1,2026-01-11T00:06:58.013821,28.746942900121212,32870,0.693,"Load=0.693 N, t=32870 ms"
1,2026-01-11T00:06:58.023583,28.756705000065267,32880,1.012,"Load=1.012 N, t=32880 ms"
1,2026-01-11T00:06:58.032640,28.765761700458825,32890,0.567,"Load=0.567 N, t=32890 ms"
1,2026-01-11T00:06:58.042848,28.77596880029887,32900,1.148,"Load=1.148 N, t=32900 ms"
1,2026-01-11T00:06:58.052788,28.785910200327635,32910,0.59,"Load=0.590 N, t=32910 ms"
1,2026-01-11T00:06:58.062908,28.79602969996631,32920,0.639,"Load=0.639 N, t=32920 ms"
1,2026-01-11T00:06:58.073614,28.80673550069332,32930,0.511,"Load=0.511 N, t=32930 ms"
1,2026-01-11T00:06:58.083542,28.816663900390267,32940,0.596,"Load=0.596 N, t=32940 ms"
1,2026-01-11T00:06:58.092821,28.82594250049442,32950,1.042,"Load=1.042 N, t=32950 ms"
1,2026-01-11T00:06:58.102643,28.83576470054686,32960,0.66,"Load=0.660 N, t=32960 ms"
1,2026-01-11T00:06:58.112797,28.845918900333345,32970,0.64,"Load=0.640 N, t=32970 ms"
1,2026-01-11T00:06:58.122789,28.855910699814558,32980,0.611,"Load=0.611 N, t=32980 ms"
1,2026-01-11T00:06:58.133726,28.866847900673747,32990,0.699,"Load=0.699 N, t=32990 ms"
1,2026-01-11T00:06:58.143671,28.876792000606656,33000,0.48,"Load=0.480 N, t=33000 ms"
1,2026-01-11T00:06:58.153665,28.886785600334406,33010,0.621,"Load=0.621 N, t=33010 ms"
1,2026-01-11T00:06:58.163656,28.896777500398457,33020,0.724,"Load=0.724 N, t=33020 ms"
1,2026-01-11T00:06:58.172971,28.90609010029584,33030,0.769,"Load=0.769 N, t=33030 ms"
1,2026-01-11T00:06:58.182729,28.915850800462067,33040,0.753,"Load=0.753 N, t=33040 ms"
1,2026-01-11T00:06:58.193952,28.927072600461543,33050,0.778,"Load=0.778 N, t=33050 ms"
1,2026-01-11T00:06:58.203718,28.93683909997344,33060,0.744,"Load=0.744 N, t=33060 ms"
1,2026-01-11T00:06:58.213571,28.946692599914968,33070,0.593,"Load=0.593 N, t=33070 ms"
1,2026-01-11T00:06:58.222775,28.95589670073241,33080,0.716,"Load=0.716 N, t=33080 ms"
1,2026-01-11T00:06:58.232677,28.965798700228333,33090,0.781,"Load=0.781 N, t=33090 ms"
1,2026-01-11T00:06:58.242697,28.97581860050559,33100,0.556,"Load=0.556 N, t=33100 ms"
1,2026-01-11T00:06:58.253698,28.9868199005723,33110,0.585,"Load=0.585 N, t=33110 ms"
1,2026-01-11T00:06:58.263777,28.996898000128567,33120,0.716,"Load=0.716 N, t=33120 ms"
1,2026-01-11T00:06:58.273632,29.0067536002025,33130,0.658,"Load=0.658 N, t=33130 ms"
1,2026-01-11T00:06:58.283612,29.016733100637794,33140,0.748,"Load=0.748 N, t=33140 ms"
1,2026-01-11T00:06:58.292789,29.025910099968314,33150,0.683,"Load=0.683 N, t=33150 ms"
1,2026-01-11T00:06:58.302812,29.035933800041676,33160,0.688,"Load=0.688 N, t=33160 ms"
1,2026-01-11T00:06:58.313659,29.04678039997816,33170,0.667,"Load=0.667 N, t=33170 ms"
1,2026-01-11T00:06:58.323685,29.05680700019002,33180,0.731,"Load=0.731 N, t=33180 ms"
1,2026-01-11T00:06:58.333598,29.06671840045601,33190,0.944,"Load=0.944 N, t=33190 ms"
1,2026-01-11T00:06:58.343629,29.076750500127673,33200,0.678,"Load=0.678 N, t=33200 ms"
1,2026-01-11T00:06:58.352810,29.085931700654328,33210,0.802,"Load=0.802 N, t=33210 ms"
1,2026-01-11T00:06:58.362810,29.095931299962103,33220,0.634,"Load=0.634 N, t=33220 ms"
1,2026-01-11T00:06:58.374028,29.107148700393736,33230,0.774,"Load=0.774 N, t=33230 ms"
1,2026-01-11T00:06:58.383648,29.11676979996264,33240,0.701,"Load=0.701 N, t=33240 ms"
1,2026-01-11T00:06:58.393633,29.12675390020013,33250,0.601,"Load=0.601 N, t=33250 ms"
1,2026-01-11T00:06:58.403607,29.13672810047865,33260,0.733,"Load=0.733 N, t=33260 ms"
1,2026-01-11T00:06:58.412813,29.14593470003456,33270,0.665,"Load=0.665 N, t=33270 ms"
1,2026-01-11T00:06:58.422702,29.155823100358248,33280,0.503,"Load=0.503 N, t=33280 ms"
1,2026-01-11T00:06:58.433687,29.166808200068772,33290,0.603,"Load=0.603 N, t=33290 ms"
1,2026-01-11T00:06:58.443623,29.176744299940765,33300,0.778,"Load=0.778 N, t=33300 ms"
1,2026-01-11T00:06:58.453822,29.186942299827933,33310,0.89,"Load=0.890 N, t=33310 ms"
1,2026-01-11T00:06:58.463570,29.196691400371492,33320,0.732,"Load=0.732 N, t=33320 ms"
1,2026-01-11T00:06:58.473628,29.20674900058657,33330,0.686,"Load=0.686 N, t=33330 ms"
1,2026-01-11T00:06:58.483607,29.216727999970317,33340,0.749,"Load=0.749 N, t=33340 ms"
1,2026-01-11T00:06:58.493671,29.226792099885643,33350,0.751,"Load=0.751 N, t=33350 ms"
1,2026-01-11T00:06:58.503662,29.236783199943602,33360,0.712,"Load=0.712 N, t=33360 ms"
1,2026-01-11T00:06:58.513617,29.246737600304186,33370,0.727,"Load=0.727 N, t=33370 ms"
1,2026-01-11T00:06:58.523625,29.256746400147676,33380,0.616,"Load=0.616 N, t=33380 ms"
1,2026-01-11T00:06:58.533699,29.26682069990784,33390,0.556,"Load=0.556 N, t=33390 ms"
1,2026-01-11T00:06:58.543696,29.27681570034474,33400,0.655,"Load=0.655 N, t=33400 ms"
1,2026-01-11T00:06:58.553673,29.286794500425458,33410,0.74,"Load=0.740 N, t=33410 ms"
1,2026-01-11T00:06:58.563629,29.296750300563872,33420,0.874,"Load=0.874 N, t=33420 ms"
1,2026-01-11T00:06:58.573657,29.306778700090945,33430,0.727,"Load=0.727 N, t=33430 ms"
1,2026-01-11T00:06:58.583604,29.316723600029945,33440,0.774,"Load=0.774 N, t=33440 ms"
1,2026-01-11T00:06:58.593576,29.32669709995389,33450,0.649,"Load=0.649 N, t=33450 ms"
1,2026-01-11T00:06:58.603703,29.336824300698936,33460,0.902,"Load=0.902 N, t=33460 ms"
1,2026-01-11T00:06:58.613658,29.34677840024233,33470,0.715,"Load=0.715 N, t=33470 ms"
1,2026-01-11T00:06:58.623631,29.356751800514758,33480,0.662,"Load=0.662 N, t=33480 ms"
1,2026-01-11T00:06:58.633676,29.366797200404108,33490,0.758,"Load=0.758 N, t=33490 ms"
1,2026-01-11T00:06:58.643622,29.376743000000715,33500,0.885,"Load=0.885 N, t=33500 ms"
1,2026-01-11T00:06:58.653636,29.386756000109017,33510,0.776,"Load=0.776 N, t=33510 ms"
1,2026-01-11T00:06:58.663660,29.396781099960208,33520,1.003,"Load=1.003 N, t=33520 ms"
1,2026-01-11T00:06:58.673760,29.406880999915302,33530,0.87,"Load=0.870 N, t=33530 ms"
1,2026-01-11T00:06:58.683698,29.416819100268185,33540,0.852,"Load=0.852 N, t=33540 ms"
1,2026-01-11T00:06:58.693691,29.426812500692904,33550,0.56,"Load=0.560 N, t=33550 ms"
1,2026-01-11T00:06:58.703625,29.436745500192046,33560,0.662,"Load=0.662 N, t=33560 ms"
1,2026-01-11T00:06:58.713624,29.44674520008266,33570,0.671,"Load=0.671 N, t=33570 ms"
1,2026-01-11T00:06:58.723633,29.456754700280726,33580,0.802,"Load=0.802 N, t=33580 ms"
1,2026-01-11T00:06:58.733701,29.46682110056281,33590,0.717,"Load=0.717 N, t=33590 ms"
1,2026-01-11T00:06:58.743623,29.47674350067973,33600,0.601,"Load=0.601 N, t=33600 ms"
1,2026-01-11T00:06:58.753686,29.486806600354612,33610,0.861,"Load=0.861 N, t=33610 ms"
1,2026-01-11T00:06:58.763654,29.496774000115693,33620,0.518,"Load=0.518 N, t=33620 ms"
1,2026-01-11T00:06:58.773628,29.50674920063466,33630,0.853,"Load=0.853 N, t=33630 ms"
1,2026-01-11T00:06:58.783657,29.516778700053692,33640,0.882,"Load=0.882 N, t=33640 ms"
1,2026-01-11T00:06:58.793672,29.526791900396347,33650,0.952,"Load=0.952 N, t=33650 ms"
1,2026-01-11T00:06:58.803668,29.53678830061108,33660,0.809,"Load=0.809 N, t=33660 ms"
1,2026-01-11T00:06:58.813704,29.546824300661683,33670,0.673,"Load=0.673 N, t=33670 ms"
1,2026-01-11T00:06:58.823647,29.55676779989153,33680,1.096,"Load=1.096 N, t=33680 ms"
1,2026-01-11T00:06:58.833637,29.566757400520146,33690,1.134,"Load=1.134 N, t=33690 ms"
1,2026-01-11T00:06:58.843635,29.57675589993596,33700,0.767,"Load=0.767 N, t=33700 ms"
1,2026-01-11T00:06:58.853674,29.586793799884617,33710,0.784,"Load=0.784 N, t=33710 ms"
1,2026-01-11T00:06:58.863830,29.59695059992373,33720,0.655,"Load=0.655 N, t=33720 ms"
1,2026-01-11T00:06:58.873742,29.606862500309944,33730,0.755,"Load=0.755 N, t=33730 ms"
1,2026-01-11T00:06:58.883678,29.61679880041629,33740,1.001,"Load=1.001 N, t=33740 ms"
1,2026-01-11T00:06:58.893756,29.626876200549304,33750,0.606,"Load=0.606 N, t=33750 ms"
1,2026-01-11T00:06:58.903682,29.63680240046233,33760,0.747,"Load=0.747 N, t=33760 ms"
1,2026-01-11T00:06:58.913696,29.646817000582814,33770,0.771,"Load=0.771 N, t=33770 ms"
1,2026-01-11T00:06:58.923633,29.65675280056894,33780,0.795,"Load=0.795 N, t=33780 ms"
1,2026-01-11T00:06:58.933665,29.666785600595176,33790,0.764,"Load=0.764 N, t=33790 ms"
1,2026-01-11T00:06:58.943747,29.676866699941456,33800,0.585,"Load=0.585 N, t=33800 ms"
1,2026-01-11T00:06:58.953748,29.686867800541222,33810,0.769,"Load=0.769 N, t=33810 ms"
1,2026-01-11T00:06:58.963754,29.69687350001186,33820,0.617,"Load=0.617 N, t=33820 ms"
1,2026-01-11T00:06:58.973710,29.70683000050485,33830,0.818,"Load=0.818 N, t=33830 ms"
1,2026-01-11T00:06:58.983936,29.71705640014261,33840,0.742,"Load=0.742 N, t=33840 ms"
1,2026-01-11T00:06:58.993661,29.726782300509512,33850,0.838,"Load=0.838 N, t=33850 ms"
1,2026-01-11T00:06:59.003662,29.736781700514257,33860,0.811,"Load=0.811 N, t=33860 ms"
1,2026-01-11T00:06:59.013659,29.746778500266373,33870,0.787,"Load=0.787 N, t=33870 ms"
1,2026-01-11T00:06:59.023720,29.75684120040387,33880,0.84,"Load=0.840 N, t=33880 ms"
1,2026-01-11T00:06:59.033751,29.766871300525963,33890,0.902,"Load=0.902 N, t=33890 ms"
1,2026-01-11T00:06:59.043650,29.776769700460136,33900,0.742,"Load=0.742 N, t=33900 ms"
1,2026-01-11T00:06:59.053647,29.78676680009812,33910,0.841,"Load=0.841 N, t=33910 ms"
1,2026-01-11T00:06:59.063656,29.796777499839664,33920,0.64,"Load=0.640 N, t=33920 ms"
1,2026-01-11T00:06:59.073716,29.80683649983257,33930,0.789,"Load=0.789 N, t=33930 ms"
1,2026-01-11T00:06:59.083733,29.816852999851108,33940,0.971,"Load=0.971 N, t=33940 ms"
1,2026-01-11T00:06:59.093921,29.82704079989344,33950,0.598,"Load=0.598 N, t=33950 ms"
1,2026-01-11T00:06:59.103659,29.836780100129545,33960,0.804,"Load=0.804 N, t=33960 ms"
1,2026-01-11T00:06:59.113654,29.846773800440133,33970,0.882,"Load=0.882 N, t=33970 ms"
1,2026-01-11T00:06:59.123604,29.856724199838936,33980,0.89,"Load=0.890 N, t=33980 ms"
1,2026-01-11T00:06:59.133607,29.866727800108492,33990,0.74,"Load=0.740 N, t=33990 ms"
1,2026-01-11T00:06:59.143658,29.876778700388968,34000,0.608,"Load=0.608 N, t=34000 ms"
1,2026-01-11T00:06:59.153795,29.886915099807084,34010,0.996,"Load=0.996 N, t=34010 ms"
1,2026-01-11T00:06:59.163614,29.89673440065235,34020,0.98,"Load=0.980 N, t=34020 ms"
1,2026-01-11T00:06:59.173650,29.90676960069686,34030,0.892,"Load=0.892 N, t=34030 ms"
1,2026-01-11T00:06:59.183666,29.91678630001843,34040,0.799,"Load=0.799 N, t=34040 ms"
1,2026-01-11T00:06:59.193711,29.92683110013604,34050,0.681,"Load=0.681 N, t=34050 ms"
1,2026-01-11T00:06:59.203701,29.936821600422263,34060,0.788,"Load=0.788 N, t=34060 ms"
1,2026-01-11T00:06:59.213975,29.947094299830496,34070,0.9,"Load=0.900 N, t=34070 ms"
1,2026-01-11T00:06:59.223688,29.95680799987167,34080,0.89,"Load=0.890 N, t=34080 ms"
1,2026-01-11T00:06:59.233650,29.96676990017295,34090,0.689,"Load=0.689 N, t=34090 ms"
1,2026-01-11T00:06:59.243685,29.976804899983108,34100,0.75,"Load=0.750 N, t=34100 ms"
1,2026-01-11T00:06:59.254865,29.987985800020397,34110,0.724,"Load=0.724 N, t=34110 ms"
1,2026-01-11T00:06:59.264727,29.997846600599587,34120,0.618,"Load=0.618 N, t=34120 ms"
1,2026-01-11T00:06:59.273718,30.00683860015124,34130,0.791,"Load=0.791 N, t=34130 ms"
1,2026-01-11T00:06:59.283838,30.01695859991014,34140,0.952,"Load=0.952 N, t=34140 ms"
1,2026-01-11T00:06:59.293671,30.02679120004177,34150,0.732,"Load=0.732 N, t=34150 ms"
1,2026-01-11T00:06:59.303657,30.036776900291443,34160,0.804,"Load=0.804 N, t=34160 ms"
1,2026-01-11T00:06:59.314731,30.047850499860942,34170,0.741,"Load=0.741 N, t=34170 ms"
1,2026-01-11T00:06:59.324712,30.057832499966025,34180,0.897,"Load=0.897 N, t=34180 ms"
1,2026-01-11T00:06:59.333848,30.066968200728297,34190,0.737,"Load=0.737 N, t=34190 ms"
1,2026-01-11T00:06:59.344687,30.077807900495827,34200,0.784,"Load=0.784 N, t=34200 ms"
1,2026-01-11T00:06:59.353666,30.086786400526762,34210,0.677,"Load=0.677 N, t=34210 ms"
1,2026-01-11T00:06:59.363731,30.09685070067644,34220,0.994,"Load=0.994 N, t=34220 ms"
1,2026-01-11T00:06:59.374630,30.10775060020387,34230,1.113,"Load=1.113 N, t=34230 ms"
1,2026-01-11T00:06:59.384676,30.11779690068215,34240,0.634,"Load=0.634 N, t=34240 ms"
1,2026-01-11T00:06:59.394754,30.127873900346458,34250,0.887,"Load=0.887 N, t=34250 ms"
1,2026-01-11T00:06:59.403748,30.13686740025878,34260,0.846,"Load=0.846 N, t=34260 ms"
1,2026-01-11T00:06:59.413711,30.14683090057224,34270,0.956,"Load=0.956 N, t=34270 ms"
1,2026-01-11T00:06:59.423663,30.156782200559974,34280,0.672,"Load=0.672 N, t=34280 ms"
1,2026-01-11T00:06:59.434756,30.1678764000535,34290,0.808,"Load=0.808 N, t=34290 ms"
1,2026-01-11T00:06:59.444778,30.177898400463164,34300,0.66,"Load=0.660 N, t=34300 ms"
1,2026-01-11T00:06:59.454729,30.187848900444806,34310,1.309,"Load=1.309 N, t=34310 ms"
1,2026-01-11T00:06:59.463743,30.196863000281155,34320,0.828,"Load=0.828 N, t=34320 ms"
1,2026-01-11T00:06:59.473683,30.20680360030383,34330,0.655,"Load=0.655 N, t=34330 ms"
1,2026-01-11T00:06:59.483690,30.2168089998886,34340,0.751,"Load=0.751 N, t=34340 ms"
1,2026-01-11T00:06:59.494738,30.227857400663197,34350,0.936,"Load=0.936 N, t=34350 ms"
1,2026-01-11T00:06:59.504757,30.237877200357616,34360,0.887,"Load=0.887 N, t=34360 ms"
1,2026-01-11T00:06:59.514752,30.247871200554073,34370,0.802,"Load=0.802 N, t=34370 ms"
1,2026-01-11T00:06:59.523720,30.25684060063213,34380,0.784,"Load=0.784 N, t=34380 ms"
1,2026-01-11T00:06:59.533709,30.26682890020311,34390,0.675,"Load=0.675 N, t=34390 ms"
1,2026-01-11T00:06:59.543806,30.276926300488412,34400,0.851,"Load=0.851 N, t=34400 ms"
1,2026-01-11T00:06:59.554690,30.287809300236404,34410,0.812,"Load=0.812 N, t=34410 ms"
1,2026-01-11T00:06:59.564761,30.29788149986416,34420,0.74,"Load=0.740 N, t=34420 ms"
1,2026-01-11T00:06:59.574640,30.307759700343013,34430,0.866,"Load=0.866 N, t=34430 ms"
1,2026-01-11T00:06:59.584842,30.31796170026064,34440,1.35,"Load=1.350 N, t=34440 ms"
1,2026-01-11T00:06:59.593636,30.326755399815738,34450,1.162,"Load=1.162 N, t=34450 ms"
1,2026-01-11T00:06:59.603626,30.336746300570667,34460,0.934,"Load=0.934 N, t=34460 ms"
1,2026-01-11T00:06:59.614744,30.34786370024085,34470,0.672,"Load=0.672 N, t=34470 ms"
1,2026-01-11T00:06:59.624734,30.35785370040685,34480,0.825,"Load=0.825 N, t=34480 ms"
1,2026-01-11T00:06:59.634753,30.36787260044366,34490,0.809,"Load=0.809 N, t=34490 ms"
1,2026-01-11T00:06:59.644567,30.377686300314963,34500,0.839,"Load=0.839 N, t=34500 ms"
1,2026-01-11T00:06:59.653689,30.386808500625193,34510,0.826,"Load=0.826 N, t=34510 ms"
1,2026-01-11T00:06:59.663681,30.396801399998367,34520,0.774,"Load=0.774 N, t=34520 ms"
1,2026-01-11T00:06:59.674755,30.407874300144613,34530,0.687,"Load=0.687 N, t=34530 ms"
1,2026-01-11T00:06:59.684843,30.417963500134647,34540,0.843,"Load=0.843 N, t=34540 ms"
1,2026-01-11T00:06:59.694762,30.427881100215018,34550,0.786,"Load=0.786 N, t=34550 ms"
1,2026-01-11T00:06:59.704751,30.437870300374925,34560,0.786,"Load=0.786 N, t=34560 ms"
1,2026-01-11T00:06:59.714576,30.447695500217378,34570,0.663,"Load=0.663 N, t=34570 ms"
1,2026-01-11T00:06:59.723754,30.456873999908566,34580,0.833,"Load=0.833 N, t=34580 ms"
1,2026-01-11T00:06:59.734641,30.467760000377893,34590,0.993,"Load=0.993 N, t=34590 ms"
1,2026-01-11T00:06:59.744770,30.477889699861407,34600,0.76,"Load=0.760 N, t=34600 ms"
1,2026-01-11T00:06:59.754833,30.48795280046761,34610,1.27,"Load=1.270 N, t=34610 ms"
1,2026-01-11T00:06:59.764636,30.497755200602114,34620,0.89,"Load=0.890 N, t=34620 ms"
1,2026-01-11T00:06:59.774736,30.507855400443077,34630,0.844,"Load=0.844 N, t=34630 ms"
1,2026-01-11T00:06:59.783654,30.516773500479758,34640,0.954,"Load=0.954 N, t=34640 ms"
1,2026-01-11T00:06:59.794728,30.527847699820995,34650,0.742,"Load=0.742 N, t=34650 ms"
1,2026-01-11T00:06:59.804879,30.537998599931598,34660,0.745,"Load=0.745 N, t=34660 ms"
1,2026-01-11T00:06:59.814724,30.547842900268734,34670,1.102,"Load=1.102 N, t=34670 ms"
1,2026-01-11T00:06:59.824803,30.5579222002998,34680,0.681,"Load=0.681 N, t=34680 ms"
1,2026-01-11T00:06:59.834621,30.567739800550044,34690,0.895,"Load=0.895 N, t=34690 ms"
1,2026-01-11T00:06:59.843674,30.57679400034249,34700,0.769,"Load=0.769 N, t=34700 ms"
1,2026-01-11T00:06:59.854777,30.587897300720215,34710,0.96,"Load=0.960 N, t=34710 ms"
1,2026-01-11T00:06:59.864780,30.597898700274527,34720,1.221,"Load=1.221 N, t=34720 ms"
1,2026-01-11T00:06:59.874652,30.607770700007677,34730,0.99,"Load=0.990 N, t=34730 ms"
1,2026-01-11T00:06:59.884767,30.61788670066744,34740,0.885,"Load=0.885 N, t=34740 ms"
1,2026-01-11T00:06:59.894721,30.627840500324965,34750,0.882,"Load=0.882 N, t=34750 ms"
1,2026-01-11T00:06:59.904670,30.637790100649,34760,0.846,"Load=0.846 N, t=34760 ms"
1,2026-01-11T00:06:59.914662,30.647781600244343,34770,0.816,"Load=0.816 N, t=34770 ms"
1,2026-01-11T00:06:59.924684,30.657803600654006,34780,0.834,"Load=0.834 N, t=34780 ms"
1,2026-01-11T00:06:59.934666,30.66778500005603,34790,0.657,"Load=0.657 N, t=34790 ms"
1,2026-01-11T00:06:59.944759,30.67787879984826,34800,0.917,"Load=0.917 N, t=34800 ms"
1,2026-01-11T00:06:59.954598,30.687717400491238,34810,0.755,"Load=0.755 N, t=34810 ms"
1,2026-01-11T00:06:59.964684,30.69780360069126,34820,0.653,"Load=0.653 N, t=34820 ms"
1,2026-01-11T00:06:59.974661,30.70778030063957,34830,0.914,"Load=0.914 N, t=34830 ms"
1,2026-01-11T00:06:59.984647,30.717765499837697,34840,0.758,"Load=0.758 N, t=34840 ms"
1,2026-01-11T00:06:59.994641,30.727760700508952,34850,0.856,"Load=0.856 N, t=34850 ms"
1,2026-01-11T00:07:00.004691,30.737810600548983,34860,0.977,"Load=0.977 N, t=34860 ms"
1,2026-01-11T00:07:00.014669,30.74778790026903,34870,0.921,"Load=0.921 N, t=34870 ms"
1,2026-01-11T00:07:00.024634,30.757752700708807,34880,0.778,"Load=0.778 N, t=34880 ms"
1,2026-01-11T00:07:00.034739,30.767856700345874,34890,0.808,"Load=0.808 N, t=34890 ms"
1,2026-01-11T00:07:00.044925,30.77804320026189,34900,1.087,"Load=1.087 N, t=34900 ms"
1,2026-01-11T00:07:00.054725,30.787843700498343,34910,0.895,"Load=0.895 N, t=34910 ms"
1,2026-01-11T00:07:00.064770,30.797889100387692,34920,0.846,"Load=0.846 N, t=34920 ms"
1,2026-01-11T00:07:00.074673,30.807792000472546,34930,0.908,"Load=0.908 N, t=34930 ms"
1,2026-01-11T00:07:00.084775,30.817894800566137,34940,0.74,"Load=0.740 N, t=34940 ms"
1,2026-01-11T00:07:00.094793,30.827912900596857,34950,0.999,"Load=0.999 N, t=34950 ms"
1,2026-01-11T00:07:00.104738,30.83785769995302,34960,1.008,"Load=1.008 N, t=34960 ms"
1,2026-01-11T00:07:00.114792,30.847911600023508,34970,0.748,"Load=0.748 N, t=34970 ms"
1,2026-01-11T00:07:00.124775,30.85789450071752,34980,1.04,"Load=1.040 N, t=34980 ms"
1,2026-01-11T00:07:00.134795,30.867914100177586,34990,0.944,"Load=0.944 N, t=34990 ms"
1,2026-01-11T00:07:00.144837,30.877955500036478,35000,0.955,"Load=0.955 N, t=35000 ms"
1,2026-01-11T00:07:00.154731,30.887849600054324,35010,0.723,"Load=0.723 N, t=35010 ms"
1,2026-01-11T00:07:00.164628,30.89774790033698,35020,1.055,"Load=1.055 N, t=35020 ms"
1,2026-01-11T00:07:00.174651,30.907769500277936,35030,0.765,"Load=0.765 N, t=35030 ms"
1,2026-01-11T00:07:00.184905,30.918024100363255,35040,0.722,"Load=0.722 N, t=35040 ms"
1,2026-01-11T00:07:00.194695,30.9278146000579,35050,1.042,"Load=1.042 N, t=35050 ms"
1,2026-01-11T00:07:00.204815,30.937934400513768,35060,0.796,"Load=0.796 N, t=35060 ms"
1,2026-01-11T00:07:00.214770,30.947888900525868,35070,0.937,"Load=0.937 N, t=35070 ms"
1,2026-01-11T00:07:00.224800,30.95791990030557,35080,0.837,"Load=0.837 N, t=35080 ms"
1,2026-01-11T00:07:00.234796,30.967915100045502,35090,0.836,"Load=0.836 N, t=35090 ms"
1,2026-01-11T00:07:00.244790,30.977909500710666,35100,0.74,"Load=0.740 N, t=35100 ms"
1,2026-01-11T00:07:00.254776,30.987895499914885,35110,0.926,"Load=0.926 N, t=35110 ms"
1,2026-01-11T00:07:00.264813,30.99793240055442,35120,0.743,"Load=0.743 N, t=35120 ms"
1,2026-01-11T00:07:00.274835,31.007954699918628,35130,0.786,"Load=0.786 N, t=35130 ms"
1,2026-01-11T00:07:00.284815,31.017934100702405,35140,1.12,"Load=1.120 N, t=35140 ms"
1,2026-01-11T00:07:00.294806,31.02792439982295,35150,1.152,"Load=1.152 N, t=35150 ms"
1,2026-01-11T00:07:00.304790,31.037908600643277,35160,0.788,"Load=0.788 N, t=35160 ms"
1,2026-01-11T00:07:00.314679,31.047798099927604,35170,0.738,"Load=0.738 N, t=35170 ms"
1,2026-01-11T00:07:00.324949,31.05806769989431,35180,0.85,"Load=0.850 N, t=35180 ms"
1,2026-01-11T00:07:00.334826,31.067945000715554,35190,0.729,"Load=0.729 N, t=35190 ms"
1,2026-01-11T00:07:00.344623,31.077741799876094,35200,0.936,"Load=0.936 N, t=35200 ms"
1,2026-01-11T00:07:00.354658,31.087776600383222,35210,0.882,"Load=0.882 N, t=35210 ms"
1,2026-01-11T00:07:00.364782,31.097901100292802,35220,1.151,"Load=1.151 N, t=35220 ms"
1,2026-01-11T00:07:00.374653,31.107771600596607,35230,1.068,"Load=1.068 N, t=35230 ms"
1,2026-01-11T00:07:00.384845,31.117964699864388,35240,0.943,"Load=0.943 N, t=35240 ms"
1,2026-01-11T00:07:00.394816,31.127934800460935,35250,0.975,"Load=0.975 N, t=35250 ms"
1,2026-01-11T00:07:00.404659,31.137778299860656,35260,0.765,"Load=0.765 N, t=35260 ms"
1,2026-01-11T00:07:00.414764,31.147882600314915,35270,1.037,"Load=1.037 N, t=35270 ms"
1,2026-01-11T00:07:00.424792,31.15791040007025,35280,0.928,"Load=0.928 N, t=35280 ms"
1,2026-01-11T00:07:00.434690,31.16780909989029,35290,0.877,"Load=0.877 N, t=35290 ms"
1,2026-01-11T00:07:00.444692,31.17781009990722,35300,1.392,"Load=1.392 N, t=35300 ms"
1,2026-01-11T00:07:00.454700,31.18781779985875,35310,0.977,"Load=0.977 N, t=35310 ms"
1,2026-01-11T00:07:00.464842,31.197960500605404,35320,0.913,"Load=0.913 N, t=35320 ms"
1,2026-01-11T00:07:00.474714,31.2078323001042,35330,0.993,"Load=0.993 N, t=35330 ms"
1,2026-01-11T00:07:00.484632,31.217749800533056,35340,0.784,"Load=0.784 N, t=35340 ms"
1,2026-01-11T00:07:00.494782,31.227900399826467,35350,1.003,"Load=1.003 N, t=35350 ms"
1,2026-01-11T00:07:00.504829,31.237948200665414,35360,0.907,"Load=0.907 N, t=35360 ms"
1,2026-01-11T00:07:00.514829,31.247947200201452,35370,0.761,"Load=0.761 N, t=35370 ms"
1,2026-01-11T00:07:00.524886,31.25800530053675,35380,0.89,"Load=0.890 N, t=35380 ms"
1,2026-01-11T00:07:00.534817,31.267935200594366,35390,0.921,"Load=0.921 N, t=35390 ms"
1,2026-01-11T00:07:00.544675,31.277794000692666,35400,0.983,"Load=0.983 N, t=35400 ms"
1,2026-01-11T00:07:00.554680,31.287798600271344,35410,0.99,"Load=0.990 N, t=35410 ms"
1,2026-01-11T00:07:00.565791,31.298909900709987,35420,0.989,"Load=0.989 N, t=35420 ms"
1,2026-01-11T00:07:00.574698,31.307817400433123,35430,1.042,"Load=1.042 N, t=35430 ms"
1,2026-01-11T00:07:00.584833,31.317951600067317,35440,0.959,"Load=0.959 N, t=35440 ms"
1,2026-01-11T00:07:00.594717,31.327835900709033,35450,0.913,"Load=0.913 N, t=35450 ms"
1,2026-01-11T00:07:00.604683,31.33780170045793,35460,0.877,"Load=0.877 N, t=35460 ms"
1,2026-01-11T00:07:00.614807,31.34792510047555,35470,1.007,"Load=1.007 N, t=35470 ms"
1,2026-01-11T00:07:00.625742,31.358860299922526,35480,0.977,"Load=0.977 N, t=35480 ms"
1,2026-01-11T00:07:00.635876,31.36899400036782,35490,0.985,"Load=0.985 N, t=35490 ms"
1,2026-01-11T00:07:00.644847,31.37796530034393,35500,0.946,"Load=0.946 N, t=35500 ms"
1,2026-01-11T00:07:00.654710,31.38782860059291,35510,0.998,"Load=0.998 N, t=35510 ms"
1,2026-01-11T00:07:00.664808,31.397926799952984,35520,0.717,"Load=0.717 N, t=35520 ms"
1,2026-01-11T00:07:00.674733,31.40785160008818,35530,1.025,"Load=1.025 N, t=35530 ms"
1,2026-01-11T00:07:00.685632,31.41874979995191,35540,0.907,"Load=0.907 N, t=35540 ms"
1,2026-01-11T00:07:00.695611,31.428729999810457,35550,0.882,"Load=0.882 N, t=35550 ms"
1,2026-01-11T00:07:00.705580,31.438698399811983,35560,0.98,"Load=0.980 N, t=35560 ms"
1,2026-01-11T00:07:00.714718,31.44783650059253,35570,0.96,"Load=0.960 N, t=35570 ms"
1,2026-01-11T00:07:00.724823,31.45794130023569,35580,1.094,"Load=1.094 N, t=35580 ms"
1,2026-01-11T00:07:00.735811,31.468928900547326,35590,1.001,"Load=1.001 N, t=35590 ms"
1,2026-01-11T00:07:00.745757,31.478875500150025,35600,1.042,"Load=1.042 N, t=35600 ms"
1,2026-01-11T00:07:00.755757,31.488876100629568,35610,0.985,"Load=0.985 N, t=35610 ms"
1,2026-01-11T00:07:00.765736,31.498853799887,35620,1.083,"Load=1.083 N, t=35620 ms"
1,2026-01-11T00:07:00.774842,31.50795970018953,35630,0.989,"Load=0.989 N, t=35630 ms"
1,2026-01-11T00:07:00.784823,31.517942099832,35640,0.911,"Load=0.911 N, t=35640 ms"
1,2026-01-11T00:07:00.795644,31.528762300498784,35650,0.871,"Load=0.871 N, t=35650 ms"
1,2026-01-11T00:07:00.805695,31.538813199847937,35660,0.914,"Load=0.914 N, t=35660 ms"
1,2026-01-11T00:07:00.815781,31.54889960028231,35670,1.096,"Load=1.096 N, t=35670 ms"
1,2026-01-11T00:07:00.825685,31.55880340002477,35680,0.955,"Load=0.955 N, t=35680 ms"
1,2026-01-11T00:07:00.835721,31.5688399001956,35690,1.091,"Load=1.091 N, t=35690 ms"
1,2026-01-11T00:07:00.844777,31.577895800583065,35700,0.808,"Load=0.808 N, t=35700 ms"
1,2026-01-11T00:07:00.855783,31.588901900686324,35710,1.161,"Load=1.161 N, t=35710 ms"
1,2026-01-11T00:07:00.865770,31.59888800047338,35720,0.918,"Load=0.918 N, t=35720 ms"
1,2026-01-11T00:07:00.875736,31.60885350033641,35730,0.888,"Load=0.888 N, t=35730 ms"
1,2026-01-11T00:07:00.885657,31.6187749998644,35740,1.016,"Load=1.016 N, t=35740 ms"
1,2026-01-11T00:07:00.895740,31.628858000040054,35750,1.36,"Load=1.360 N, t=35750 ms"
1,2026-01-11T00:07:00.905571,31.63868879992515,35760,1.154,"Load=1.154 N, t=35760 ms"
1,2026-01-11T00:07:00.915640,31.64875810034573,35770,1.034,"Load=1.034 N, t=35770 ms"
1,2026-01-11T00:07:00.925722,31.658840000629425,35780,0.939,"Load=0.939 N, t=35780 ms"
1,2026-01-11T00:07:00.935640,31.668758099898696,35790,0.988,"Load=0.988 N, t=35790 ms"
1,2026-01-11T00:07:00.945665,31.678782800212502,35800,0.957,"Load=0.957 N, t=35800 ms"
1,2026-01-11T00:07:00.955651,31.688768500462174,35810,0.815,"Load=0.815 N, t=35810 ms"
1,2026-01-11T00:07:00.965606,31.698723500594497,35820,0.874,"Load=0.874 N, t=35820 ms"
1,2026-01-11T00:07:00.975733,31.708851600065827,35830,0.919,"Load=0.919 N, t=35830 ms"
1,2026-01-11T00:07:00.985659,31.71877699997276,35840,1.286,"Load=1.286 N, t=35840 ms"
1,2026-01-11T00:07:00.995797,31.728915500454605,35850,0.822,"Load=0.822 N, t=35850 ms"
1,2026-01-11T00:07:01.005798,31.73891600035131,35860,0.936,"Load=0.936 N, t=35860 ms"
1,2026-01-11T00:07:01.015688,31.748805300332606,35870,0.872,"Load=0.872 N, t=35870 ms"
1,2026-01-11T00:07:01.025765,31.758883300237358,35880,1.619,"Load=1.619 N, t=35880 ms"
1,2026-01-11T00:07:01.035683,31.768801600672305,35890,0.965,"Load=0.965 N, t=35890 ms"
1,2026-01-11T00:07:01.045663,31.77876660041511,35900,0.921,"Load=0.921 N, t=35900 ms"
1,2026-01-11T00:07:01.055653,31.788771300576627,35910,0.792,"Load=0.792 N, t=35910 ms"
1,2026-01-11T00:07:01.065639,31.79875800013542,35920,0.59,"Load=0.590 N, t=35920 ms"
1,2026-01-11T00:07:01.075809,31.808927000500262,35930,0.901,"Load=0.901 N, t=35930 ms"
1,2026-01-11T00:07:01.085764,31.818882199935615,35940,0.905,"Load=0.905 N, t=35940 ms"
1,2026-01-11T00:07:01.095964,31.829081600531936,35950,0.835,"Load=0.835 N, t=35950 ms"
1,2026-01-11T00:07:01.105838,31.838955800049007,35960,0.78,"Load=0.780 N, t=35960 ms"
1,2026-01-11T00:07:01.115754,31.84887159988284,35970,0.994,"Load=0.994 N, t=35970 ms"
1,2026-01-11T00:07:01.125793,31.858911599963903,35980,1.115,"Load=1.115 N, t=35980 ms"
1,2026-01-11T00:07:01.135840,31.8689580000937,35990,0.846,"Load=0.846 N, t=35990 ms"
1,2026-01-11T00:07:01.145696,31.8788139000535,36000,0.921,"Load=0.921 N, t=36000 ms"
1,2026-01-11T00:07:01.155745,31.88886270020157,36010,0.964,"Load=0.964 N, t=36010 ms"
1,2026-01-11T00:07:01.165933,31.899051800370216,36020,0.969,"Load=0.969 N, t=36020 ms"
1,2026-01-11T00:07:01.175929,31.909047599881887,36030,1.556,"Load=1.556 N, t=36030 ms"
1,2026-01-11T00:07:01.185851,31.918968800455332,36040,0.733,"Load=0.733 N, t=36040 ms"
1,2026-01-11T00:07:01.195896,31.929013600572944,36050,0.846,"Load=0.846 N, t=36050 ms"
1,2026-01-11T00:07:01.205706,31.938823300413787,36060,0.968,"Load=0.968 N, t=36060 ms"
1,2026-01-11T00:07:01.215762,31.94888070039451,36070,1.109,"Load=1.109 N, t=36070 ms"
1,2026-01-11T00:07:01.225734,31.958851399831474,36080,1.001,"Load=1.001 N, t=36080 ms"
1,2026-01-11T00:07:01.235757,31.968874100595713,36090,0.8,"Load=0.800 N, t=36090 ms"
1,2026-01-11T00:07:01.245730,31.97884800005704,36100,1.058,"Load=1.058 N, t=36100 ms"
1,2026-01-11T00:07:01.255917,31.98903529997915,36110,1.295,"Load=1.295 N, t=36110 ms"
1,2026-01-11T00:07:01.265776,31.99889380019158,36120,0.99,"Load=0.990 N, t=36120 ms"
1,2026-01-11T00:07:01.275944,32.0090581998229,36130,1.133,"Load=1.133 N, t=36130 ms"
1,2026-01-11T00:07:01.285656,32.01877319999039,36140,1.006,"Load=1.006 N, t=36140 ms"
1,2026-01-11T00:07:01.295692,32.02880800049752,36150,1.006,"Load=1.006 N, t=36150 ms"
1,2026-01-11T00:07:01.305784,32.038901700638235,36160,0.977,"Load=0.977 N, t=36160 ms"
1,2026-01-11T00:07:01.316730,32.04984789993614,36170,0.819,"Load=0.819 N, t=36170 ms"
1,2026-01-11T00:07:01.325794,32.05891190003604,36180,1.018,"Load=1.018 N, t=36180 ms"
1,2026-01-11T00:07:01.335821,32.068938800133765,36190,1.135,"Load=1.135 N, t=36190 ms"
1,2026-01-11T00:07:01.345811,32.07892900053412,36200,0.996,"Load=0.996 N, t=36200 ms"
1,2026-01-11T00:07:01.355717,32.08883410040289,36210,0.911,"Load=0.911 N, t=36210 ms"
1,2026-01-11T00:07:01.365669,32.0987865999341,36220,1.076,"Load=1.076 N, t=36220 ms"
1,2026-01-11T00:07:01.375734,32.10885119996965,36230,0.946,"Load=0.946 N, t=36230 ms"
1,2026-01-11T00:07:01.386614,32.11973119992763,36240,0.94,"Load=0.940 N, t=36240 ms"
1,2026-01-11T00:07:01.395890,32.12900710012764,36250,1.2,"Load=1.200 N, t=36250 ms"
1,2026-01-11T00:07:01.405874,32.13899140059948,36260,0.855,"Load=0.855 N, t=36260 ms"
1,2026-01-11T00:07:01.415735,32.148852600716054,36270,1.008,"Load=1.008 N, t=36270 ms"
1,2026-01-11T00:07:01.425803,32.15892080031335,36280,1.081,"Load=1.081 N, t=36280 ms"
1,2026-01-11T00:07:01.435788,32.168906500563025,36290,0.831,"Load=0.831 N, t=36290 ms"
1,2026-01-11T00:07:01.446684,32.17980240006,36300,1.07,"Load=1.070 N, t=36300 ms"
1,2026-01-11T00:07:01.456755,32.18987200036645,36310,0.999,"Load=0.999 N, t=36310 ms"
1,2026-01-11T00:07:01.465762,32.19887920003384,36320,1.035,"Load=1.035 N, t=36320 ms"
1,2026-01-11T00:07:01.475740,32.20885740034282,36330,0.864,"Load=0.864 N, t=36330 ms"
1,2026-01-11T00:07:01.485850,32.21896740049124,36340,1.008,"Load=1.008 N, t=36340 ms"
1,2026-01-11T00:07:01.495883,32.22900089994073,36350,0.82,"Load=0.820 N, t=36350 ms"
1,2026-01-11T00:07:01.506769,32.23988620005548,36360,1.082,"Load=1.082 N, t=36360 ms"
1,2026-01-11T00:07:01.516749,32.24986680038273,36370,1.07,"Load=1.070 N, t=36370 ms"
1,2026-01-11T00:07:01.525816,32.25893410015851,36380,0.972,"Load=0.972 N, t=36380 ms"
1,2026-01-11T00:07:01.535820,32.268937200307846,36390,1.016,"Load=1.016 N, t=36390 ms"
1,2026-01-11T00:07:01.545714,32.278831200674176,36400,1.055,"Load=1.055 N, t=36400 ms"
1,2026-01-11T00:07:01.555840,32.28895760048181,36410,1.35,"Load=1.350 N, t=36410 ms"
1,2026-01-11T00:07:01.566731,32.29984800051898,36420,0.933,"Load=0.933 N, t=36420 ms"
1,2026-01-11T00:07:01.576630,32.30974780023098,36430,1.068,"Load=1.068 N, t=36430 ms"
1,2026-01-11T00:07:01.586684,32.3198014004156,36440,0.978,"Load=0.978 N, t=36440 ms"
1,2026-01-11T00:07:01.595840,32.328958000056446,36450,1.182,"Load=1.182 N, t=36450 ms"
1,2026-01-11T00:07:01.605683,32.338801300153136,36460,1.192,"Load=1.192 N, t=36460 ms"
1,2026-01-11T00:07:01.615789,32.348905600607395,36470,0.915,"Load=0.915 N, t=36470 ms"
1,2026-01-11T00:07:01.626772,32.3598902001977,36480,0.812,"Load=0.812 N, t=36480 ms"
1,2026-01-11T00:07:01.636708,32.36982540041208,36490,1.14,"Load=1.140 N, t=36490 ms"
1,2026-01-11T00:07:01.646682,32.379798400215805,36500,0.906,"Load=0.906 N, t=36500 ms"
1,2026-01-11T00:07:01.656645,32.38976000063121,36510,1.03,"Load=1.030 N, t=36510 ms"
1,2026-01-11T00:07:01.665823,32.39894049987197,36520,0.879,"Load=0.879 N, t=36520 ms"
1,2026-01-11T00:07:01.675816,32.40893410053104,36530,0.711,"Load=0.711 N, t=36530 ms"
1,2026-01-11T00:07:01.686614,32.419731500558555,36540,1.124,"Load=1.124 N, t=36540 ms"
1,2026-01-11T00:07:01.696866,32.429983200505376,36550,1.037,"Load=1.037 N, t=36550 ms"
1,2026-01-11T00:07:01.706619,32.439736099913716,36560,1.047,"Load=1.047 N, t=36560 ms"
1,2026-01-11T00:07:01.716571,32.44968890026212,36570,1.017,"Load=1.017 N, t=36570 ms"
1,2026-01-11T00:07:01.726045,32.45916280057281,36580,0.887,"Load=0.887 N, t=36580 ms"
1,2026-01-11T00:07:01.735796,32.468912600539625,36590,0.827,"Load=0.827 N, t=36590 ms"
1,2026-01-11T00:07:01.746748,32.47986590024084,36600,1.058,"Load=1.058 N, t=36600 ms"
1,2026-01-11T00:07:01.756762,32.48987890034914,36610,1.052,"Load=1.052 N, t=36610 ms"
1,2026-01-11T00:07:01.766639,32.49975600000471,36620,0.931,"Load=0.931 N, t=36620 ms"
1,2026-01-11T00:07:01.776875,32.50999219994992,36630,1.262,"Load=1.262 N, t=36630 ms"
1,2026-01-11T00:07:01.786751,32.51986869983375,36640,0.917,"Load=0.917 N, t=36640 ms"
1,2026-01-11T00:07:01.795758,32.5288756005466,36650,1.011,"Load=1.011 N, t=36650 ms"
1,2026-01-11T00:07:01.806912,32.5400286000222,36660,0.986,"Load=0.986 N, t=36660 ms"
1,2026-01-11T00:07:01.816891,32.55000870022923,36670,0.941,"Load=0.941 N, t=36670 ms"
1,2026-01-11T00:07:01.826696,32.559813500382006,36680,1.224,"Load=1.224 N, t=36680 ms"
1,2026-01-11T00:07:01.836690,32.56980670057237,36690,1.032,"Load=1.032 N, t=36690 ms"
1,2026-01-11T00:07:01.846700,32.57981690019369,36700,1.188,"Load=1.188 N, t=36700 ms"
1,2026-01-11T00:07:01.856675,32.58979280013591,36710,0.912,"Load=0.912 N, t=36710 ms"
1,2026-01-11T00:07:01.866781,32.59989740047604,36720,0.879,"Load=0.879 N, t=36720 ms"
1,2026-01-11T00:07:01.876709,32.6098258998245,36730,0.981,"Load=0.981 N, t=36730 ms"
1,2026-01-11T00:07:01.886607,32.619723999872804,36740,1.017,"Load=1.017 N, t=36740 ms"
1,2026-01-11T00:07:01.896774,32.62989110033959,36750,1.205,"Load=1.205 N, t=36750 ms"
1,2026-01-11T00:07:01.906596,32.639713500626385,36760,1.055,"Load=1.055 N, t=36760 ms"
1,2026-01-11T00:07:01.916617,32.649734100326896,36770,0.964,"Load=0.964 N, t=36770 ms"
1,2026-01-11T00:07:01.926663,32.65977920033038,36780,1.284,"Load=1.284 N, t=36780 ms"
1,2026-01-11T00:07:01.936726,32.66984360013157,36790,0.8,"Load=0.800 N, t=36790 ms"
1,2026-01-11T00:07:01.946660,32.679776900447905,36800,0.921,"Load=0.921 N, t=36800 ms"
1,2026-01-11T00:07:01.956781,32.68989779986441,36810,1.099,"Load=1.099 N, t=36810 ms"
1,2026-01-11T00:07:01.966801,32.69991790037602,36820,1.122,"Load=1.122 N, t=36820 ms"
1,2026-01-11T00:07:01.976695,32.70981220062822,36830,1.045,"Load=1.045 N, t=36830 ms"
1,2026-01-11T00:07:01.986808,32.71992440056056,36840,1.128,"Load=1.128 N, t=36840 ms"
1,2026-01-11T00:07:01.996796,32.72991310060024,36850,1.074,"Load=1.074 N, t=36850 ms"
1,2026-01-11T00:07:02.006818,32.73993520066142,36860,0.993,"Load=0.993 N, t=36860 ms"
1,2026-01-11T00:07:02.016734,32.74985020048916,36870,1.037,"Load=1.037 N, t=36870 ms"
1,2026-01-11T00:07:02.026786,32.75990280043334,36880,1.06,"Load=1.060 N, t=36880 ms"
1,2026-01-11T00:07:02.036815,32.76993210054934,36890,1.037,"Load=1.037 N, t=36890 ms"
1,2026-01-11T00:07:02.046823,32.77993889991194,36900,1.091,"Load=1.091 N, t=36900 ms"
1,2026-01-11T00:07:02.056803,32.78991980012506,36910,1.122,"Load=1.122 N, t=36910 ms"
1,2026-01-11T00:07:02.066802,32.79991850070655,36920,0.946,"Load=0.946 N, t=36920 ms"
1,2026-01-11T00:07:02.076806,32.8099234001711,36930,1.089,"Load=1.089 N, t=36930 ms"
1,2026-01-11T00:07:02.086795,32.81991180032492,36940,0.957,"Load=0.957 N, t=36940 ms"
1,2026-01-11T00:07:02.096826,32.82994309999049,36950,1.231,"Load=1.231 N, t=36950 ms"
1,2026-01-11T00:07:02.106695,32.83981170039624,36960,1.714,"Load=1.714 N, t=36960 ms"
1,2026-01-11T00:07:02.116716,32.8498320998624,36970,1.327,"Load=1.327 N, t=36970 ms"
1,2026-01-11T00:07:02.126815,32.85993060003966,36980,1.104,"Load=1.104 N, t=36980 ms"
1,2026-01-11T00:07:02.136661,32.86977719981223,36990,0.977,"Load=0.977 N, t=36990 ms"
1,2026-01-11T00:07:02.146795,32.879911799915135,37000,0.931,"Load=0.931 N, t=37000 ms"
1,2026-01-11T00:07:02.157645,32.89076190069318,37010,1.047,"Load=1.047 N, t=37010 ms"
1,2026-01-11T00:07:02.166658,32.89977530017495,37020,0.977,"Load=0.977 N, t=37020 ms"
1,2026-01-11T00:07:02.176653,32.909769100137055,37030,1.184,"Load=1.184 N, t=37030 ms"
1,2026-01-11T00:07:02.186672,32.91978900041431,37040,1.032,"Load=1.032 N, t=37040 ms"
1,2026-01-11T00:07:02.196822,32.92993940040469,37050,1.122,"Load=1.122 N, t=37050 ms"
1,2026-01-11T00:07:02.206796,32.93991200067103,37060,0.965,"Load=0.965 N, t=37060 ms"
1,2026-01-11T00:07:02.217620,32.95073680020869,37070,1.164,"Load=1.164 N, t=37070 ms"
1,2026-01-11T00:07:02.227636,32.96075179986656,37080,0.977,"Load=0.977 N, t=37080 ms"
1,2026-01-11T00:07:02.236842,32.96995870023966,37090,1.058,"Load=1.058 N, t=37090 ms"
1,2026-01-11T00:07:02.246806,32.97992350067943,37100,1.153,"Load=1.153 N, t=37100 ms"
1,2026-01-11T00:07:02.256760,32.989876800216734,37110,1.179,"Load=1.179 N, t=37110 ms"
1,2026-01-11T00:07:02.266660,32.99977510049939,37120,0.993,"Load=0.993 N, t=37120 ms"
1,2026-01-11T00:07:02.277680,33.010797100141644,37130,0.921,"Load=0.921 N, t=37130 ms"
1,2026-01-11T00:07:02.287846,33.02096250001341,37140,0.775,"Load=0.775 N, t=37140 ms"
1,2026-01-11T00:07:02.296716,33.02983250003308,37150,1.083,"Load=1.083 N, t=37150 ms"
1,2026-01-11T00:07:02.306753,33.03986950032413,37160,1.003,"Load=1.003 N, t=37160 ms"
1,2026-01-11T00:07:02.316785,33.04990140069276,37170,1.007,"Load=1.007 N, t=37170 ms"
1,2026-01-11T00:07:02.326751,33.059868100099266,37180,0.875,"Load=0.875 N, t=37180 ms"
1,2026-01-11T00:07:02.337779,33.07089510001242,37190,0.979,"Load=0.979 N, t=37190 ms"
1,2026-01-11T00:07:02.347647,33.080763700418174,37200,1.089,"Load=1.089 N, t=37200 ms"
1,2026-01-11T00:07:02.357653,33.090769700706005,37210,1.192,"Load=1.192 N, t=37210 ms"
1,2026-01-11T00:07:02.366830,33.099945600144565,37220,0.905,"Load=0.905 N, t=37220 ms"
1,2026-01-11T00:07:02.376687,33.10980360023677,37230,0.946,"Load=0.946 N, t=37230 ms"
1,2026-01-11T00:07:02.386663,33.119780000299215,37240,1.171,"Load=1.171 N, t=37240 ms"
1,2026-01-11T00:07:02.397695,33.130810900591314,37250,1.188,"Load=1.188 N, t=37250 ms"
1,2026-01-11T00:07:02.407591,33.1407077005133,37260,0.914,"Load=0.914 N, t=37260 ms"
1,2026-01-11T00:07:02.417675,33.15079150069505,37270,1.158,"Load=1.158 N, t=37270 ms"
1,2026-01-11T00:07:02.427741,33.16085680015385,37280,1.22,"Load=1.220 N, t=37280 ms"
1,2026-01-11T00:07:02.436814,33.169931100681424,37290,1.18,"Load=1.180 N, t=37290 ms"
1,2026-01-11T00:07:02.446700,33.17981620039791,37300,0.994,"Load=0.994 N, t=37300 ms"
1,2026-01-11T00:07:02.457718,33.190833600237966,37310,0.934,"Load=0.934 N, t=37310 ms"
1,2026-01-11T00:07:02.467639,33.20075620058924,37320,1.14,"Load=1.140 N, t=37320 ms"
1,2026-01-11T00:07:02.477688,33.2108046002686,37330,1.082,"Load=1.082 N, t=37330 ms"
1,2026-01-11T00:07:02.487629,33.22074490040541,37340,1.229,"Load=1.229 N, t=37340 ms"
1,2026-01-11T00:07:02.497663,33.23077950067818,37350,1.065,"Load=1.065 N, t=37350 ms"
1,2026-01-11T00:07:02.506648,33.23976380005479,37360,1.029,"Load=1.029 N, t=37360 ms"
1,2026-01-11T00:07:02.517722,33.25083830021322,37370,1.178,"Load=1.178 N, t=37370 ms"
1,2026-01-11T00:07:02.527775,33.26089120004326,37380,0.988,"Load=0.988 N, t=37380 ms"
1,2026-01-11T00:07:02.537598,33.27071490045637,37390,0.924,"Load=0.924 N, t=37390 ms"
1,2026-01-11T00:07:02.547610,33.280725500546396,37400,1.073,"Load=1.073 N, t=37400 ms"
1,2026-01-11T00:07:02.557676,33.2907908000052,37410,1.228,"Load=1.228 N, t=37410 ms"
1,2026-01-11T00:07:02.567742,33.30085780005902,37420,1.319,"Load=1.319 N, t=37420 ms"
1,2026-01-11T00:07:02.577788,33.31090490054339,37430,0.986,"Load=0.986 N, t=37430 ms"
1,2026-01-11T00:07:02.587712,33.32082820031792,37440,1.094,"Load=1.094 N, t=37440 ms"
1,2026-01-11T00:07:02.597594,33.33071000035852,37450,1.016,"Load=1.016 N, t=37450 ms"
1,2026-01-11T00:07:02.607792,33.340907900594175,37460,0.958,"Load=0.958 N, t=37460 ms"
1,2026-01-11T00:07:02.617769,33.350884700194,37470,0.977,"Load=0.977 N, t=37470 ms"
1,2026-01-11T00:07:02.627699,33.36081590037793,37480,1.089,"Load=1.089 N, t=37480 ms"
1,2026-01-11T00:07:02.637680,33.37079630047083,37490,1.154,"Load=1.154 N, t=37490 ms"
1,2026-01-11T00:07:02.647632,33.380747499875724,37500,1.133,"Load=1.133 N, t=37500 ms"
1,2026-01-11T00:07:02.657808,33.39092430006713,37510,1.069,"Load=1.069 N, t=37510 ms"
1,2026-01-11T00:07:02.667708,33.40082430001348,37520,1.056,"Load=1.056 N, t=37520 ms"
1,2026-01-11T00:07:02.677702,33.41081710066646,37530,1.125,"Load=1.125 N, t=37530 ms"
1,2026-01-11T00:07:02.687667,33.420783299952745,37540,1.14,"Load=1.140 N, t=37540 ms"
1,2026-01-11T00:07:02.697814,33.4309294000268,37550,1.147,"Load=1.147 N, t=37550 ms"
1,2026-01-11T00:07:02.707773,33.44088970031589,37560,1.239,"Load=1.239 N, t=37560 ms"
1,2026-01-11T00:07:02.717801,33.45091740041971,37570,1.193,"Load=1.193 N, t=37570 ms"
1,2026-01-11T00:07:02.727717,33.46083360072225,37580,1.042,"Load=1.042 N, t=37580 ms"
1,2026-01-11T00:07:02.737929,33.471044700592756,37590,1.019,"Load=1.019 N, t=37590 ms"
1,2026-01-11T00:07:02.747748,33.48086480051279,37600,0.883,"Load=0.883 N, t=37600 ms"
1,2026-01-11T00:07:02.757713,33.490830100141466,37610,1.181,"Load=1.181 N, t=37610 ms"
1,2026-01-11T00:07:02.767822,33.500938000157475,37620,0.914,"Load=0.914 N, t=37620 ms"
1,2026-01-11T00:07:02.777815,33.510930200107396,37630,0.914,"Load=0.914 N, t=37630 ms"
1,2026-01-11T00:07:02.787723,33.520839700475335,37640,1.024,"Load=1.024 N, t=37640 ms"
1,2026-01-11T00:07:02.797797,33.53091260045767,37650,1.032,"Load=1.032 N, t=37650 ms"
1,2026-01-11T00:07:02.807833,33.540949100628495,37660,0.841,"Load=0.841 N, t=37660 ms"
1,2026-01-11T00:07:02.817846,33.5509625999257,37670,1.332,"Load=1.332 N, t=37670 ms"
1,2026-01-11T00:07:02.827789,33.56090470030904,37680,1.109,"Load=1.109 N, t=37680 ms"
1,2026-01-11T00:07:02.837748,33.57086439989507,37690,0.688,"Load=0.688 N, t=37690 ms"
1,2026-01-11T00:07:02.847716,33.58083190023899,37700,0.833,"Load=0.833 N, t=37700 ms"
1,2026-01-11T00:07:02.857779,33.59089430049062,37710,1.021,"Load=1.021 N, t=37710 ms"
1,2026-01-11T00:07:02.867613,33.60072860028595,37720,1.117,"Load=1.117 N, t=37720 ms"
1,2026-01-11T00:07:02.878616,33.61173150036484,37730,1.1,"Load=1.100 N, t=37730 ms"
1,2026-01-11T00:07:02.887765,33.62088160030544,37740,1.102,"Load=1.102 N, t=37740 ms"
1,2026-01-11T00:07:02.897752,33.63086749985814,37750,1.262,"Load=1.262 N, t=37750 ms"
1,2026-01-11T00:07:02.907817,33.64093220047653,37760,1.094,"Load=1.094 N, t=37760 ms"
1,2026-01-11T00:07:02.917727,33.650843700394034,37770,1.104,"Load=1.104 N, t=37770 ms"
1,2026-01-11T00:07:02.927759,33.66087490040809,37780,1.07,"Load=1.070 N, t=37780 ms"
1,2026-01-11T00:07:02.938706,33.67182230018079,37790,1.052,"Load=1.052 N, t=37790 ms"
1,2026-01-11T00:07:02.948591,33.68170700035989,37800,1.342,"Load=1.342 N, t=37800 ms"
1,2026-01-11T00:07:02.957837,33.690953200683,37810,1.215,"Load=1.215 N, t=37810 ms"
1,2026-01-11T00:07:02.967748,33.700864400714636,37820,1.213,"Load=1.213 N, t=37820 ms"
1,2026-01-11T00:07:02.977738,33.710853500291705,37830,1.089,"Load=1.089 N, t=37830 ms"
1,2026-01-11T00:07:02.987645,33.72076029982418,37840,1.109,"Load=1.109 N, t=37840 ms"
1,2026-01-11T00:07:02.998767,33.73188319988549,37850,1.361,"Load=1.361 N, t=37850 ms"
1,2026-01-11T00:07:03.008625,33.74174060020596,37860,1.195,"Load=1.195 N, t=37860 ms"
1,2026-01-11T00:07:03.018738,33.751853700727224,37870,1.174,"Load=1.174 N, t=37870 ms"
1,2026-01-11T00:07:03.027821,33.760937300510705,37880,1.145,"Load=1.145 N, t=37880 ms"
1,2026-01-11T00:07:03.037689,33.77080459985882,37890,1.011,"Load=1.011 N, t=37890 ms"
1,2026-01-11T00:07:03.047689,33.78080470021814,37900,1.122,"Load=1.122 N, t=37900 ms"
1,2026-01-11T00:07:03.058638,33.791753800585866,37910,1.231,"Load=1.231 N, t=37910 ms"
1,2026-01-11T00:07:03.068637,33.8017528001219,37920,1.295,"Load=1.295 N, t=37920 ms"
1,2026-01-11T00:07:03.078707,33.81182250007987,37930,1.291,"Load=1.291 N, t=37930 ms"
1,2026-01-11T00:07:03.088619,33.821734400466084,37940,1.102,"Load=1.102 N, t=37940 ms"
1,2026-01-11T00:07:03.097783,33.83089909981936,37950,1.518,"Load=1.518 N, t=37950 ms"
1,2026-01-11T00:07:03.107787,33.840903400443494,37960,1.145,"Load=1.145 N, t=37960 ms"
1,2026-01-11T00:07:03.118782,33.85189810022712,37970,0.934,"Load=0.934 N, t=37970 ms"
1,2026-01-11T00:07:03.128771,33.86188750062138,37980,1.096,"Load=1.096 N, t=37980 ms"
1,2026-01-11T00:07:03.138630,33.87174570001662,37990,1.112,"Load=1.112 N, t=37990 ms"
1,2026-01-11T00:07:03.148660,33.88177500013262,38000,1.236,"Load=1.236 N, t=38000 ms"
1,2026-01-11T00:07:03.158675,33.891791000030935,38010,1.166,"Load=1.166 N, t=38010 ms"
1,2026-01-11T00:07:03.168817,33.901933000423014,38020,1.233,"Load=1.233 N, t=38020 ms"
1,2026-01-11T00:07:03.178766,33.9118812000379,38030,1.061,"Load=1.061 N, t=38030 ms"
1,2026-01-11T00:07:03.188732,33.92184829991311,38040,1.126,"Load=1.126 N, t=38040 ms"
1,2026-01-11T00:07:03.198629,33.93174450006336,38050,1.25,"Load=1.250 N, t=38050 ms"
1,2026-01-11T00:07:03.208740,33.941855600103736,38060,1.192,"Load=1.192 N, t=38060 ms"
1,2026-01-11T00:07:03.218769,33.95188400056213,38070,1.298,"Load=1.298 N, t=38070 ms"
1,2026-01-11T00:07:03.228557,33.961672600358725,38080,1.017,"Load=1.017 N, t=38080 ms"
1,2026-01-11T00:07:03.238752,33.97186719998717,38090,1.305,"Load=1.305 N, t=38090 ms"
1,2026-01-11T00:07:03.248609,33.981724000535905,38100,1.554,"Load=1.554 N, t=38100 ms"
1,2026-01-11T00:07:03.258704,33.99181990046054,38110,1.034,"Load=1.034 N, t=38110 ms"
1,2026-01-11T00:07:03.268763,34.001878700219095,38120,1.073,"Load=1.073 N, t=38120 ms"
1,2026-01-11T00:07:03.278745,34.01186040043831,38130,1.151,"Load=1.151 N, t=38130 ms"
1,2026-01-11T00:07:03.288752,34.02186720073223,38140,1.329,"Load=1.329 N, t=38140 ms"
1,2026-01-11T00:07:03.298709,34.03182420041412,38150,1.212,"Load=1.212 N, t=38150 ms"
1,2026-01-11T00:07:03.308798,34.04191240016371,38160,1.197,"Load=1.197 N, t=38160 ms"
1,2026-01-11T00:07:03.318785,34.05190070066601,38170,1.223,"Load=1.223 N, t=38170 ms"
1,2026-01-11T00:07:03.328700,34.06181600037962,38180,1.562,"Load=1.562 N, t=38180 ms"
1,2026-01-11T00:07:03.338761,34.071875900030136,38190,1.206,"Load=1.206 N, t=38190 ms"
1,2026-01-11T00:07:03.348588,34.081703800708055,38200,1.019,"Load=1.019 N, t=38200 ms"
1,2026-01-11T00:07:03.358775,34.09188920073211,38210,1.176,"Load=1.176 N, t=38210 ms"
1,2026-01-11T00:07:03.368801,34.101916500367224,38220,1.226,"Load=1.226 N, t=38220 ms"
1,2026-01-11T00:07:03.378790,34.11190630029887,38230,1.12,"Load=1.120 N, t=38230 ms"
1,2026-01-11T00:07:03.388788,34.12190330028534,38240,1.058,"Load=1.058 N, t=38240 ms"
1,2026-01-11T00:07:03.398719,34.13183450046927,38250,1.236,"Load=1.236 N, t=38250 ms"
1,2026-01-11T00:07:03.408721,34.14183680061251,38260,1.076,"Load=1.076 N, t=38260 ms"
1,2026-01-11T00:07:03.418735,34.15184830036014,38270,1.176,"Load=1.176 N, t=38270 ms"
1,2026-01-11T00:07:03.428802,34.16191800031811,38280,1.138,"Load=1.138 N, t=38280 ms"
1,2026-01-11T00:07:03.438786,34.1719009000808,38290,1.319,"Load=1.319 N, t=38290 ms"
1,2026-01-11T00:07:03.448700,34.18181520048529,38300,1.383,"Load=1.383 N, t=38300 ms"
1,2026-01-11T00:07:03.458778,34.19189300015569,38310,0.957,"Load=0.957 N, t=38310 ms"
1,2026-01-11T00:07:03.468782,34.20189779996872,38320,1.158,"Load=1.158 N, t=38320 ms"
1,2026-01-11T00:07:03.478706,34.21182060055435,38330,1.282,"Load=1.282 N, t=38330 ms"
1,2026-01-11T00:07:03.488819,34.22193300072104,38340,1.173,"Load=1.173 N, t=38340 ms"
1,2026-01-11T00:07:03.498812,34.23192770034075,38350,1.076,"Load=1.076 N, t=38350 ms"
1,2026-01-11T00:07:03.508687,34.24180140066892,38360,1.161,"Load=1.161 N, t=38360 ms"
1,2026-01-11T00:07:03.518802,34.251916400156915,38370,1.068,"Load=1.068 N, t=38370 ms"
1,2026-01-11T00:07:03.528634,34.26174850016832,38380,1.138,"Load=1.138 N, t=38380 ms"
1,2026-01-11T00:07:03.538731,34.27184549998492,38390,1.117,"Load=1.117 N, t=38390 ms"
1,2026-01-11T00:07:03.548802,34.28191660065204,38400,1.256,"Load=1.256 N, t=38400 ms"
1,2026-01-11T00:07:03.558834,34.29194820020348,38410,1.154,"Load=1.154 N, t=38410 ms"
1,2026-01-11T00:07:03.568827,34.30194240063429,38420,0.922,"Load=0.922 N, t=38420 ms"
1,2026-01-11T00:07:03.578752,34.31186670064926,38430,1.244,"Load=1.244 N, t=38430 ms"
1,2026-01-11T00:07:03.588807,34.3219225006178,38440,1.231,"Load=1.231 N, t=38440 ms"
1,2026-01-11T00:07:03.598633,34.33174820058048,38450,1.11,"Load=1.110 N, t=38450 ms"
1,2026-01-11T00:07:03.609776,34.342891099862754,38460,1.159,"Load=1.159 N, t=38460 ms"
1,2026-01-11T00:07:03.618833,34.35194740071893,38470,1.388,"Load=1.388 N, t=38470 ms"
1,2026-01-11T00:07:03.628688,34.36180320009589,38480,1.373,"Load=1.373 N, t=38480 ms"
1,2026-01-11T00:07:03.638734,34.371849900111556,38490,0.969,"Load=0.969 N, t=38490 ms"
1,2026-01-11T00:07:03.648815,34.38193059992045,38500,1.172,"Load=1.172 N, t=38500 ms"
1,2026-01-11T00:07:03.658671,34.39178660046309,38510,1.226,"Load=1.226 N, t=38510 ms"
1,2026-01-11T00:07:03.669650,34.40276480000466,38520,1.356,"Load=1.356 N, t=38520 ms"
1,2026-01-11T00:07:03.679735,34.412850400432944,38530,1.143,"Load=1.143 N, t=38530 ms"
1,2026-01-11T00:07:03.688754,34.42186960019171,38540,1.069,"Load=1.069 N, t=38540 ms"
1,2026-01-11T00:07:03.698798,34.431913800537586,38550,1.275,"Load=1.275 N, t=38550 ms"
1,2026-01-11T00:07:03.708838,34.44195270072669,38560,1.283,"Load=1.283 N, t=38560 ms"
1,2026-01-11T00:07:03.718769,34.451883600093424,38570,1.257,"Load=1.257 N, t=38570 ms"
1,2026-01-11T00:07:03.729772,34.46288579981774,38580,1.017,"Load=1.017 N, t=38580 ms"
1,2026-01-11T00:07:03.739758,34.47287259995937,38590,1.277,"Load=1.277 N, t=38590 ms"
1,2026-01-11T00:07:03.749663,34.48277760017663,38600,1.35,"Load=1.350 N, t=38600 ms"
1,2026-01-11T00:07:03.758767,34.491882000118494,38610,1.164,"Load=1.164 N, t=38610 ms"
1,2026-01-11T00:07:03.768842,34.501956400461495,38620,1.063,"Load=1.063 N, t=38620 ms"
1,2026-01-11T00:07:03.778761,34.51187620032579,38630,1.262,"Load=1.262 N, t=38630 ms"
1,2026-01-11T00:07:03.789667,34.52278190013021,38640,1.087,"Load=1.087 N, t=38640 ms"
1,2026-01-11T00:07:03.799688,34.53280210029334,38650,1.174,"Load=1.174 N, t=38650 ms"
1,2026-01-11T00:07:03.809762,34.54287560004741,38660,1.306,"Load=1.306 N, t=38660 ms"
1,2026-01-11T00:07:03.819744,34.552858400158584,38670,1.373,"Load=1.373 N, t=38670 ms"
1,2026-01-11T00:07:03.828714,34.561829400248826,38680,1.2,"Load=1.200 N, t=38680 ms"
1,2026-01-11T00:07:03.838831,34.571945500560105,38690,1.082,"Load=1.082 N, t=38690 ms"
1,2026-01-11T00:07:03.849788,34.58290260005742,38700,1.193,"Load=1.193 N, t=38700 ms"
1,2026-01-11T00:07:03.859737,34.59285179991275,38710,1.275,"Load=1.275 N, t=38710 ms"
1,2026-01-11T00:07:03.869768,34.60288230050355,38720,0.986,"Load=0.986 N, t=38720 ms"
1,2026-01-11T00:07:03.879768,34.61288319993764,38730,1.311,"Load=1.311 N, t=38730 ms"
1,2026-01-11T00:07:03.889623,34.62273780070245,38740,1.337,"Load=1.337 N, t=38740 ms"
1,2026-01-11T00:07:03.898884,34.63199720066041,38750,1.257,"Load=1.257 N, t=38750 ms"
1,2026-01-11T00:07:03.909736,34.642850200645626,38760,1.25,"Load=1.250 N, t=38760 ms"
1,2026-01-11T00:07:03.919664,34.65277810022235,38770,1.231,"Load=1.231 N, t=38770 ms"
1,2026-01-11T00:07:03.929777,34.66289190016687,38780,1.404,"Load=1.404 N, t=38780 ms"
1,2026-01-11T00:07:03.939819,34.672934300266206,38790,1.352,"Load=1.352 N, t=38790 ms"
1,2026-01-11T00:07:03.949700,34.68281440064311,38800,1.425,"Load=1.425 N, t=38800 ms"
1,2026-01-11T00:07:03.959608,34.6927225003019,38810,1.176,"Load=1.176 N, t=38810 ms"
1,2026-01-11T00:07:03.969785,34.702899700030684,38820,1.092,"Load=1.092 N, t=38820 ms"
1,2026-01-11T00:07:03.979656,34.71276979986578,38830,1.184,"Load=1.184 N, t=38830 ms"
1,2026-01-11T00:07:03.989702,34.7228167001158,38840,1.18,"Load=1.180 N, t=38840 ms"
1,2026-01-11T00:07:03.999762,34.73287709988654,38850,1.246,"Load=1.246 N, t=38850 ms"
1,2026-01-11T00:07:04.009707,34.74282080028206,38860,1.562,"Load=1.562 N, t=38860 ms"
1,2026-01-11T00:07:04.019736,34.7528507001698,38870,1.176,"Load=1.176 N, t=38870 ms"
1,2026-01-11T00:07:04.029795,34.762910400517285,38880,1.164,"Load=1.164 N, t=38880 ms"
1,2026-01-11T00:07:04.039728,34.772842400707304,38890,1.257,"Load=1.257 N, t=38890 ms"
1,2026-01-11T00:07:04.049700,34.7828140007332,38900,1.263,"Load=1.263 N, t=38900 ms"
1,2026-01-11T00:07:04.059781,34.79289510007948,38910,1.136,"Load=1.136 N, t=38910 ms"
1,2026-01-11T00:07:04.069827,34.80294230021536,38920,1.117,"Load=1.117 N, t=38920 ms"
1,2026-01-11T00:07:04.079846,34.812960100360215,38930,1.184,"Load=1.184 N, t=38930 ms"
1,2026-01-11T00:07:04.089816,34.82293040025979,38940,1.437,"Load=1.437 N, t=38940 ms"
1,2026-01-11T00:07:04.099805,34.8329196004197,38950,1.241,"Load=1.241 N, t=38950 ms"
1,2026-01-11T00:07:04.109798,34.84291150048375,38960,1.306,"Load=1.306 N, t=38960 ms"
1,2026-01-11T00:07:04.119784,34.852899100631475,38970,1.303,"Load=1.303 N, t=38970 ms"
1,2026-01-11T00:07:04.129886,34.863000500015914,38980,1.218,"Load=1.218 N, t=38980 ms"
1,2026-01-11T00:07:04.139710,34.87282420042902,38990,1.197,"Load=1.197 N, t=38990 ms"
1,2026-01-11T00:07:04.149742,34.88285620044917,39000,1.457,"Load=1.457 N, t=39000 ms"
1,2026-01-11T00:07:04.159784,34.89289910066873,39010,1.22,"Load=1.220 N, t=39010 ms"
1,2026-01-11T00:07:04.169750,34.90286360029131,39020,1.327,"Load=1.327 N, t=39020 ms"
1,2026-01-11T00:07:04.179753,34.91286659985781,39030,1.378,"Load=1.378 N, t=39030 ms"
1,2026-01-11T00:07:04.189772,34.9228866007179,39040,1.122,"Load=1.122 N, t=39040 ms"
1,2026-01-11T00:07:04.199644,34.932759299874306,39050,1.11,"Load=1.110 N, t=39050 ms"
1,2026-01-11T00:07:04.209837,34.94295160006732,39060,1.469,"Load=1.469 N, t=39060 ms"
1,2026-01-11T00:07:04.219756,34.952870099805295,39070,1.311,"Load=1.311 N, t=39070 ms"
1,2026-01-11T00:07:04.229663,34.96277809981257,39080,1.404,"Load=1.404 N, t=39080 ms"
1,2026-01-11T00:07:04.239810,34.972923800349236,39090,1.329,"Load=1.329 N, t=39090 ms"
1,2026-01-11T00:07:04.249943,34.98305749986321,39100,1.277,"Load=1.277 N, t=39100 ms"
1,2026-01-11T00:07:04.259636,34.99275009986013,39110,1.2,"Load=1.200 N, t=39110 ms"
1,2026-01-11T00:07:04.270716,35.00382990017533,39120,1.27,"Load=1.270 N, t=39120 ms"
1,2026-01-11T00:07:04.279711,35.012825400568545,39130,1.722,"Load=1.722 N, t=39130 ms"
1,2026-01-11T00:07:04.289687,35.02280090004206,39140,1.332,"Load=1.332 N, t=39140 ms"
1,2026-01-11T00:07:04.299848,35.0329619999975,39150,1.378,"Load=1.378 N, t=39150 ms"
1,2026-01-11T00:07:04.309743,35.0428571999073,39160,1.308,"Load=1.308 N, t=39160 ms"
1,2026-01-11T00:07:04.319788,35.052902000024915,39170,1.22,"Load=1.220 N, t=39170 ms"
1,2026-01-11T00:07:04.330645,35.063759200274944,39180,1.087,"Load=1.087 N, t=39180 ms"
1,2026-01-11T00:07:04.339988,35.07310280017555,39190,1.502,"Load=1.502 N, t=39190 ms"
1,2026-01-11T00:07:04.349883,35.082998000085354,39200,1.309,"Load=1.309 N, t=39200 ms"
1,2026-01-11T00:07:04.359661,35.092775099910796,39210,1.089,"Load=1.089 N, t=39210 ms"
1,2026-01-11T00:07:04.369762,35.10287530068308,39220,1.316,"Load=1.316 N, t=39220 ms"
1,2026-01-11T00:07:04.379762,35.112875800579786,39230,1.257,"Load=1.257 N, t=39230 ms"
1,2026-01-11T00:07:04.389714,35.12282809987664,39240,1.337,"Load=1.337 N, t=39240 ms"
1,2026-01-11T00:07:04.400758,35.13387150038034,39250,1.298,"Load=1.298 N, t=39250 ms"
1,2026-01-11T00:07:04.410600,35.14371420070529,39260,1.295,"Load=1.295 N, t=39260 ms"
1,2026-01-11T00:07:04.419825,35.15293820016086,39270,1.524,"Load=1.524 N, t=39270 ms"
1,2026-01-11T00:07:04.429812,35.1629258999601,39280,1.381,"Load=1.381 N, t=39280 ms"
1,2026-01-11T00:07:04.439911,35.1730245007202,39290,1.655,"Load=1.655 N, t=39290 ms"
1,2026-01-11T00:07:04.449747,35.18286029994488,39300,1.924,"Load=1.924 N, t=39300 ms"
1,2026-01-11T00:07:04.460782,35.19389580003917,39310,1.075,"Load=1.075 N, t=39310 ms"
1,2026-01-11T00:07:04.470659,35.203773099929094,39320,1.009,"Load=1.009 N, t=39320 ms"
1,2026-01-11T00:07:04.480740,35.21385280042887,39330,1.036,"Load=1.036 N, t=39330 ms"
1,2026-01-11T00:07:04.489764,35.22287760023028,39340,1.386,"Load=1.386 N, t=39340 ms"
1,2026-01-11T00:07:04.499890,35.23300490062684,39350,1.138,"Load=1.138 N, t=39350 ms"
1,2026-01-11T00:07:04.509747,35.2428607000038,39360,1.577,"Load=1.577 N, t=39360 ms"
1,2026-01-11T00:07:04.520753,35.253866200335324,39370,1.366,"Load=1.366 N, t=39370 ms"
1,2026-01-11T00:07:04.530777,35.263891300186515,39380,1.079,"Load=1.079 N, t=39380 ms"
1,2026-01-11T00:07:04.540565,35.27367980033159,39390,1.595,"Load=1.595 N, t=39390 ms"
1,2026-01-11T00:07:04.550645,35.28375910036266,39400,1.409,"Load=1.409 N, t=39400 ms"
1,2026-01-11T00:07:04.559704,35.29281770065427,39410,1.179,"Load=1.179 N, t=39410 ms"
1,2026-01-11T00:07:04.569654,35.30276770051569,39420,1.145,"Load=1.145 N, t=39420 ms"
1,2026-01-11T00:07:04.580612,35.31372650060803,39430,1.303,"Load=1.303 N, t=39430 ms"
1,2026-01-11T00:07:04.590610,35.32372400071472,39440,1.228,"Load=1.228 N, t=39440 ms"
1,2026-01-11T00:07:04.600715,35.333829500712454,39450,1.257,"Load=1.257 N, t=39450 ms"
1,2026-01-11T00:07:04.610857,35.34397120028734,39460,1.164,"Load=1.164 N, t=39460 ms"
1,2026-01-11T00:07:04.620745,35.353858600370586,39470,1.329,"Load=1.329 N, t=39470 ms"
1,2026-01-11T00:07:04.629754,35.3628679998219,39480,1.37,"Load=1.370 N, t=39480 ms"
1,2026-01-11T00:07:04.640788,35.373902400024235,39490,1.389,"Load=1.389 N, t=39490 ms"
1,2026-01-11T00:07:04.650918,35.384031999856234,39500,1.122,"Load=1.122 N, t=39500 ms"
1,2026-01-11T00:07:04.660804,35.39391729980707,39510,1.399,"Load=1.399 N, t=39510 ms"
1,2026-01-11T00:07:04.670633,35.40374630037695,39520,1.113,"Load=1.113 N, t=39520 ms"
1,2026-01-11T00:07:04.680596,35.41370919998735,39530,1.017,"Load=1.017 N, t=39530 ms"
1,2026-01-11T00:07:04.690751,35.42386549990624,39540,1.864,"Load=1.864 N, t=39540 ms"
1,2026-01-11T00:07:04.700935,35.43404760025442,39550,1.377,"Load=1.377 N, t=39550 ms"
1,2026-01-11T00:07:04.710799,35.44391269981861,39560,1.149,"Load=1.149 N, t=39560 ms"
1,2026-01-11T00:07:04.720807,35.45392070058733,39570,1.143,"Load=1.143 N, t=39570 ms"
1,2026-01-11T00:07:04.730694,35.463807499967515,39580,1.368,"Load=1.368 N, t=39580 ms"
1,2026-01-11T00:07:04.740705,35.473818900063634,39590,1.213,"Load=1.213 N, t=39590 ms"
1,2026-01-11T00:07:04.750766,35.48387940041721,39600,1.301,"Load=1.301 N, t=39600 ms"
1,2026-01-11T00:07:04.760805,35.49391820002347,39610,1.502,"Load=1.502 N, t=39610 ms"
1,2026-01-11T00:07:04.770760,35.50387390051037,39620,1.326,"Load=1.326 N, t=39620 ms"
1,2026-01-11T00:07:04.780849,35.51396240014583,39630,1.407,"Load=1.407 N, t=39630 ms"
1,2026-01-11T00:07:04.790646,35.523759700357914,39640,1.391,"Load=1.391 N, t=39640 ms"
1,2026-01-11T00:07:04.800654,35.53376749996096,39650,1.342,"Load=1.342 N, t=39650 ms"
1,2026-01-11T00:07:04.810752,35.54386579990387,39660,1.179,"Load=1.179 N, t=39660 ms"
1,2026-01-11T00:07:04.820733,35.55384680069983,39670,1.291,"Load=1.291 N, t=39670 ms"
1,2026-01-11T00:07:04.830811,35.563924700021744,39680,1.301,"Load=1.301 N, t=39680 ms"
1,2026-01-11T00:07:04.840696,35.573808000423014,39690,1.42,"Load=1.420 N, t=39690 ms"
1,2026-01-11T00:07:04.850797,35.58391130063683,39700,1.208,"Load=1.208 N, t=39700 ms"
1,2026-01-11T00:07:04.860688,35.59380120038986,39710,1.629,"Load=1.629 N, t=39710 ms"
1,2026-01-11T00:07:04.870778,35.6038913000375,39720,1.368,"Load=1.368 N, t=39720 ms"
1,2026-01-11T00:07:04.881277,35.61439020000398,39730,1.781,"Load=1.781 N, t=39730 ms"
1,2026-01-11T00:07:04.890823,35.6239360999316,39740,1.216,"Load=1.216 N, t=39740 ms"
1,2026-01-11T00:07:04.900764,35.63387779984623,39750,1.228,"Load=1.228 N, t=39750 ms"
1,2026-01-11T00:07:04.910789,35.643902900628746,39760,1.544,"Load=1.544 N, t=39760 ms"
1,2026-01-11T00:07:04.920673,35.653785900212824,39770,1.233,"Load=1.233 N, t=39770 ms"
1,2026-01-11T00:07:04.930666,35.66377930063754,39780,1.324,"Load=1.324 N, t=39780 ms"
1,2026-01-11T00:07:04.940834,35.673947400413454,39790,1.195,"Load=1.195 N, t=39790 ms"
1,2026-01-11T00:07:04.950912,35.68402549996972,39800,1.234,"Load=1.234 N, t=39800 ms"
1,2026-01-11T00:07:04.960778,35.69389160070568,39810,1.326,"Load=1.326 N, t=39810 ms"
1,2026-01-11T00:07:04.970807,35.7039210004732,39820,1.392,"Load=1.392 N, t=39820 ms"
1,2026-01-11T00:07:04.980627,35.71373989991844,39830,1.388,"Load=1.388 N, t=39830 ms"
1,2026-01-11T00:07:04.990664,35.723777200095356,39840,1.316,"Load=1.316 N, t=39840 ms"
1,2026-01-11T00:07:05.001622,35.73473529983312,39850,1.37,"Load=1.370 N, t=39850 ms"
1,2026-01-11T00:07:05.010831,35.74394450057298,39860,1.376,"Load=1.376 N, t=39860 ms"
1,2026-01-11T00:07:05.020852,35.753965800628066,39870,1.766,"Load=1.766 N, t=39870 ms"
1,2026-01-11T00:07:05.030758,35.76387010049075,39880,1.337,"Load=1.337 N, t=39880 ms"
1,2026-01-11T00:07:05.040631,35.77374370023608,39890,1.308,"Load=1.308 N, t=39890 ms"
1,2026-01-11T00:07:05.050675,35.783787900581956,39900,1.236,"Load=1.236 N, t=39900 ms"
1,2026-01-11T00:07:05.060655,35.79376790020615,39910,1.285,"Load=1.285 N, t=39910 ms"
1,2026-01-11T00:07:05.071741,35.804853999987245,39920,1.332,"Load=1.332 N, t=39920 ms"
1,2026-01-11T00:07:05.080682,35.81379589997232,39930,1.399,"Load=1.399 N, t=39930 ms"
1,2026-01-11T00:07:05.090854,35.82396750058979,39940,1.35,"Load=1.350 N, t=39940 ms"
1,2026-01-11T00:07:05.100780,35.83389400038868,39950,1.394,"Load=1.394 N, t=39950 ms"
1,2026-01-11T00:07:05.110662,35.84377510007471,39960,1.164,"Load=1.164 N, t=39960 ms"
1,2026-01-11T00:07:05.120821,35.853934300132096,39970,1.182,"Load=1.182 N, t=39970 ms"
1,2026-01-11T00:07:05.131853,35.864966600202024,39980,1.313,"Load=1.313 N, t=39980 ms"
1,2026-01-11T00:07:05.141666,35.87477940041572,39990,1.195,"Load=1.195 N, t=39990 ms"
1,2026-01-11T00:07:05.150816,35.88392890058458,40000,1.41,"Load=1.410 N, t=40000 ms"
1,2026-01-11T00:07:05.160862,35.89397510048002,40010,1.449,"Load=1.449 N, t=40010 ms"
1,2026-01-11T00:07:05.170690,35.90380279999226,40020,1.466,"Load=1.466 N, t=40020 ms"
1,2026-01-11T00:07:05.180791,35.9139037001878,40030,1.321,"Load=1.321 N, t=40030 ms"
1,2026-01-11T00:07:05.191750,35.92486369982362,40040,1.5,"Load=1.500 N, t=40040 ms"
1,2026-01-11T00:07:05.201694,35.934806800447404,40050,1.419,"Load=1.419 N, t=40050 ms"
1,2026-01-11T00:07:05.211695,35.94480760022998,40060,1.162,"Load=1.162 N, t=40060 ms"
1,2026-01-11T00:07:05.221578,35.95469029992819,40070,1.36,"Load=1.360 N, t=40070 ms"
1,2026-01-11T00:07:05.230703,35.96381520014256,40080,1.461,"Load=1.461 N, t=40080 ms"
1,2026-01-11T00:07:05.240703,35.973815199919045,40090,1.032,"Load=1.032 N, t=40090 ms"
1,2026-01-11T00:07:05.251619,35.984732899814844,40100,1.586,"Load=1.586 N, t=40100 ms"
1,2026-01-11T00:07:05.261811,35.994924400001764,40110,1.463,"Load=1.463 N, t=40110 ms"
1,2026-01-11T00:07:05.271786,36.004898900166154,40120,1.389,"Load=1.389 N, t=40120 ms"
1,2026-01-11T00:07:05.281790,36.0149033004418,40130,1.301,"Load=1.301 N, t=40130 ms"
1,2026-01-11T00:07:05.291561,36.02467400021851,40140,1.334,"Load=1.334 N, t=40140 ms"
1,2026-01-11T00:07:05.300695,36.03380800038576,40150,1.564,"Load=1.564 N, t=40150 ms"
1,2026-01-11T00:07:05.311685,36.044797900132835,40160,1.356,"Load=1.356 N, t=40160 ms"
1,2026-01-11T00:07:05.321713,36.054825600236654,40170,1.51,"Load=1.510 N, t=40170 ms"
1,2026-01-11T00:07:05.331756,36.06486900057644,40180,1.498,"Load=1.498 N, t=40180 ms"
1,2026-01-11T00:07:05.341767,36.074880700558424,40190,1.582,"Load=1.582 N, t=40190 ms"
1,2026-01-11T00:07:05.351816,36.0849291998893,40200,1.585,"Load=1.585 N, t=40200 ms"
1,2026-01-11T00:07:05.361651,36.09476380050182,40210,1.388,"Load=1.388 N, t=40210 ms"
1,2026-01-11T00:07:05.371662,36.104774800129235,40220,1.409,"Load=1.409 N, t=40220 ms"
1,2026-01-11T00:07:05.381668,36.11478069983423,40230,1.326,"Load=1.326 N, t=40230 ms"
1,2026-01-11T00:07:05.391652,36.124764299951494,40240,1.092,"Load=1.092 N, t=40240 ms"
1,2026-01-11T00:07:05.402018,36.13513050042093,40250,1.283,"Load=1.283 N, t=40250 ms"
1,2026-01-11T00:07:05.411747,36.144860200583935,40260,1.312,"Load=1.312 N, t=40260 ms"
1,2026-01-11T00:07:05.421628,36.15474100038409,40270,1.198,"Load=1.198 N, t=40270 ms"
1,2026-01-11T00:07:05.431670,36.16478290036321,40280,1.284,"Load=1.284 N, t=40280 ms"
1,2026-01-11T00:07:05.441817,36.17493040021509,40290,1.44,"Load=1.440 N, t=40290 ms"
1,2026-01-11T00:07:05.451766,36.18487859982997,40300,1.616,"Load=1.616 N, t=40300 ms"
1,2026-01-11T00:07:05.461709,36.19482190068811,40310,1.409,"Load=1.409 N, t=40310 ms"
1,2026-01-11T00:07:05.471754,36.20486710034311,40320,1.383,"Load=1.383 N, t=40320 ms"
1,2026-01-11T00:07:05.481608,36.21472110040486,40330,1.453,"Load=1.453 N, t=40330 ms"
1,2026-01-11T00:07:05.491926,36.22503890004009,40340,1.473,"Load=1.473 N, t=40340 ms"
1,2026-01-11T00:07:05.501808,36.23492070008069,40350,1.51,"Load=1.510 N, t=40350 ms"
1,2026-01-11T00:07:05.511725,36.24483740050346,40360,1.275,"Load=1.275 N, t=40360 ms"
1,2026-01-11T00:07:05.521909,36.25502180028707,40370,1.582,"Load=1.582 N, t=40370 ms"
1,2026-01-11T00:07:05.531916,36.26502920035273,40380,1.549,"Load=1.549 N, t=40380 ms"
1,2026-01-11T00:07:05.541745,36.274857399985194,40390,1.507,"Load=1.507 N, t=40390 ms"
1,2026-01-11T00:07:05.551798,36.284910400398076,40400,1.2,"Load=1.200 N, t=40400 ms"
1,2026-01-11T00:07:05.561703,36.294816200621426,40410,1.352,"Load=1.352 N, t=40410 ms"
1,2026-01-11T00:07:05.571803,36.30491610057652,40420,1.432,"Load=1.432 N, t=40420 ms"
1,2026-01-11T00:07:05.581799,36.31491219997406,40430,1.471,"Load=1.471 N, t=40430 ms"
1,2026-01-11T00:07:05.591772,36.32488420046866,40440,1.272,"Load=1.272 N, t=40440 ms"
1,2026-01-11T00:07:05.601786,36.33489860035479,40450,1.241,"Load=1.241 N, t=40450 ms"
1,2026-01-11T00:07:05.611673,36.3447858998552,40460,1.387,"Load=1.387 N, t=40460 ms"
1,2026-01-11T00:07:05.621745,36.35485719982535,40470,1.472,"Load=1.472 N, t=40470 ms"
1,2026-01-11T00:07:05.631852,36.36496500018984,40480,1.616,"Load=1.616 N, t=40480 ms"
1,2026-01-11T00:07:05.641832,36.37494350038469,40490,1.339,"Load=1.339 N, t=40490 ms"
1,2026-01-11T00:07:05.651680,36.384791700169444,40500,1.373,"Load=1.373 N, t=40500 ms"
1,2026-01-11T00:07:05.661847,36.39495890028775,40510,1.43,"Load=1.430 N, t=40510 ms"
1,2026-01-11T00:07:05.671611,36.40472360048443,40520,1.642,"Load=1.642 N, t=40520 ms"
1,2026-01-11T00:07:05.681703,36.41481580026448,40530,1.368,"Load=1.368 N, t=40530 ms"
1,2026-01-11T00:07:05.691688,36.424800200387836,40540,1.329,"Load=1.329 N, t=40540 ms"
1,2026-01-11T00:07:05.701764,36.43487560003996,40550,1.903,"Load=1.903 N, t=40550 ms"
1,2026-01-11T00:07:05.711807,36.44492040015757,40560,1.484,"Load=1.484 N, t=40560 ms"
1,2026-01-11T00:07:05.721846,36.45495830010623,40570,1.076,"Load=1.076 N, t=40570 ms"
1,2026-01-11T00:07:05.731594,36.464706600643694,40580,1.683,"Load=1.683 N, t=40580 ms"
1,2026-01-11T00:07:05.742713,36.475824700668454,40590,1.239,"Load=1.239 N, t=40590 ms"
1,2026-01-11T00:07:05.751945,36.485056900419295,40600,1.262,"Load=1.262 N, t=40600 ms"
1,2026-01-11T00:07:05.761801,36.494913400150836,40610,1.489,"Load=1.489 N, t=40610 ms"
1,2026-01-11T00:07:05.771815,36.50492710061371,40620,1.727,"Load=1.727 N, t=40620 ms"
1,2026-01-11T00:07:05.781742,36.51485410053283,40630,1.693,"Load=1.693 N, t=40630 ms"
1,2026-01-11T00:07:05.791785,36.524897400289774,40640,1.213,"Load=1.213 N, t=40640 ms"
1,2026-01-11T00:07:05.802732,36.535843600519,40650,1.538,"Load=1.538 N, t=40650 ms"
1,2026-01-11T00:07:05.812716,36.545828400179744,40660,1.211,"Load=1.211 N, t=40660 ms"
1,2026-01-11T00:07:05.821882,36.554994500242174,40670,1.482,"Load=1.482 N, t=40670 ms"
1,2026-01-11T00:07:05.831842,36.56495400052518,40680,1.345,"Load=1.345 N, t=40680 ms"
1,2026-01-11T00:07:05.841841,36.574953000061214,40690,1.355,"Load=1.355 N, t=40690 ms"
1,2026-01-11T00:07:05.851874,36.58498590067029,40700,1.709,"Load=1.709 N, t=40700 ms"
1,2026-01-11T00:07:05.862682,36.59579380042851,40710,1.373,"Load=1.373 N, t=40710 ms"
1,2026-01-11T00:07:05.872640,36.605751500464976,40720,1.428,"Load=1.428 N, t=40720 ms"
1,2026-01-11T00:07:05.882631,36.615742900408804,40730,1.149,"Load=1.149 N, t=40730 ms"
1,2026-01-11T00:07:05.892612,36.62572370003909,40740,1.606,"Load=1.606 N, t=40740 ms"
1,2026-01-11T00:07:05.901682,36.634793600067496,40750,1.126,"Load=1.126 N, t=40750 ms"
1,2026-01-11T00:07:05.911755,36.64486789982766,40760,1.797,"Load=1.797 N, t=40760 ms"
1,2026-01-11T00:07:05.922720,36.65582890063524,40770,1.656,"Load=1.656 N, t=40770 ms"
1,2026-01-11T00:07:05.932692,36.66580360010266,40780,1.562,"Load=1.562 N, t=40780 ms"
1,2026-01-11T00:07:05.942766,36.67587869986892,40790,1.637,"Load=1.637 N, t=40790 ms"
1,2026-01-11T00:07:05.952627,36.68573939986527,40800,1.357,"Load=1.357 N, t=40800 ms"
1,2026-01-11T00:07:05.963724,36.69683550018817,40810,1.443,"Load=1.443 N, t=40810 ms"
1,2026-01-11T00:07:05.971722,36.70483430009335,40820,1.462,"Load=1.462 N, t=40820 ms"
1,2026-01-11T00:07:05.982796,36.71590740047395,40830,1.409,"Load=1.409 N, t=40830 ms"
1,2026-01-11T00:07:05.992747,36.72585859987885,40840,1.463,"Load=1.463 N, t=40840 ms"
1,2026-01-11T00:07:06.002754,36.73586629983038,40850,1.559,"Load=1.559 N, t=40850 ms"
1,2026-01-11T00:07:06.012664,36.74577559996396,40860,2.009,"Load=2.009 N, t=40860 ms"
1,2026-01-11T00:07:06.022740,36.75585160031915,40870,1.37,"Load=1.370 N, t=40870 ms"
1,2026-01-11T00:07:06.032718,36.765830100513995,40880,1.9,"Load=1.900 N, t=40880 ms"
1,2026-01-11T00:07:06.042742,36.77585430070758,40890,1.538,"Load=1.538 N, t=40890 ms"
1,2026-01-11T00:07:06.052891,36.786002499982715,40900,1.704,"Load=1.704 N, t=40900 ms"
1,2026-01-11T00:07:06.062760,36.795871700160205,40910,1.396,"Load=1.396 N, t=40910 ms"
1,2026-01-11T00:07:06.072644,36.8057559998706,40920,1.556,"Load=1.556 N, t=40920 ms"
1,2026-01-11T00:07:06.082758,36.815869900397956,40930,1.463,"Load=1.463 N, t=40930 ms"
1,2026-01-11T00:07:06.092749,36.82586190011352,40940,1.357,"Load=1.357 N, t=40940 ms"
1,2026-01-11T00:07:06.102707,36.835819500498474,40950,1.577,"Load=1.577 N, t=40950 ms"
1,2026-01-11T00:07:06.112666,36.84577670041472,40960,1.193,"Load=1.193 N, t=40960 ms"
1,2026-01-11T00:07:06.122928,36.85603990033269,40970,1.401,"Load=1.401 N, t=40970 ms"
1,2026-01-11T00:07:06.132797,36.86590929981321,40980,1.373,"Load=1.373 N, t=40980 ms"
1,2026-01-11T00:07:06.142786,36.8758984003216,40990,1.515,"Load=1.515 N, t=40990 ms"
1,2026-01-11T00:07:06.152786,36.88589709997177,41000,1.583,"Load=1.583 N, t=41000 ms"
1,2026-01-11T00:07:06.162823,36.89593520015478,41010,1.267,"Load=1.267 N, t=41010 ms"
1,2026-01-11T00:07:06.172737,36.905846199952066,41020,1.401,"Load=1.401 N, t=41020 ms"
1,2026-01-11T00:07:06.182804,36.91591630037874,41030,1.562,"Load=1.562 N, t=41030 ms"
1,2026-01-11T00:07:06.192813,36.92592550069094,41040,1.735,"Load=1.735 N, t=41040 ms"
1,2026-01-11T00:07:06.202780,36.935892100445926,41050,1.381,"Load=1.381 N, t=41050 ms"
1,2026-01-11T00:07:06.212811,36.94592280033976,41060,1.65,"Load=1.650 N, t=41060 ms"
1,2026-01-11T00:07:06.222957,36.956068499945104,41070,1.689,"Load=1.689 N, t=41070 ms"
1,2026-01-11T00:07:06.232689,36.96580110024661,41080,1.518,"Load=1.518 N, t=41080 ms"
1,2026-01-11T00:07:06.242794,36.97590610012412,41090,1.717,"Load=1.717 N, t=41090 ms"
1,2026-01-11T00:07:06.252761,36.98587170056999,41100,1.696,"Load=1.696 N, t=41100 ms"
1,2026-01-11T00:07:06.262702,36.99581080023199,41110,1.704,"Load=1.704 N, t=41110 ms"
1,2026-01-11T00:07:06.272787,37.00589940045029,41120,1.463,"Load=1.463 N, t=41120 ms"
1,2026-01-11T00:07:06.283002,37.01611400023103,41130,1.461,"Load=1.461 N, t=41130 ms"
1,2026-01-11T00:07:06.293010,37.02612170018256,41140,1.312,"Load=1.312 N, t=41140 ms"
1,2026-01-11T00:07:06.302808,37.0359201002866,41150,1.419,"Load=1.419 N, t=41150 ms"
1,2026-01-11T00:07:06.312744,37.045855400152504,41160,1.381,"Load=1.381 N, t=41160 ms"
1,2026-01-11T00:07:06.322935,37.05604590009898,41170,1.603,"Load=1.603 N, t=41170 ms"
1,2026-01-11T00:07:06.332799,37.065910399891436,41180,1.355,"Load=1.355 N, t=41180 ms"
1,2026-01-11T00:07:06.343572,37.07668300066143,41190,1.382,"Load=1.382 N, t=41190 ms"
1,2026-01-11T00:07:06.352686,37.085797999985516,41200,1.593,"Load=1.593 N, t=41200 ms"
1,2026-01-11T00:07:06.362692,37.09580310061574,41210,1.585,"Load=1.585 N, t=41210 ms"
1,2026-01-11T00:07:06.372972,37.106083599850535,41220,1.443,"Load=1.443 N, t=41220 ms"
1,2026-01-11T00:07:06.382696,37.11580750066787,41230,1.781,"Load=1.781 N, t=41230 ms"
1,2026-01-11T00:07:06.392673,37.12578450050205,41240,1.737,"Load=1.737 N, t=41240 ms"
1,2026-01-11T00:07:06.402808,37.13592020049691,41250,1.456,"Load=1.456 N, t=41250 ms"
1,2026-01-11T00:07:06.413577,37.146688899956644,41260,1.521,"Load=1.521 N, t=41260 ms"
1,2026-01-11T00:07:06.422832,37.15594230033457,41270,1.624,"Load=1.624 N, t=41270 ms"
1,2026-01-11T00:07:06.432829,37.16594129987061,41280,1.414,"Load=1.414 N, t=41280 ms"
1,2026-01-11T00:07:06.443653,37.176764000207186,41290,1.231,"Load=1.231 N, t=41290 ms"
1,2026-01-11T00:07:06.452799,37.18590970057994,41300,1.872,"Load=1.872 N, t=41300 ms"
1,2026-01-11T00:07:06.462799,37.1959108998999,41310,1.44,"Load=1.440 N, t=41310 ms"
1,2026-01-11T00:07:06.473646,37.20675740018487,41320,1.473,"Load=1.473 N, t=41320 ms"
1,2026-01-11T00:07:06.483587,37.21669840067625,41330,1.365,"Load=1.365 N, t=41330 ms"
1,2026-01-11T00:07:06.492820,37.22593120019883,41340,1.626,"Load=1.626 N, t=41340 ms"
1,2026-01-11T00:07:06.502708,37.235820200294256,41350,1.505,"Load=1.505 N, t=41350 ms"
1,2026-01-11T00:07:06.512864,37.24597530066967,41360,1.624,"Load=1.624 N, t=41360 ms"
1,2026-01-11T00:07:06.522782,37.25589419994503,41370,1.665,"Load=1.665 N, t=41370 ms"
1,2026-01-11T00:07:06.533760,37.266870900057256,41380,1.329,"Load=1.329 N, t=41380 ms"
1,2026-01-11T00:07:06.543628,37.276739600114524,41390,1.513,"Load=1.513 N, t=41390 ms"
1,2026-01-11T00:07:06.553606,37.28671710006893,41400,1.608,"Load=1.608 N, t=41400 ms"
1,2026-01-11T00:07:06.563672,37.296783700585365,41410,1.205,"Load=1.205 N, t=41410 ms"
1,2026-01-11T00:07:06.572879,37.30599070060998,41420,1.693,"Load=1.693 N, t=41420 ms"
1,2026-01-11T00:07:06.582682,37.31579290051013,41430,1.365,"Load=1.365 N, t=41430 ms"
1,2026-01-11T00:07:06.593718,37.3268296001479,41440,1.476,"Load=1.476 N, t=41440 ms"
1,2026-01-11T00:07:06.603719,37.33683060016483,41450,1.536,"Load=1.536 N, t=41450 ms"
1,2026-01-11T00:07:06.613664,37.346775400452316,41460,1.621,"Load=1.621 N, t=41460 ms"
1,2026-01-11T00:07:06.623664,37.3567737005651,41470,1.471,"Load=1.471 N, t=41470 ms"
1,2026-01-11T00:07:06.633629,37.366741199977696,41480,1.567,"Load=1.567 N, t=41480 ms"
1,2026-01-11T00:07:06.642825,37.37593670003116,41490,1.525,"Load=1.525 N, t=41490 ms"
1,2026-01-11T00:07:06.653643,37.386754100210965,41500,2.153,"Load=2.153 N, t=41500 ms"
1,2026-01-11T00:07:06.663712,37.39682350028306,41510,1.451,"Load=1.451 N, t=41510 ms"
1,2026-01-11T00:07:06.673658,37.40674899984151,41520,1.338,"Load=1.338 N, t=41520 ms"
1,2026-01-11T00:07:06.683664,37.41677610017359,41530,1.531,"Load=1.531 N, t=41530 ms"
1,2026-01-11T00:07:06.693752,37.42686360049993,41540,1.461,"Load=1.461 N, t=41540 ms"
1,2026-01-11T00:07:06.703628,37.43673910014331,41550,1.572,"Load=1.572 N, t=41550 ms"
1,2026-01-11T00:07:06.713688,37.44679920002818,41560,1.52,"Load=1.520 N, t=41560 ms"
1,2026-01-11T00:07:06.723706,37.456817200407386,41570,1.6,"Load=1.600 N, t=41570 ms"
1,2026-01-11T00:07:06.733665,37.466776800341904,41580,1.665,"Load=1.665 N, t=41580 ms"
1,2026-01-11T00:07:06.743669,37.4767797999084,41590,1.768,"Load=1.768 N, t=41590 ms"
1,2026-01-11T00:07:06.753709,37.48682089988142,41600,1.6,"Load=1.600 N, t=41600 ms"
1,2026-01-11T00:07:06.763607,37.49671810027212,41610,1.626,"Load=1.626 N, t=41610 ms"
1,2026-01-11T00:07:06.773704,37.50681590009481,41620,1.812,"Load=1.812 N, t=41620 ms"
1,2026-01-11T00:07:06.783760,37.516870900057256,41630,1.441,"Load=1.441 N, t=41630 ms"
1,2026-01-11T00:07:06.793781,37.52689230069518,41640,1.376,"Load=1.376 N, t=41640 ms"
1,2026-01-11T00:07:06.803661,37.53677139990032,41650,2.208,"Load=2.208 N, t=41650 ms"
1,2026-01-11T00:07:06.813642,37.54675240069628,41660,1.368,"Load=1.368 N, t=41660 ms"
1,2026-01-11T00:07:06.823837,37.55694789998233,41670,1.458,"Load=1.458 N, t=41670 ms"
1,2026-01-11T00:07:06.833696,37.566807200200856,41680,1.389,"Load=1.389 N, t=41680 ms"
1,2026-01-11T00:07:06.843687,37.57679910026491,41690,1.608,"Load=1.608 N, t=41690 ms"
1,2026-01-11T00:07:06.853806,37.58691710047424,41700,1.482,"Load=1.482 N, t=41700 ms"
1,2026-01-11T00:07:06.863695,37.596805499866605,41710,1.475,"Load=1.475 N, t=41710 ms"
1,2026-01-11T00:07:06.873660,37.60677119996399,41720,1.35,"Load=1.350 N, t=41720 ms"
1,2026-01-11T00:07:06.883555,37.616666099987924,41730,1.66,"Load=1.660 N, t=41730 ms"
1,2026-01-11T00:07:06.893696,37.62680650036782,41740,1.495,"Load=1.495 N, t=41740 ms"
1,2026-01-11T00:07:06.903738,37.63684910070151,41750,1.474,"Load=1.474 N, t=41750 ms"
1,2026-01-11T00:07:06.913635,37.646746000275016,41760,1.405,"Load=1.405 N, t=41760 ms"
1,2026-01-11T00:07:06.923627,37.65673829987645,41770,1.595,"Load=1.595 N, t=41770 ms"
1,2026-01-11T00:07:06.933659,37.66677080001682,41780,1.374,"Load=1.374 N, t=41780 ms"
1,2026-01-11T00:07:06.943664,37.67677540052682,41790,1.541,"Load=1.541 N, t=41790 ms"
1,2026-01-11T00:07:06.953856,37.68696670047939,41800,1.447,"Load=1.447 N, t=41800 ms"
1,2026-01-11T00:07:06.963703,37.69681280013174,41810,1.498,"Load=1.498 N, t=41810 ms"
1,2026-01-11T00:07:06.973731,37.706842300482094,41820,1.603,"Load=1.603 N, t=41820 ms"
1,2026-01-11T00:07:06.983666,37.7167763998732,41830,1.523,"Load=1.523 N, t=41830 ms"
1,2026-01-11T00:07:06.993696,37.726806700229645,41840,1.533,"Load=1.533 N, t=41840 ms"
1,2026-01-11T00:07:07.003675,37.736785400658846,41850,1.376,"Load=1.376 N, t=41850 ms"
1,2026-01-11T00:07:07.013708,37.746818699873984,41860,1.617,"Load=1.617 N, t=41860 ms"
1,2026-01-11T00:07:07.023729,37.75683999992907,41870,1.515,"Load=1.515 N, t=41870 ms"
1,2026-01-11T00:07:07.033710,37.766821400262415,41880,1.487,"Load=1.487 N, t=41880 ms"
1,2026-01-11T00:07:07.043782,37.776892400346696,41890,1.41,"Load=1.410 N, t=41890 ms"
1,2026-01-11T00:07:07.053821,37.78692650049925,41900,1.612,"Load=1.612 N, t=41900 ms"
1,2026-01-11T00:07:07.063613,37.79672360047698,41910,1.719,"Load=1.719 N, t=41910 ms"
1,2026-01-11T00:07:07.074758,37.807868900708854,41920,1.675,"Load=1.675 N, t=41920 ms"
1,2026-01-11T00:07:07.083735,37.81684560049325,41930,1.391,"Load=1.391 N, t=41930 ms"
1,2026-01-11T00:07:07.093710,37.826820500195026,41940,1.621,"Load=1.621 N, t=41940 ms"
1,2026-01-11T00:07:07.103779,37.83689010050148,41950,1.686,"Load=1.686 N, t=41950 ms"
1,2026-01-11T00:07:07.113622,37.84673279989511,41960,1.41,"Load=1.410 N, t=41960 ms"
1,2026-01-11T00:07:07.123622,37.85673200059682,41970,1.518,"Load=1.518 N, t=41970 ms"
1,2026-01-11T00:07:07.134740,37.867850500158966,41980,1.517,"Load=1.517 N, t=41980 ms"
1,2026-01-11T00:07:07.143808,37.876915000379086,41990,1.655,"Load=1.655 N, t=41990 ms"
1,2026-01-11T00:07:07.153737,37.8868478005752,42000,1.492,"Load=1.492 N, t=42000 ms"
1,2026-01-11T00:07:07.163841,37.896950299851596,42010,1.296,"Load=1.296 N, t=42010 ms"
1,2026-01-11T00:07:07.173641,37.906751500442624,42020,1.606,"Load=1.606 N, t=42020 ms"
1,2026-01-11T00:07:07.183752,37.916861900128424,42030,1.65,"Load=1.650 N, t=42030 ms"
1,2026-01-11T00:07:07.194760,37.92787049990147,42040,1.735,"Load=1.735 N, t=42040 ms"
1,2026-01-11T00:07:07.204708,37.93781859986484,42050,1.639,"Load=1.639 N, t=42050 ms"
1,2026-01-11T00:07:07.213733,37.946844100020826,42060,1.475,"Load=1.475 N, t=42060 ms"
1,2026-01-11T00:07:07.223757,37.95686770044267,42070,1.722,"Load=1.722 N, t=42070 ms"
1,2026-01-11T00:07:07.234045,37.96715570054948,42080,1.699,"Load=1.699 N, t=42080 ms"
1,2026-01-11T00:07:07.243714,37.9768249001354,42090,1.531,"Load=1.531 N, t=42090 ms"
1,2026-01-11T00:07:07.254764,37.98787510022521,42100,1.513,"Load=1.513 N, t=42100 ms"
1,2026-01-11T00:07:07.264769,37.99787890072912,42110,1.626,"Load=1.626 N, t=42110 ms"
1,2026-01-11T00:07:07.274717,38.00782770011574,42120,1.631,"Load=1.631 N, t=42120 ms"
1,2026-01-11T00:07:07.283715,38.01682490017265,42130,1.564,"Load=1.564 N, t=42130 ms"
1,2026-01-11T00:07:07.293690,38.026800500229,42140,1.595,"Load=1.595 N, t=42140 ms"
1,2026-01-11T00:07:07.303756,38.036866299808025,42150,1.97,"Load=1.970 N, t=42150 ms"
1,2026-01-11T00:07:07.313740,38.046851300634444,42160,1.528,"Load=1.528 N, t=42160 ms"
1,2026-01-11T00:07:07.324818,38.05792810022831,42170,1.817,"Load=1.817 N, t=42170 ms"
1,2026-01-11T00:07:07.334887,38.067997800186276,42180,1.59,"Load=1.590 N, t=42180 ms"
1,2026-01-11T00:07:07.344857,38.0779678998515,42190,1.577,"Load=1.577 N, t=42190 ms"
1,2026-01-11T00:07:07.354744,38.08785470016301,42200,1.737,"Load=1.737 N, t=42200 ms"
1,2026-01-11T00:07:07.363660,38.09677049983293,42210,1.965,"Load=1.965 N, t=42210 ms"
1,2026-01-11T00:07:07.373701,38.10681030061096,42220,1.528,"Load=1.528 N, t=42220 ms"
1,2026-01-11T00:07:07.384723,38.117832500487566,42230,1.423,"Load=1.423 N, t=42230 ms"
1,2026-01-11T00:07:07.394867,38.12797790020704,42240,1.593,"Load=1.593 N, t=42240 ms"
1,2026-01-11T00:07:07.404745,38.13785560056567,42250,1.487,"Load=1.487 N, t=42250 ms"
1,2026-01-11T00:07:07.414751,38.14786189980805,42260,1.515,"Load=1.515 N, t=42260 ms"
1,2026-01-11T00:07:07.424767,38.157877599820495,42270,1.544,"Load=1.544 N, t=42270 ms"
1,2026-01-11T00:07:07.433968,38.1670786999166,42280,1.639,"Load=1.639 N, t=42280 ms"
1,2026-01-11T00:07:07.444842,38.17795229982585,42290,1.863,"Load=1.863 N, t=42290 ms"
1,2026-01-11T00:07:07.454786,38.18789670057595,42300,1.65,"Load=1.650 N, t=42300 ms"
1,2026-01-11T00:07:07.464786,38.197895400226116,42310,1.655,"Load=1.655 N, t=42310 ms"
1,2026-01-11T00:07:07.474769,38.20787960011512,42320,1.529,"Load=1.529 N, t=42320 ms"
1,2026-01-11T00:07:07.484652,38.21776140015572,42330,1.49,"Load=1.490 N, t=42330 ms"
1,2026-01-11T00:07:07.494745,38.22785540018231,42340,2.138,"Load=2.138 N, t=42340 ms"
1,2026-01-11T00:07:07.504811,38.23792210035026,42350,1.634,"Load=1.634 N, t=42350 ms"
1,2026-01-11T00:07:07.514797,38.24790639989078,42360,1.65,"Load=1.650 N, t=42360 ms"
1,2026-01-11T00:07:07.524684,38.25779520068318,42370,1.712,"Load=1.712 N, t=42370 ms"
1,2026-01-11T00:07:07.534773,38.26788409985602,42380,1.65,"Load=1.650 N, t=42380 ms"
1,2026-01-11T00:07:07.544651,38.27776150032878,42390,1.417,"Load=1.417 N, t=42390 ms"
1,2026-01-11T00:07:07.554763,38.287872600369155,42400,1.761,"Load=1.761 N, t=42400 ms"
1,2026-01-11T00:07:07.564815,38.297924200072885,42410,1.62,"Load=1.620 N, t=42410 ms"
1,2026-01-11T00:07:07.574832,38.30794209986925,42420,1.722,"Load=1.722 N, t=42420 ms"
1,2026-01-11T00:07:07.584797,38.317907500080764,42430,1.462,"Load=1.462 N, t=42430 ms"
1,2026-01-11T00:07:07.594681,38.327791600488126,42440,1.655,"Load=1.655 N, t=42440 ms"
1,2026-01-11T00:07:07.604819,38.33792970050126,42450,1.758,"Load=1.758 N, t=42450 ms"
1,2026-01-11T00:07:07.614898,38.34800780005753,42460,1.469,"Load=1.469 N, t=42460 ms"
1,2026-01-11T00:07:07.625870,38.3589788004756,42470,1.625,"Load=1.625 N, t=42470 ms"
1,2026-01-11T00:07:07.634803,38.36791389994323,42480,1.934,"Load=1.934 N, t=42480 ms"
1,2026-01-11T00:07:07.644775,38.377884400077164,42490,1.668,"Load=1.668 N, t=42490 ms"
1,2026-01-11T00:07:07.654743,38.3878532005474,42500,1.577,"Load=1.577 N, t=42500 ms"
1,2026-01-11T00:07:07.664933,38.398043100722134,42510,1.386,"Load=1.386 N, t=42510 ms"
1,2026-01-11T00:07:07.674750,38.40786030050367,42520,1.544,"Load=1.544 N, t=42520 ms"
1,2026-01-11T00:07:07.684731,38.41784080024809,42530,1.598,"Load=1.598 N, t=42530 ms"
1,2026-01-11T00:07:07.694977,38.42808760050684,42540,1.693,"Load=1.693 N, t=42540 ms"
1,2026-01-11T00:07:07.704835,38.4379454003647,42550,1.657,"Load=1.657 N, t=42550 ms"
1,2026-01-11T00:07:07.714708,38.447818600572646,42560,1.627,"Load=1.627 N, t=42560 ms"
1,2026-01-11T00:07:07.724941,38.4580508004874,42570,1.717,"Load=1.717 N, t=42570 ms"
1,2026-01-11T00:07:07.734665,38.467774600721896,42580,1.774,"Load=1.774 N, t=42580 ms"
1,2026-01-11T00:07:07.744843,38.477953400462866,42590,1.574,"Load=1.574 N, t=42590 ms"
1,2026-01-11T00:07:07.754804,38.48791350051761,42600,1.438,"Load=1.438 N, t=42600 ms"
1,2026-01-11T00:07:07.764747,38.49785639997572,42610,1.407,"Load=1.407 N, t=42610 ms"
1,2026-01-11T00:07:07.774728,38.50783789996058,42620,1.596,"Load=1.596 N, t=42620 ms"
1,2026-01-11T00:07:07.784836,38.517945600673556,42630,1.825,"Load=1.825 N, t=42630 ms"
1,2026-01-11T00:07:07.794693,38.52780279982835,42640,1.725,"Load=1.725 N, t=42640 ms"
1,2026-01-11T00:07:07.804706,38.53781499993056,42650,1.634,"Load=1.634 N, t=42650 ms"
1,2026-01-11T00:07:07.814694,38.54780420009047,42660,1.779,"Load=1.779 N, t=42660 ms"
1,2026-01-11T00:07:07.825219,38.55832890048623,42670,1.619,"Load=1.619 N, t=42670 ms"
1,2026-01-11T00:07:07.834746,38.56785590015352,42680,1.812,"Load=1.812 N, t=42680 ms"
1,2026-01-11T00:07:07.844821,38.57793090026826,42690,1.613,"Load=1.613 N, t=42690 ms"
1,2026-01-11T00:07:07.854825,38.58793570008129,42700,1.784,"Load=1.784 N, t=42700 ms"
1,2026-01-11T00:07:07.865589,38.59869890008122,42710,1.598,"Load=1.598 N, t=42710 ms"
1,2026-01-11T00:07:07.874702,38.60781210009009,42720,1.719,"Load=1.719 N, t=42720 ms"
1,2026-01-11T00:07:07.884712,38.61782220005989,42730,1.564,"Load=1.564 N, t=42730 ms"
1,2026-01-11T00:07:07.894704,38.62781360000372,42740,1.538,"Load=1.538 N, t=42740 ms"
1,2026-01-11T00:07:07.904822,38.63793249987066,42750,1.568,"Load=1.568 N, t=42750 ms"
1,2026-01-11T00:07:07.914799,38.64790919981897,42760,1.642,"Load=1.642 N, t=42760 ms"
1,2026-01-11T00:07:07.925571,38.65868080034852,42770,1.639,"Load=1.639 N, t=42770 ms"
1,2026-01-11T00:07:07.935634,38.66874290071428,42780,1.846,"Load=1.846 N, t=42780 ms"
1,2026-01-11T00:07:07.944831,38.67794070020318,42790,1.637,"Load=1.637 N, t=42790 ms"
1,2026-01-11T00:07:07.954699,38.68780840002,42800,1.887,"Load=1.887 N, t=42800 ms"
1,2026-01-11T00:07:07.964686,38.69779609981924,42810,1.581,"Load=1.581 N, t=42810 ms"
1,2026-01-11T00:07:07.974675,38.70778529997915,42820,1.807,"Load=1.807 N, t=42820 ms"
1,2026-01-11T00:07:07.984680,38.71778899990022,42830,1.678,"Load=1.678 N, t=42830 ms"
1,2026-01-11T00:07:07.995765,38.72887470014393,42840,1.442,"Load=1.442 N, t=42840 ms"
1,2026-01-11T00:07:08.005710,38.73881800007075,42850,1.686,"Load=1.686 N, t=42850 ms"
1,2026-01-11T00:07:08.014826,38.7479357002303,42860,1.292,"Load=1.292 N, t=42860 ms"
1,2026-01-11T00:07:08.024872,38.757981300354004,42870,1.701,"Load=1.701 N, t=42870 ms"
1,2026-01-11T00:07:08.034811,38.7679212000221,42880,1.82,"Load=1.820 N, t=42880 ms"
1,2026-01-11T00:07:08.044838,38.777947400696576,42890,1.629,"Load=1.629 N, t=42890 ms"
1,2026-01-11T00:07:08.055778,38.788887300528586,42900,1.454,"Load=1.454 N, t=42900 ms"
1,2026-01-11T00:07:08.065684,38.79879350028932,42910,1.763,"Load=1.763 N, t=42910 ms"
1,2026-01-11T00:07:08.075818,38.80892700050026,42920,1.75,"Load=1.750 N, t=42920 ms"
1,2026-01-11T00:07:08.084819,38.817929500713944,42930,1.952,"Load=1.952 N, t=42930 ms"
1,2026-01-11T00:07:08.094852,38.8279611999169,42940,1.737,"Load=1.737 N, t=42940 ms"
1,2026-01-11T00:07:08.104735,38.837844899855554,42950,1.515,"Load=1.515 N, t=42950 ms"
1,2026-01-11T00:07:08.115816,38.848925000056624,42960,1.641,"Load=1.641 N, t=42960 ms"
1,2026-01-11T00:07:08.125767,38.85887630004436,42970,1.528,"Load=1.528 N, t=42970 ms"
1,2026-01-11T00:07:08.135684,38.868793500587344,42980,1.675,"Load=1.675 N, t=42980 ms"
1,2026-01-11T00:07:08.144839,38.87794720008969,42990,1.666,"Load=1.666 N, t=42990 ms"
1,2026-01-11T00:07:08.154876,38.88798550050706,43000,1.849,"Load=1.849 N, t=43000 ms"
1,2026-01-11T00:07:08.164896,38.89800539985299,43010,1.864,"Load=1.864 N, t=43010 ms"
1,2026-01-11T00:07:08.175777,38.90888720005751,43020,1.49,"Load=1.490 N, t=43020 ms"
1,2026-01-11T00:07:08.185830,38.91893929988146,43030,1.598,"Load=1.598 N, t=43030 ms"
1,2026-01-11T00:07:08.195766,38.92887580022216,43040,1.895,"Load=1.895 N, t=43040 ms"
1,2026-01-11T00:07:08.205723,38.93883160036057,43050,1.673,"Load=1.673 N, t=43050 ms"
1,2026-01-11T00:07:08.214793,38.94790230039507,43060,1.898,"Load=1.898 N, t=43060 ms"
1,2026-01-11T00:07:08.224828,38.95793680008501,43070,1.75,"Load=1.750 N, t=43070 ms"
1,2026-01-11T00:07:08.235659,38.96876770071685,43080,1.485,"Load=1.485 N, t=43080 ms"
1,2026-01-11T00:07:08.245720,38.978829400613904,43090,1.658,"Load=1.658 N, t=43090 ms"
1,2026-01-11T00:07:08.255773,38.9888829998672,43100,1.644,"Load=1.644 N, t=43100 ms"
1,2026-01-11T00:07:08.265766,38.99887560028583,43110,1.644,"Load=1.644 N, t=43110 ms"
1,2026-01-11T00:07:08.275732,39.008841500617564,43120,1.885,"Load=1.885 N, t=43120 ms"
1,2026-01-11T00:07:08.284823,39.017933200113475,43130,1.841,"Load=1.841 N, t=43130 ms"
1,2026-01-11T00:07:08.295614,39.0287239998579,43140,1.613,"Load=1.613 N, t=43140 ms"
1,2026-01-11T00:07:08.305780,39.0388890998438,43150,1.665,"Load=1.665 N, t=43150 ms"
1,2026-01-11T00:07:08.315667,39.04877610038966,43160,1.722,"Load=1.722 N, t=43160 ms"
1,2026-01-11T00:07:08.325697,39.05880680028349,43170,1.983,"Load=1.983 N, t=43170 ms"
1,2026-01-11T00:07:08.335755,39.06886480003595,43180,1.65,"Load=1.650 N, t=43180 ms"
1,2026-01-11T00:07:08.344841,39.07795030064881,43190,1.851,"Load=1.851 N, t=43190 ms"
1,2026-01-11T00:07:08.355915,39.08902500011027,43200,1.752,"Load=1.752 N, t=43200 ms"
1,2026-01-11T00:07:08.365737,39.09884610027075,43210,1.693,"Load=1.693 N, t=43210 ms"
1,2026-01-11T00:07:08.375914,39.109023599885404,43220,1.986,"Load=1.986 N, t=43220 ms"
1,2026-01-11T00:07:08.385960,39.11907010059804,43230,1.921,"Load=1.921 N, t=43230 ms"
1,2026-01-11T00:07:08.395736,39.128844800405204,43240,1.325,"Load=1.325 N, t=43240 ms"
1,2026-01-11T00:07:08.405692,39.13880079984665,43250,1.626,"Load=1.626 N, t=43250 ms"
1,2026-01-11T00:07:08.415809,39.148917799815536,43260,1.632,"Load=1.632 N, t=43260 ms"
1,2026-01-11T00:07:08.425676,39.158785100094974,43270,1.593,"Load=1.593 N, t=43270 ms"
1,2026-01-11T00:07:08.435794,39.16890300065279,43280,1.673,"Load=1.673 N, t=43280 ms"
1,2026-01-11T00:07:08.445843,39.178951600566506,43290,1.71,"Load=1.710 N, t=43290 ms"
1,2026-01-11T00:07:08.455792,39.18890090007335,43300,1.598,"Load=1.598 N, t=43300 ms"
1,2026-01-11T00:07:08.465772,39.198881200514734,43310,1.722,"Load=1.722 N, t=43310 ms"
1,2026-01-11T00:07:08.475800,39.20890960004181,43320,1.874,"Load=1.874 N, t=43320 ms"
1,2026-01-11T00:07:08.485623,39.21873170044273,43330,1.908,"Load=1.908 N, t=43330 ms"
1,2026-01-11T00:07:08.495738,39.228847400285304,43340,1.505,"Load=1.505 N, t=43340 ms"
1,2026-01-11T00:07:08.505801,39.23890950065106,43350,1.67,"Load=1.670 N, t=43350 ms"
1,2026-01-11T00:07:08.515647,39.248756100423634,43360,1.657,"Load=1.657 N, t=43360 ms"
1,2026-01-11T00:07:08.525733,39.25884180050343,43370,1.637,"Load=1.637 N, t=43370 ms"
1,2026-01-11T00:07:08.535802,39.26891139987856,43380,1.464,"Load=1.464 N, t=43380 ms"
1,2026-01-11T00:07:08.545742,39.27885119989514,43390,1.934,"Load=1.934 N, t=43390 ms"
1,2026-01-11T00:07:08.555722,39.28883040044457,43400,1.567,"Load=1.567 N, t=43400 ms"
1,2026-01-11T00:07:08.565613,39.29872140008956,43410,2.126,"Load=2.126 N, t=43410 ms"
1,2026-01-11T00:07:08.575669,39.30877820029855,43420,2.053,"Load=2.053 N, t=43420 ms"
1,2026-01-11T00:07:08.585644,39.31875290069729,43430,1.83,"Load=1.830 N, t=43430 ms"
1,2026-01-11T00:07:08.595666,39.32877450063825,43440,1.486,"Load=1.486 N, t=43440 ms"
1,2026-01-11T00:07:08.605692,39.33880109991878,43450,1.639,"Load=1.639 N, t=43450 ms"
1,2026-01-11T00:07:08.615652,39.348760600201786,43460,1.702,"Load=1.702 N, t=43460 ms"
1,2026-01-11T00:07:08.625668,39.35877740010619,43470,1.665,"Load=1.665 N, t=43470 ms"
1,2026-01-11T00:07:08.635664,39.3687733002007,43480,1.556,"Load=1.556 N, t=43480 ms"
1,2026-01-11T00:07:08.645621,39.3787294998765,43490,1.686,"Load=1.686 N, t=43490 ms"
1,2026-01-11T00:07:08.655611,39.38872059993446,43500,2.022,"Load=2.022 N, t=43500 ms"
1,2026-01-11T00:07:08.665656,39.398765000514686,43510,1.761,"Load=1.761 N, t=43510 ms"
1,2026-01-11T00:07:08.675657,39.40876630041748,43520,1.609,"Load=1.609 N, t=43520 ms"
1,2026-01-11T00:07:08.685899,39.419007300399244,43530,1.508,"Load=1.508 N, t=43530 ms"
1,2026-01-11T00:07:08.695650,39.42875840049237,43540,1.634,"Load=1.634 N, t=43540 ms"
1,2026-01-11T00:07:08.705665,39.438773000612855,43550,1.838,"Load=1.838 N, t=43550 ms"
1,2026-01-11T00:07:08.715643,39.44875170011073,43560,1.51,"Load=1.510 N, t=43560 ms"
1,2026-01-11T00:07:08.725708,39.45881689991802,43570,1.824,"Load=1.824 N, t=43570 ms"
1,2026-01-11T00:07:08.735729,39.468838300555944,43580,1.909,"Load=1.909 N, t=43580 ms"
1,2026-01-11T00:07:08.745656,39.478764600120485,43590,1.851,"Load=1.851 N, t=43590 ms"
1,2026-01-11T00:07:08.755811,39.48891959991306,43600,1.702,"Load=1.702 N, t=43600 ms"
1,2026-01-11T00:07:08.765800,39.498909200541675,43610,1.753,"Load=1.753 N, t=43610 ms"
1,2026-01-11T00:07:08.775707,39.508815600536764,43620,1.869,"Load=1.869 N, t=43620 ms"
1,2026-01-11T00:07:08.785863,39.518970999866724,43630,1.896,"Load=1.896 N, t=43630 ms"
1,2026-01-11T00:07:08.795752,39.528861000202596,43640,1.838,"Load=1.838 N, t=43640 ms"
1,2026-01-11T00:07:08.805753,39.53886160068214,43650,1.639,"Load=1.639 N, t=43650 ms"
1,2026-01-11T00:07:08.815826,39.5489346999675,43660,1.64,"Load=1.640 N, t=43660 ms"
1,2026-01-11T00:07:08.825804,39.558912999928,43670,1.882,"Load=1.882 N, t=43670 ms"
1,2026-01-11T00:07:08.835779,39.56888720020652,43680,1.603,"Load=1.603 N, t=43680 ms"
1,2026-01-11T00:07:08.846752,39.57986029982567,43690,1.857,"Load=1.857 N, t=43690 ms"
1,2026-01-11T00:07:08.855756,39.58886490017176,43700,1.526,"Load=1.526 N, t=43700 ms"
1,2026-01-11T00:07:08.865836,39.59894410055131,43710,1.784,"Load=1.784 N, t=43710 ms"
1,2026-01-11T00:07:08.875824,39.608932700008154,43720,1.725,"Load=1.725 N, t=43720 ms"
1,2026-01-11T00:07:08.885738,39.618846899829805,43730,1.787,"Load=1.787 N, t=43730 ms"
1,2026-01-11T00:07:08.895890,39.62899870052934,43740,1.585,"Load=1.585 N, t=43740 ms"
1,2026-01-11T00:07:08.906775,39.639883500523865,43750,1.742,"Load=1.742 N, t=43750 ms"
1,2026-01-11T00:07:08.916597,39.6497065005824,43760,1.815,"Load=1.815 N, t=43760 ms"
1,2026-01-11T00:07:08.925970,39.65907829999924,43770,1.675,"Load=1.675 N, t=43770 ms"
1,2026-01-11T00:07:08.935855,39.668963599950075,43780,1.709,"Load=1.709 N, t=43780 ms"
1,2026-01-11T00:07:08.945915,39.67902410030365,43790,1.691,"Load=1.691 N, t=43790 ms"
1,2026-01-11T00:07:08.955822,39.688930599950254,43800,1.82,"Load=1.820 N, t=43800 ms"
1,2026-01-11T00:07:08.966808,39.699917300604284,43810,1.716,"Load=1.716 N, t=43810 ms"
1,2026-01-11T00:07:08.976696,39.709803599864244,43820,1.616,"Load=1.616 N, t=43820 ms"
1,2026-01-11T00:07:08.986760,39.719867600128055,43830,1.862,"Load=1.862 N, t=43830 ms"
1,2026-01-11T00:07:08.995651,39.72875940054655,43840,1.75,"Load=1.750 N, t=43840 ms"
1,2026-01-11T00:07:09.005857,39.738965400494635,43850,1.859,"Load=1.859 N, t=43850 ms"
1,2026-01-11T00:07:09.015757,39.74886529985815,43860,1.725,"Load=1.725 N, t=43860 ms"
1,2026-01-11T00:07:09.026785,39.75989380013198,43870,1.61,"Load=1.610 N, t=43870 ms"
1,2026-01-11T00:07:09.036781,39.769889799878,43880,1.515,"Load=1.515 N, t=43880 ms"
1,2026-01-11T00:07:09.046730,39.77983700018376,43890,1.687,"Load=1.687 N, t=43890 ms"
1,2026-01-11T00:07:09.056567,39.789675700478256,43900,1.947,"Load=1.947 N, t=43900 ms"
1,2026-01-11T00:07:09.065691,39.79879900068045,43910,1.828,"Load=1.828 N, t=43910 ms"
1,2026-01-11T00:07:09.075859,39.808967400342226,43920,1.931,"Load=1.931 N, t=43920 ms"
1,2026-01-11T00:07:09.086747,39.81985510047525,43930,1.821,"Load=1.821 N, t=43930 ms"
1,2026-01-11T00:07:09.096678,39.82978690043092,43940,1.838,"Load=1.838 N, t=43940 ms"
1,2026-01-11T00:07:09.106729,39.83983760047704,43950,1.719,"Load=1.719 N, t=43950 ms"
1,2026-01-11T00:07:09.116723,39.8498304001987,43960,1.991,"Load=1.991 N, t=43960 ms"
1,2026-01-11T00:07:09.126903,39.860011300072074,43970,1.802,"Load=1.802 N, t=43970 ms"
1,2026-01-11T00:07:09.135916,39.86902470048517,43980,1.859,"Load=1.859 N, t=43980 ms"
1,2026-01-11T00:07:09.146746,39.879854400642216,43990,1.766,"Load=1.766 N, t=43990 ms"
1,2026-01-11T00:07:09.156640,39.889748400077224,44000,1.74,"Load=1.740 N, t=44000 ms"
1,2026-01-11T00:07:09.166692,39.89980010036379,44010,1.538,"Load=1.538 N, t=44010 ms"
1,2026-01-11T00:07:09.176740,39.90984770003706,44020,1.705,"Load=1.705 N, t=44020 ms"
1,2026-01-11T00:07:09.186769,39.919877800159156,44030,1.714,"Load=1.714 N, t=44030 ms"
1,2026-01-11T00:07:09.196616,39.92972439993173,44040,1.794,"Load=1.794 N, t=44040 ms"
1,2026-01-11T00:07:09.206791,39.939898900687695,44050,1.812,"Load=1.812 N, t=44050 ms"
1,2026-01-11T00:07:09.216855,39.949963700026274,44060,2.133,"Load=2.133 N, t=44060 ms"
1,2026-01-11T00:07:09.226647,39.95975640043616,44070,2.081,"Load=2.081 N, t=44070 ms"
1,2026-01-11T00:07:09.236636,39.96974419988692,44080,1.88,"Load=1.880 N, t=44080 ms"
1,2026-01-11T00:07:09.246608,39.97971640061587,44090,1.74,"Load=1.740 N, t=44090 ms"
1,2026-01-11T00:07:09.256797,39.98990510031581,44100,1.639,"Load=1.639 N, t=44100 ms"
1,2026-01-11T00:07:09.266653,39.99976080004126,44110,1.849,"Load=1.849 N, t=44110 ms"
1,2026-01-11T00:07:09.276676,40.009784299880266,44120,1.884,"Load=1.884 N, t=44120 ms"
1,2026-01-11T00:07:09.286842,40.01995069999248,44130,1.781,"Load=1.781 N, t=44130 ms"
1,2026-01-11T00:07:09.296795,40.02990290056914,44140,1.864,"Load=1.864 N, t=44140 ms"
1,2026-01-11T00:07:09.306798,40.03990610036999,44150,1.727,"Load=1.727 N, t=44150 ms"
1,2026-01-11T00:07:09.316935,40.0500428006053,44160,1.732,"Load=1.732 N, t=44160 ms"
1,2026-01-11T00:07:09.326636,40.05974460020661,44170,1.908,"Load=1.908 N, t=44170 ms"
1,2026-01-11T00:07:09.336743,40.069850800558925,44180,1.781,"Load=1.781 N, t=44180 ms"
1,2026-01-11T00:07:09.346938,40.08004570007324,44190,1.737,"Load=1.737 N, t=44190 ms"
1,2026-01-11T00:07:09.356753,40.08986090030521,44200,2.068,"Load=2.068 N, t=44200 ms"
1,2026-01-11T00:07:09.366751,40.099858900532126,44210,1.662,"Load=1.662 N, t=44210 ms"
1,2026-01-11T00:07:09.376757,40.10986540000886,44220,1.751,"Load=1.751 N, t=44220 ms"
1,2026-01-11T00:07:09.386756,40.119863600470126,44230,1.789,"Load=1.789 N, t=44230 ms"
1,2026-01-11T00:07:09.396948,40.13005620054901,44240,1.754,"Load=1.754 N, t=44240 ms"
1,2026-01-11T00:07:09.406810,40.13991850055754,44250,2.035,"Load=2.035 N, t=44250 ms"
1,2026-01-11T00:07:09.416818,40.149926700629294,44260,1.807,"Load=1.807 N, t=44260 ms"
1,2026-01-11T00:07:09.426701,40.1598085006699,44270,2.141,"Load=2.141 N, t=44270 ms"
1,2026-01-11T00:07:09.436745,40.169852800667286,44280,2.11,"Load=2.110 N, t=44280 ms"
1,2026-01-11T00:07:09.446637,40.179745100438595,44290,1.911,"Load=1.911 N, t=44290 ms"
1,2026-01-11T00:07:09.456831,40.18993839994073,44300,1.901,"Load=1.901 N, t=44300 ms"
1,2026-01-11T00:07:09.466826,40.19993459992111,44310,1.784,"Load=1.784 N, t=44310 ms"
1,2026-01-11T00:07:09.476755,40.20986200030893,44320,1.622,"Load=1.622 N, t=44320 ms"
1,2026-01-11T00:07:09.486704,40.21981140039861,44330,1.65,"Load=1.650 N, t=44330 ms"
1,2026-01-11T00:07:09.496796,40.22990380041301,44340,1.916,"Load=1.916 N, t=44340 ms"
1,2026-01-11T00:07:09.506743,40.23985190037638,44350,1.942,"Load=1.942 N, t=44350 ms"
1,2026-01-11T00:07:09.516795,40.24990270007402,44360,1.826,"Load=1.826 N, t=44360 ms"
1,2026-01-11T00:07:09.526909,40.26001670025289,44370,1.934,"Load=1.934 N, t=44370 ms"
1,2026-01-11T00:07:09.536751,40.26985890045762,44380,1.75,"Load=1.750 N, t=44380 ms"
1,2026-01-11T00:07:09.546699,40.27980659995228,44390,1.789,"Load=1.789 N, t=44390 ms"
1,2026-01-11T00:07:09.556925,40.2900319006294,44400,1.942,"Load=1.942 N, t=44400 ms"
1,2026-01-11T00:07:09.566909,40.300017200410366,44410,2.174,"Load=2.174 N, t=44410 ms"
1,2026-01-11T00:07:09.576791,40.30989930033684,44420,1.867,"Load=1.867 N, t=44420 ms"
1,2026-01-11T00:07:09.586877,40.31998370029032,44430,1.947,"Load=1.947 N, t=44430 ms"
1,2026-01-11T00:07:09.597909,40.33101680036634,44440,1.756,"Load=1.756 N, t=44440 ms"
1,2026-01-11T00:07:09.606781,40.33988890051842,44450,1.96,"Load=1.960 N, t=44450 ms"
1,2026-01-11T00:07:09.616660,40.3497673003003,44460,1.854,"Load=1.854 N, t=44460 ms"
1,2026-01-11T00:07:09.626688,40.35979569982737,44470,1.82,"Load=1.820 N, t=44470 ms"
1,2026-01-11T00:07:09.637681,40.37078850064427,44480,1.845,"Load=1.845 N, t=44480 ms"
1,2026-01-11T00:07:09.646834,40.37994170002639,44490,1.643,"Load=1.643 N, t=44490 ms"
1,2026-01-11T00:07:09.656742,40.38984960038215,44500,1.924,"Load=1.924 N, t=44500 ms"
1,2026-01-11T00:07:09.666734,40.39984120056033,44510,1.911,"Load=1.911 N, t=44510 ms"
1,2026-01-11T00:07:09.676699,40.40980499982834,44520,1.639,"Load=1.639 N, t=44520 ms"
1,2026-01-11T00:07:09.686884,40.41999169997871,44530,1.756,"Load=1.756 N, t=44530 ms"
1,2026-01-11T00:07:09.697717,40.43082490004599,44540,1.913,"Load=1.913 N, t=44540 ms"
1,2026-01-11T00:07:09.707747,40.44085349980742,44550,1.911,"Load=1.911 N, t=44550 ms"
1,2026-01-11T00:07:09.717672,40.450780199840665,44560,1.65,"Load=1.650 N, t=44560 ms"
1,2026-01-11T00:07:09.726768,40.459875400178134,44570,1.908,"Load=1.908 N, t=44570 ms"
1,2026-01-11T00:07:09.736805,40.46991260070354,44580,1.815,"Load=1.815 N, t=44580 ms"
1,2026-01-11T00:07:09.746819,40.47992639988661,44590,2.071,"Load=2.071 N, t=44590 ms"
1,2026-01-11T00:07:09.757695,40.490802800282836,44600,2.405,"Load=2.405 N, t=44600 ms"
1,2026-01-11T00:07:09.767765,40.50087230000645,44610,1.756,"Load=1.756 N, t=44610 ms"
1,2026-01-11T00:07:09.777785,40.51089240051806,44620,2.035,"Load=2.035 N, t=44620 ms"
1,2026-01-11T00:07:09.787754,40.52086200006306,44630,2.068,"Load=2.068 N, t=44630 ms"
1,2026-01-11T00:07:09.796834,40.5299412002787,44640,2.115,"Load=2.115 N, t=44640 ms"
1,2026-01-11T00:07:09.806851,40.53995809983462,44650,1.988,"Load=1.988 N, t=44650 ms"
1,2026-01-11T00:07:09.817659,40.550765700638294,44660,1.927,"Load=1.927 N, t=44660 ms"
1,2026-01-11T00:07:09.827641,40.560748600400984,44670,2.006,"Load=2.006 N, t=44670 ms"
1,2026-01-11T00:07:09.837666,40.57077320013195,44680,1.836,"Load=1.836 N, t=44680 ms"
1,2026-01-11T00:07:09.847635,40.58074280060828,44690,2.037,"Load=2.037 N, t=44690 ms"
1,2026-01-11T00:07:09.857598,40.590705499984324,44700,1.942,"Load=1.942 N, t=44700 ms"
1,2026-01-11T00:07:09.866741,40.59984720032662,44710,1.947,"Load=1.947 N, t=44710 ms"
1,2026-01-11T00:07:09.877759,40.61086570005864,44720,2.037,"Load=2.037 N, t=44720 ms"
1,2026-01-11T00:07:09.887718,40.62082590069622,44730,1.911,"Load=1.911 N, t=44730 ms"
1,2026-01-11T00:07:09.897656,40.6307628005743,44740,1.895,"Load=1.895 N, t=44740 ms"
1,2026-01-11T00:07:09.907624,40.64073109999299,44750,2.097,"Load=2.097 N, t=44750 ms"
1,2026-01-11T00:07:09.917692,40.65079940017313,44760,1.96,"Load=1.960 N, t=44760 ms"
1,2026-01-11T00:07:09.927623,40.66072990000248,44770,2.092,"Load=2.092 N, t=44770 ms"
1,2026-01-11T00:07:09.937800,40.67090839985758,44780,1.953,"Load=1.953 N, t=44780 ms"
1,2026-01-11T00:07:09.947721,40.68082860019058,44790,2.099,"Load=2.099 N, t=44790 ms"
1,2026-01-11T00:07:09.957721,40.6908275000751,44800,1.957,"Load=1.957 N, t=44800 ms"
1,2026-01-11T00:07:09.967777,40.70088420063257,44810,1.885,"Load=1.885 N, t=44810 ms"
1,2026-01-11T00:07:09.977703,40.7108104005456,44820,1.993,"Load=1.993 N, t=44820 ms"
1,2026-01-11T00:07:09.987630,40.720737400464714,44830,1.898,"Load=1.898 N, t=44830 ms"
1,2026-01-11T00:07:09.997912,40.73101940006018,44840,1.785,"Load=1.785 N, t=44840 ms"
1,2026-01-11T00:07:10.007733,40.74084070045501,44850,2.014,"Load=2.014 N, t=44850 ms"
1,2026-01-11T00:07:10.017806,40.750913300551474,44860,1.906,"Load=1.906 N, t=44860 ms"
1,2026-01-11T00:07:10.027783,40.76089120004326,44870,1.978,"Load=1.978 N, t=44870 ms"
1,2026-01-11T00:07:10.037674,40.770780799910426,44880,1.97,"Load=1.970 N, t=44880 ms"
1,2026-01-11T00:07:10.047709,40.78081570006907,44890,2.045,"Load=2.045 N, t=44890 ms"
1,2026-01-11T00:07:10.057825,40.79093150049448,44900,1.874,"Load=1.874 N, t=44900 ms"
1,2026-01-11T00:07:10.067793,40.80090080015361,44910,1.957,"Load=1.957 N, t=44910 ms"
1,2026-01-11T00:07:10.077744,40.81085150036961,44920,1.986,"Load=1.986 N, t=44920 ms"
1,2026-01-11T00:07:10.087706,40.820813099853694,44930,2.017,"Load=2.017 N, t=44930 ms"
1,2026-01-11T00:07:10.097724,40.830831800587475,44940,1.686,"Load=1.686 N, t=44940 ms"
1,2026-01-11T00:07:10.107688,40.840795000083745,44950,1.771,"Load=1.771 N, t=44950 ms"
1,2026-01-11T00:07:10.117706,40.85081220045686,44960,1.781,"Load=1.781 N, t=44960 ms"
1,2026-01-11T00:07:10.127699,40.860806200653315,44970,1.934,"Load=1.934 N, t=44970 ms"
1,2026-01-11T00:07:10.137726,40.870833800174296,44980,1.887,"Load=1.887 N, t=44980 ms"
1,2026-01-11T00:07:10.147679,40.8807866005227,44990,1.885,"Load=1.885 N, t=44990 ms"
1,2026-01-11T00:07:10.157820,40.89092710055411,45000,1.812,"Load=1.812 N, t=45000 ms"
1,2026-01-11T00:07:10.167716,40.90082360059023,45010,2.006,"Load=2.006 N, t=45010 ms"
1,2026-01-11T00:07:10.177684,40.910790800116956,45020,1.929,"Load=1.929 N, t=45020 ms"
1,2026-01-11T00:07:10.187673,40.92077900003642,45030,1.941,"Load=1.941 N, t=45030 ms"
1,2026-01-11T00:07:10.197743,40.93085010070354,45040,1.939,"Load=1.939 N, t=45040 ms"
1,2026-01-11T00:07:10.207817,40.94092330057174,45050,1.81,"Load=1.810 N, t=45050 ms"
1,2026-01-11T00:07:10.217807,40.950914200395346,45060,2.004,"Load=2.004 N, t=45060 ms"
1,2026-01-11T00:07:10.227763,40.96087050065398,45070,1.975,"Load=1.975 N, t=45070 ms"
1,2026-01-11T00:07:10.237686,40.970793100073934,45080,1.872,"Load=1.872 N, t=45080 ms"
1,2026-01-11T00:07:10.248683,40.98178989998996,45090,2.134,"Load=2.134 N, t=45090 ms"
1,2026-01-11T00:07:10.257885,40.990992000326514,45100,1.828,"Load=1.828 N, t=45100 ms"
1,2026-01-11T00:07:10.267828,41.000933799892664,45110,2.234,"Load=2.234 N, t=45110 ms"
1,2026-01-11T00:07:10.277738,41.01084540039301,45120,2.133,"Load=2.133 N, t=45120 ms"
1,2026-01-11T00:07:10.287857,41.02096320036799,45130,1.934,"Load=1.934 N, t=45130 ms"
1,2026-01-11T00:07:10.297661,41.030767099931836,45140,1.644,"Load=1.644 N, t=45140 ms"
1,2026-01-11T00:07:10.308612,41.04171940032393,45150,1.941,"Load=1.941 N, t=45150 ms"
1,2026-01-11T00:07:10.318751,41.05185850057751,45160,1.955,"Load=1.955 N, t=45160 ms"
1,2026-01-11T00:07:10.327778,41.060885100625455,45170,1.988,"Load=1.988 N, t=45170 ms"
1,2026-01-11T00:07:10.337846,41.07095290068537,45180,1.797,"Load=1.797 N, t=45180 ms"
1,2026-01-11T00:07:10.347889,41.08099570032209,45190,1.812,"Load=1.812 N, t=45190 ms"
1,2026-01-11T00:07:10.357677,41.09078440070152,45200,2.053,"Load=2.053 N, t=45200 ms"
1,2026-01-11T00:07:10.368719,41.10182430036366,45210,1.956,"Load=1.956 N, t=45210 ms"
1,2026-01-11T00:07:10.378587,41.11169350054115,45220,1.859,"Load=1.859 N, t=45220 ms"
1,2026-01-11T00:07:10.388724,41.12183130066842,45230,2.205,"Load=2.205 N, t=45230 ms"
1,2026-01-11T00:07:10.397770,41.13087690062821,45240,1.898,"Load=1.898 N, t=45240 ms"
1,2026-01-11T00:07:10.407788,41.140894800424576,45250,2.094,"Load=2.094 N, t=45250 ms"
1,2026-01-11T00:07:10.417693,41.15080079995096,45260,2.032,"Load=2.032 N, t=45260 ms"
1,2026-01-11T00:07:10.428791,41.16189720015973,45270,1.889,"Load=1.889 N, t=45270 ms"
1,2026-01-11T00:07:10.438722,41.17182879988104,45280,2.001,"Load=2.001 N, t=45280 ms"
1,2026-01-11T00:07:10.448685,41.181791700422764,45290,2.221,"Load=2.221 N, t=45290 ms"
1,2026-01-11T00:07:10.458754,41.19185970071703,45300,2.027,"Load=2.027 N, t=45300 ms"
1,2026-01-11T00:07:10.467773,41.20086710061878,45310,2.027,"Load=2.027 N, t=45310 ms"
1,2026-01-11T00:07:10.477709,41.21081570070237,45320,1.988,"Load=1.988 N, t=45320 ms"
1,2026-01-11T00:07:10.488758,41.221864100545645,45330,2.165,"Load=2.165 N, t=45330 ms"
1,2026-01-11T00:07:10.498912,41.232019000686705,45340,2.133,"Load=2.133 N, t=45340 ms"
1,2026-01-11T00:07:10.508710,41.24181680008769,45350,1.846,"Load=1.846 N, t=45350 ms"
1,2026-01-11T00:07:10.518698,41.25180449988693,45360,2.105,"Load=2.105 N, t=45360 ms"
1,2026-01-11T00:07:10.528598,41.261705100536346,45370,1.869,"Load=1.869 N, t=45370 ms"
1,2026-01-11T00:07:10.538601,41.271708300337195,45380,1.849,"Load=1.849 N, t=45380 ms"
1,2026-01-11T00:07:10.548668,41.28177489992231,45390,2.021,"Load=2.021 N, t=45390 ms"
1,2026-01-11T00:07:10.558869,41.29197520017624,45400,1.968,"Load=1.968 N, t=45400 ms"
1,2026-01-11T00:07:10.568790,41.30189590062946,45410,2.037,"Load=2.037 N, t=45410 ms"
1,2026-01-11T00:07:10.578729,41.31183509994298,45420,2.092,"Load=2.092 N, t=45420 ms"
1,2026-01-11T00:07:10.588768,41.32187520060688,45430,2.014,"Load=2.014 N, t=45430 ms"
1,2026-01-11T00:07:10.598761,41.33186850044876,45440,1.774,"Load=1.774 N, t=45440 ms"
1,2026-01-11T00:07:10.608615,41.34172210004181,45450,1.959,"Load=1.959 N, t=45450 ms"
1,2026-01-11T00:07:10.618647,41.35175300016999,45460,2.355,"Load=2.355 N, t=45460 ms"
1,2026-01-11T00:07:10.628657,41.36176410038024,45470,1.754,"Load=1.754 N, t=45470 ms"
1,2026-01-11T00:07:10.638716,41.37182140070945,45480,1.939,"Load=1.939 N, t=45480 ms"
1,2026-01-11T00:07:10.648636,41.381741899996996,45490,1.942,"Load=1.942 N, t=45490 ms"
1,2026-01-11T00:07:10.658751,41.39185790065676,45500,2.022,"Load=2.022 N, t=45500 ms"
1,2026-01-11T00:07:10.668675,41.401781000196934,45510,2.006,"Load=2.006 N, t=45510 ms"
1,2026-01-11T00:07:10.678814,41.41192020010203,45520,1.991,"Load=1.991 N, t=45520 ms"
1,2026-01-11T00:07:10.688796,41.42190320044756,45530,2.032,"Load=2.032 N, t=45530 ms"
1,2026-01-11T00:07:10.698800,41.431906200014055,45540,2.167,"Load=2.167 N, t=45540 ms"
1,2026-01-11T00:07:10.708970,41.442076600156724,45550,1.913,"Load=1.913 N, t=45550 ms"
1,2026-01-11T00:07:10.718795,41.4519023001194,45560,1.962,"Load=1.962 N, t=45560 ms"
1,2026-01-11T00:07:10.728807,41.46191340032965,45570,1.824,"Load=1.824 N, t=45570 ms"
1,2026-01-11T00:07:10.738825,41.471931300126016,45580,2.009,"Load=2.009 N, t=45580 ms"
1,2026-01-11T00:07:10.748755,41.48186120018363,45590,1.743,"Load=1.743 N, t=45590 ms"
1,2026-01-11T00:07:10.758763,41.49186860024929,45600,2.04,"Load=2.040 N, t=45600 ms"
1,2026-01-11T00:07:10.768658,41.501764399930835,45610,1.999,"Load=1.999 N, t=45610 ms"
1,2026-01-11T00:07:10.778842,41.511948900297284,45620,2.192,"Load=2.192 N, t=45620 ms"
1,2026-01-11T00:07:10.788722,41.521828699857,45630,2.006,"Load=2.006 N, t=45630 ms"
1,2026-01-11T00:07:10.799015,41.53212110046297,45640,1.973,"Load=1.973 N, t=45640 ms"
1,2026-01-11T00:07:10.808816,41.54192320071161,45650,2.169,"Load=2.169 N, t=45650 ms"
1,2026-01-11T00:07:10.818814,41.551920800469816,45660,2.198,"Load=2.198 N, t=45660 ms"
1,2026-01-11T00:07:10.828743,41.561848600395024,45670,2.017,"Load=2.017 N, t=45670 ms"
1,2026-01-11T00:07:10.838631,41.57173680048436,45680,2.011,"Load=2.011 N, t=45680 ms"
1,2026-01-11T00:07:10.848727,41.581833000294864,45690,2.059,"Load=2.059 N, t=45690 ms"
1,2026-01-11T00:07:10.858760,41.591866000555456,45700,2.089,"Load=2.089 N, t=45700 ms"
1,2026-01-11T00:07:10.868746,41.601851699873805,45710,1.947,"Load=1.947 N, t=45710 ms"
1,2026-01-11T00:07:10.878788,41.6118951998651,45720,2.306,"Load=2.306 N, t=45720 ms"
1,2026-01-11T00:07:10.888701,41.621807999908924,45730,2.154,"Load=2.154 N, t=45730 ms"
1,2026-01-11T00:07:10.898807,41.631913400255144,45740,1.962,"Load=1.962 N, t=45740 ms"
1,2026-01-11T00:07:10.909758,41.64286459982395,45750,2.57,"Load=2.570 N, t=45750 ms"
1,2026-01-11T00:07:10.918761,41.65186750050634,45760,2.128,"Load=2.128 N, t=45760 ms"
1,2026-01-11T00:07:10.928840,41.66194570064545,45770,2.148,"Load=2.148 N, t=45770 ms"
1,2026-01-11T00:07:10.938829,41.67193550057709,45780,2.182,"Load=2.182 N, t=45780 ms"
1,2026-01-11T00:07:10.948753,41.68185910023749,45790,1.635,"Load=1.635 N, t=45790 ms"
1,2026-01-11T00:07:10.958711,41.69181730039418,45800,1.844,"Load=1.844 N, t=45800 ms"
1,2026-01-11T00:07:10.968805,41.70191160030663,45810,2.055,"Load=2.055 N, t=45810 ms"
1,2026-01-11T00:07:10.979624,41.71273080073297,45820,2.17,"Load=2.170 N, t=45820 ms"
1,2026-01-11T00:07:10.989751,41.7228560000658,45830,1.774,"Load=1.774 N, t=45830 ms"
1,2026-01-11T00:07:10.998831,41.73193700052798,45840,2.247,"Load=2.247 N, t=45840 ms"
1,2026-01-11T00:07:11.008765,41.74187180027366,45850,1.839,"Load=1.839 N, t=45850 ms"
1,2026-01-11T00:07:11.018844,41.751949300058186,45860,1.936,"Load=1.936 N, t=45860 ms"
1,2026-01-11T00:07:11.028742,41.761848700232804,45870,2.033,"Load=2.033 N, t=45870 ms"
1,2026-01-11T00:07:11.039672,41.772777300328016,45880,2.182,"Load=2.182 N, t=45880 ms"
1,2026-01-11T00:07:11.049627,41.78273269999772,45890,1.908,"Load=1.908 N, t=45890 ms"
1,2026-01-11T00:07:11.059727,41.79283280018717,45900,2.045,"Load=2.045 N, t=45900 ms"
1,2026-01-11T00:07:11.068885,41.801990600302815,45910,1.917,"Load=1.917 N, t=45910 ms"
1,2026-01-11T00:07:11.078774,41.81188050005585,45920,2.001,"Load=2.001 N, t=45920 ms"
1,2026-01-11T00:07:11.088839,41.821944899857044,45930,1.856,"Load=1.856 N, t=45930 ms"
1,2026-01-11T00:07:11.099801,41.832907100208104,45940,2.218,"Load=2.218 N, t=45940 ms"
1,2026-01-11T00:07:11.109637,41.84274350013584,45950,2.045,"Load=2.045 N, t=45950 ms"
1,2026-01-11T00:07:11.119669,41.85277400072664,45960,2.397,"Load=2.397 N, t=45960 ms"
1,2026-01-11T00:07:11.129640,41.86274570040405,45970,1.988,"Load=1.988 N, t=45970 ms"
1,2026-01-11T00:07:11.139561,41.87266719993204,45980,1.975,"Load=1.975 N, t=45980 ms"
1,2026-01-11T00:07:11.148699,41.88180480059236,45990,1.97,"Load=1.970 N, t=45990 ms"
1,2026-01-11T00:07:11.159652,41.8927586004138,46000,2.22,"Load=2.220 N, t=46000 ms"
1,2026-01-11T00:07:11.169622,41.90272849984467,46010,1.88,"Load=1.880 N, t=46010 ms"
1,2026-01-11T00:07:11.179862,41.912967200390995,46020,2.606,"Load=2.606 N, t=46020 ms"
1,2026-01-11T00:07:11.189723,41.92282950039953,46030,2.316,"Load=2.316 N, t=46030 ms"
1,2026-01-11T00:07:11.199752,41.932858400046825,46040,1.75,"Load=1.750 N, t=46040 ms"
1,2026-01-11T00:07:11.209742,41.9428479000926,46050,1.725,"Load=1.725 N, t=46050 ms"
1,2026-01-11T00:07:11.219681,41.952787700109184,46060,2.155,"Load=2.155 N, t=46060 ms"
1,2026-01-11T00:07:11.229767,41.96287310030311,46070,1.805,"Load=1.805 N, t=46070 ms"
1,2026-01-11T00:07:11.239788,41.97289330046624,46080,2.092,"Load=2.092 N, t=46080 ms"
1,2026-01-11T00:07:11.249908,41.983013700693846,46090,2.073,"Load=2.073 N, t=46090 ms"
1,2026-01-11T00:07:11.259647,41.99275190010667,46100,2.26,"Load=2.260 N, t=46100 ms"
1,2026-01-11T00:07:11.269696,42.002801599912345,46110,2.092,"Load=2.092 N, t=46110 ms"
1,2026-01-11T00:07:11.279970,42.01307580061257,46120,1.86,"Load=1.860 N, t=46120 ms"
1,2026-01-11T00:07:11.289942,42.02304830029607,46130,2.172,"Load=2.172 N, t=46130 ms"
1,2026-01-11T00:07:11.299639,42.032745299860835,46140,2.097,"Load=2.097 N, t=46140 ms"
1,2026-01-11T00:07:11.309677,42.0427823998034,46150,2.079,"Load=2.079 N, t=46150 ms"
1,2026-01-11T00:07:11.319720,42.05282610002905,46160,1.882,"Load=1.882 N, t=46160 ms"
1,2026-01-11T00:07:11.329672,42.062778499908745,46170,2.242,"Load=2.242 N, t=46170 ms"
1,2026-01-11T00:07:11.339877,42.07298220042139,46180,1.961,"Load=1.961 N, t=46180 ms"
1,2026-01-11T00:07:11.349771,42.082877300679684,46190,2.417,"Load=2.417 N, t=46190 ms"
1,2026-01-11T00:07:11.359781,42.092886900529265,46200,1.958,"Load=1.958 N, t=46200 ms"
1,2026-01-11T00:07:11.369728,42.10283340048045,46210,2.13,"Load=2.130 N, t=46210 ms"
1,2026-01-11T00:07:11.379706,42.11281180009246,46220,2.177,"Load=2.177 N, t=46220 ms"
1,2026-01-11T00:07:11.389784,42.122890000231564,46230,2.177,"Load=2.177 N, t=46230 ms"
1,2026-01-11T00:07:11.399635,42.132740400731564,46240,2.084,"Load=2.084 N, t=46240 ms"
1,2026-01-11T00:07:11.409827,42.14293250069022,46250,2.136,"Load=2.136 N, t=46250 ms"
1,2026-01-11T00:07:11.419825,42.15293030068278,46260,2.187,"Load=2.187 N, t=46260 ms"
1,2026-01-11T00:07:11.429751,42.16285690013319,46270,2.006,"Load=2.006 N, t=46270 ms"
1,2026-01-11T00:07:11.439812,42.172917200252414,46280,2.335,"Load=2.335 N, t=46280 ms"
1,2026-01-11T00:07:11.449704,42.18280910048634,46290,2.167,"Load=2.167 N, t=46290 ms"
1,2026-01-11T00:07:11.459774,42.1928796004504,46300,2.023,"Load=2.023 N, t=46300 ms"
1,2026-01-11T00:07:11.469949,42.20305369980633,46310,2.237,"Load=2.237 N, t=46310 ms"
1,2026-01-11T00:07:11.479810,42.21291560027748,46320,2.058,"Load=2.058 N, t=46320 ms"
1,2026-01-11T00:07:11.489819,42.22292460035533,46330,2.174,"Load=2.174 N, t=46330 ms"
1,2026-01-11T00:07:11.499683,42.232787700369954,46340,2.086,"Load=2.086 N, t=46340 ms"
1,2026-01-11T00:07:11.509713,42.24281810037792,46350,1.934,"Load=1.934 N, t=46350 ms"
1,2026-01-11T00:07:11.519916,42.253021200187504,46360,2.067,"Load=2.067 N, t=46360 ms"
1,2026-01-11T00:07:11.529854,42.26296040043235,46370,2.112,"Load=2.112 N, t=46370 ms"
1,2026-01-11T00:07:11.539876,42.2729815999046,46380,2.358,"Load=2.358 N, t=46380 ms"
1,2026-01-11T00:07:11.549805,42.2829101998359,46390,2.05,"Load=2.050 N, t=46390 ms"
1,2026-01-11T00:07:11.559819,42.292923900298774,46400,2.123,"Load=2.123 N, t=46400 ms"
1,2026-01-11T00:07:11.570800,42.30390620045364,46410,2.267,"Load=2.267 N, t=46410 ms"
1,2026-01-11T00:07:11.579811,42.312915900722146,46420,2.229,"Load=2.229 N, t=46420 ms"
1,2026-01-11T00:07:11.590657,42.32376200053841,46430,2.189,"Load=2.189 N, t=46430 ms"
1,2026-01-11T00:07:11.599840,42.33294500038028,46440,2.167,"Load=2.167 N, t=46440 ms"
1,2026-01-11T00:07:11.609844,42.342949700541794,46450,2.009,"Load=2.009 N, t=46450 ms"
1,2026-01-11T00:07:11.619807,42.3529118001461,46460,2.037,"Load=2.037 N, t=46460 ms"
1,2026-01-11T00:07:11.629820,42.36292569991201,46470,2.134,"Load=2.134 N, t=46470 ms"
1,2026-01-11T00:07:11.639766,42.37287210021168,46480,2.252,"Load=2.252 N, t=46480 ms"
1,2026-01-11T00:07:11.650780,42.38388550002128,46490,2.179,"Load=2.179 N, t=46490 ms"
1,2026-01-11T00:07:11.660741,42.393846600316465,46500,2.257,"Load=2.257 N, t=46500 ms"
1,2026-01-11T00:07:11.669771,42.40287580061704,46510,2.112,"Load=2.112 N, t=46510 ms"
1,2026-01-11T00:07:11.679885,42.41299040056765,46520,2.293,"Load=2.293 N, t=46520 ms"
1,2026-01-11T00:07:11.689789,42.422894100658596,46530,2.242,"Load=2.242 N, t=46530 ms"
1,2026-01-11T00:07:11.699732,42.432837100699544,46540,2.107,"Load=2.107 N, t=46540 ms"
1,2026-01-11T00:07:11.710777,42.44388230051845,46550,2.141,"Load=2.141 N, t=46550 ms"
1,2026-01-11T00:07:11.720875,42.4539812002331,46560,2.412,"Load=2.412 N, t=46560 ms"
1,2026-01-11T00:07:11.730831,42.46393600013107,46570,2.257,"Load=2.257 N, t=46570 ms"
1,2026-01-11T00:07:11.740722,42.47382749989629,46580,2.254,"Load=2.254 N, t=46580 ms"
1,2026-01-11T00:07:11.749715,42.48282019980252,46590,2.037,"Load=2.037 N, t=46590 ms"
1,2026-01-11T00:07:11.759729,42.49283380061388,46600,2.055,"Load=2.055 N, t=46600 ms"
1,2026-01-11T00:07:11.770769,42.50387440063059,46610,2.153,"Load=2.153 N, t=46610 ms"
1,2026-01-11T00:07:11.780745,42.513850199989974,46620,2.032,"Load=2.032 N, t=46620 ms"
1,2026-01-11T00:07:11.790622,42.523726699873805,46630,2.048,"Load=2.048 N, t=46630 ms"
1,2026-01-11T00:07:11.800686,42.533791000023484,46640,2.247,"Load=2.247 N, t=46640 ms"
1,2026-01-11T00:07:11.810744,42.54384960047901,46650,2.148,"Load=2.148 N, t=46650 ms"
1,2026-01-11T00:07:11.819842,42.55294780060649,46660,2.466,"Load=2.466 N, t=46660 ms"
1,2026-01-11T00:07:11.829749,42.5628551999107,46670,2.12,"Load=2.120 N, t=46670 ms"
1,2026-01-11T00:07:11.840788,42.57389250025153,46680,2.105,"Load=2.105 N, t=46680 ms"
1,2026-01-11T00:07:11.850781,42.58388680033386,46690,2.293,"Load=2.293 N, t=46690 ms"
1,2026-01-11T00:07:11.860747,42.593851500190794,46700,2.221,"Load=2.221 N, t=46700 ms"
1,2026-01-11T00:07:11.870653,42.603757000528276,46710,2.342,"Load=2.342 N, t=46710 ms"
1,2026-01-11T00:07:11.879716,42.612821199931204,46720,2.244,"Load=2.244 N, t=46720 ms"
1,2026-01-11T00:07:11.889837,42.62294190004468,46730,2.226,"Load=2.226 N, t=46730 ms"
1,2026-01-11T00:07:11.900810,42.63391500059515,46740,2.009,"Load=2.009 N, t=46740 ms"
1,2026-01-11T00:07:11.910674,42.643779600039124,46750,2.076,"Load=2.076 N, t=46750 ms"
1,2026-01-11T00:07:11.920777,42.65388210024685,46760,2.239,"Load=2.239 N, t=46760 ms"
1,2026-01-11T00:07:11.930674,42.66377840004861,46770,2.288,"Load=2.288 N, t=46770 ms"
1,2026-01-11T00:07:11.940751,42.67385589983314,46780,2.298,"Load=2.298 N, t=46780 ms"
1,2026-01-11T00:07:11.949713,42.682817100547254,46790,2.051,"Load=2.051 N, t=46790 ms"
1,2026-01-11T00:07:11.960710,42.693815000355244,46800,2.191,"Load=2.191 N, t=46800 ms"
1,2026-01-11T00:07:11.970799,42.70390450023115,46810,2.205,"Load=2.205 N, t=46810 ms"
1,2026-01-11T00:07:11.980790,42.713894800283015,46820,2.262,"Load=2.262 N, t=46820 ms"
1,2026-01-11T00:07:11.990665,42.72377040050924,46830,2.058,"Load=2.058 N, t=46830 ms"
1,2026-01-11T00:07:12.000774,42.73387880064547,46840,2.402,"Load=2.402 N, t=46840 ms"
1,2026-01-11T00:07:12.010690,42.74379529990256,46850,2.425,"Load=2.425 N, t=46850 ms"
1,2026-01-11T00:07:12.020811,42.7539162999019,46860,2.129,"Load=2.129 N, t=46860 ms"
1,2026-01-11T00:07:12.030788,42.7638929001987,46870,2.239,"Load=2.239 N, t=46870 ms"
1,2026-01-11T00:07:12.041011,42.77411520015448,46880,2.379,"Load=2.379 N, t=46880 ms"
1,2026-01-11T00:07:12.050794,42.78389930073172,46890,2.391,"Load=2.391 N, t=46890 ms"
1,2026-01-11T00:07:12.060649,42.793753100559115,46900,2.076,"Load=2.076 N, t=46900 ms"
1,2026-01-11T00:07:12.070626,42.803730100393295,46910,2.146,"Load=2.146 N, t=46910 ms"
1,2026-01-11T00:07:12.080682,42.81378640048206,46920,2.17,"Load=2.170 N, t=46920 ms"
1,2026-01-11T00:07:12.090824,42.823928699828684,46930,2.239,"Load=2.239 N, t=46930 ms"
1,2026-01-11T00:07:12.100918,42.83402300067246,46940,2.26,"Load=2.260 N, t=46940 ms"
1,2026-01-11T00:07:12.110774,42.843878800049424,46950,2.265,"Load=2.265 N, t=46950 ms"
1,2026-01-11T00:07:12.120709,42.8538131006062,46960,2.265,"Load=2.265 N, t=46960 ms"
1,2026-01-11T00:07:12.130907,42.864011600613594,46970,2.138,"Load=2.138 N, t=46970 ms"
1,2026-01-11T00:07:12.140807,42.873912000097334,46980,2.474,"Load=2.474 N, t=46980 ms"
1,2026-01-11T00:07:12.150867,42.88397180009633,46990,2.084,"Load=2.084 N, t=46990 ms"
1,2026-01-11T00:07:12.160836,42.893940900452435,47000,2.324,"Load=2.324 N, t=47000 ms"
1,2026-01-11T00:07:12.170671,42.90377590060234,47010,2.182,"Load=2.182 N, t=47010 ms"
1,2026-01-11T00:07:12.180650,42.91375480033457,47020,2.076,"Load=2.076 N, t=47020 ms"
1,2026-01-11T00:07:12.190790,42.923894700594246,47030,1.678,"Load=1.678 N, t=47030 ms"
1,2026-01-11T00:07:12.200682,42.9337868001312,47040,2.032,"Load=2.032 N, t=47040 ms"
1,2026-01-11T00:07:12.210853,42.943957700394094,47050,2.381,"Load=2.381 N, t=47050 ms"
1,2026-01-11T00:07:12.220997,42.95410200022161,47060,2.123,"Load=2.123 N, t=47060 ms"
1,2026-01-11T00:07:12.230764,42.963869200088084,47070,2.073,"Load=2.073 N, t=47070 ms"
1,2026-01-11T00:07:12.240806,42.973910599946976,47080,2.144,"Load=2.144 N, t=47080 ms"
1,2026-01-11T00:07:12.250679,42.9837833000347,47090,2.72,"Load=2.720 N, t=47090 ms"
1,2026-01-11T00:07:12.260682,42.99378550052643,47100,2.107,"Load=2.107 N, t=47100 ms"
1,2026-01-11T00:07:12.270819,43.00392349995673,47110,2.285,"Load=2.285 N, t=47110 ms"
1,2026-01-11T00:07:12.280809,43.01391430012882,47120,2.086,"Load=2.086 N, t=47120 ms"
1,2026-01-11T00:07:12.290824,43.02392950002104,47130,2.174,"Load=2.174 N, t=47130 ms"
1,2026-01-11T00:07:12.300809,43.03391410037875,47140,2.071,"Load=2.071 N, t=47140 ms"
1,2026-01-11T00:07:12.310748,43.043852500617504,47150,2.505,"Load=2.505 N, t=47150 ms"
1,2026-01-11T00:07:12.320905,43.05401010066271,47160,2.164,"Load=2.164 N, t=47160 ms"
1,2026-01-11T00:07:12.331885,43.064988600090146,47170,2.474,"Load=2.474 N, t=47170 ms"
1,2026-01-11T00:07:12.340786,43.073890400119126,47180,2.376,"Load=2.376 N, t=47180 ms"
1,2026-01-11T00:07:12.350826,43.08393030054867,47190,2.278,"Load=2.278 N, t=47190 ms"
1,2026-01-11T00:07:12.360744,43.09384880028665,47200,2.117,"Load=2.117 N, t=47200 ms"
1,2026-01-11T00:07:12.370704,43.10380769986659,47210,1.96,"Load=1.960 N, t=47210 ms"
1,2026-01-11T00:07:12.380694,43.11379860062152,47220,2.174,"Load=2.174 N, t=47220 ms"
1,2026-01-11T00:07:12.391747,43.12485110014677,47230,2.182,"Load=2.182 N, t=47230 ms"
1,2026-01-11T00:07:12.401619,43.134723000228405,47240,2.42,"Load=2.420 N, t=47240 ms"
1,2026-01-11T00:07:12.410854,43.14395910035819,47250,2.254,"Load=2.254 N, t=47250 ms"
1,2026-01-11T00:07:12.420788,43.1538919005543,47260,2.203,"Load=2.203 N, t=47260 ms"
1,2026-01-11T00:07:12.430792,43.16389610059559,47270,2.34,"Load=2.340 N, t=47270 ms"
1,2026-01-11T00:07:12.440779,43.173883500508964,47280,2.348,"Load=2.348 N, t=47280 ms"
1,2026-01-11T00:07:12.451654,43.18475740030408,47290,2.527,"Load=2.527 N, t=47290 ms"
1,2026-01-11T00:07:12.461747,43.19485170021653,47300,2.26,"Load=2.260 N, t=47300 ms"
1,2026-01-11T00:07:12.471755,43.20485919993371,47310,2.43,"Load=2.430 N, t=47310 ms"
1,2026-01-11T00:07:12.480772,43.2138755004853,47320,2.177,"Load=2.177 N, t=47320 ms"
1,2026-01-11T00:07:12.490830,43.22393480036408,47330,2.216,"Load=2.216 N, t=47330 ms"
1,2026-01-11T00:07:12.500804,43.233908800408244,47340,2.247,"Load=2.247 N, t=47340 ms"
1,2026-01-11T00:07:12.511780,43.24488350003958,47350,2.227,"Load=2.227 N, t=47350 ms"
1,2026-01-11T00:07:12.521768,43.25487220007926,47360,2.376,"Load=2.376 N, t=47360 ms"
1,2026-01-11T00:07:12.531734,43.26483769994229,47370,2.069,"Load=2.069 N, t=47370 ms"
1,2026-01-11T00:07:12.540790,43.27389350067824,47380,2.247,"Load=2.247 N, t=47380 ms"
1,2026-01-11T00:07:12.552817,43.28592000063509,47390,2.221,"Load=2.221 N, t=47390 ms"
1,2026-01-11T00:07:12.560968,43.29407190065831,47400,2.521,"Load=2.521 N, t=47400 ms"
1,2026-01-11T00:07:12.571878,43.304982400499284,47410,2.244,"Load=2.244 N, t=47410 ms"
1,2026-01-11T00:07:12.581671,43.31477539986372,47420,2.422,"Load=2.422 N, t=47420 ms"
1,2026-01-11T00:07:12.591902,43.325007000006735,47430,2.36,"Load=2.360 N, t=47430 ms"
1,2026-01-11T00:07:12.601731,43.33483500033617,47440,2.381,"Load=2.381 N, t=47440 ms"
1,2026-01-11T00:07:12.610773,43.343876300379634,47450,2.296,"Load=2.296 N, t=47450 ms"
1,2026-01-11T00:07:12.620638,43.35374219994992,47460,2.216,"Load=2.216 N, t=47460 ms"
1,2026-01-11T00:07:12.630749,43.36385240033269,47470,2.123,"Load=2.123 N, t=47470 ms"
1,2026-01-11T00:07:12.641759,43.374863100238144,47480,2.148,"Load=2.148 N, t=47480 ms"
1,2026-01-11T00:07:12.651752,43.38485570065677,47490,2.35,"Load=2.350 N, t=47490 ms"
1,2026-01-11T00:07:12.661693,43.394797400571406,47500,2.221,"Load=2.221 N, t=47500 ms"
1,2026-01-11T00:07:12.670670,43.40377440024167,47510,2.28,"Load=2.280 N, t=47510 ms"
1,2026-01-11T00:07:12.680703,43.41380690038204,47520,2.2,"Load=2.200 N, t=47520 ms"
1,2026-01-11T00:07:12.690834,43.423937500454485,47530,2.283,"Load=2.283 N, t=47530 ms"
1,2026-01-11T00:07:12.701788,43.43489139992744,47540,2.328,"Load=2.328 N, t=47540 ms"
1,2026-01-11T00:07:12.711675,43.44477890059352,47550,2.622,"Load=2.622 N, t=47550 ms"
1,2026-01-11T00:07:12.721768,43.45487180072814,47560,2.28,"Load=2.280 N, t=47560 ms"
1,2026-01-11T00:07:12.731632,43.46473520062864,47570,2.35,"Load=2.350 N, t=47570 ms"
1,2026-01-11T00:07:12.740861,43.47396539989859,47580,2.117,"Load=2.117 N, t=47580 ms"
1,2026-01-11T00:07:12.751734,43.484837899915874,47590,2.296,"Load=2.296 N, t=47590 ms"
1,2026-01-11T00:07:12.761665,43.4947691000998,47600,2.693,"Load=2.693 N, t=47600 ms"
1,2026-01-11T00:07:12.771758,43.50486240070313,47610,2.293,"Load=2.293 N, t=47610 ms"
1,2026-01-11T00:07:12.781764,43.51486819982529,47620,2.353,"Load=2.353 N, t=47620 ms"
1,2026-01-11T00:07:12.791677,43.52478099986911,47630,2.306,"Load=2.306 N, t=47630 ms"
1,2026-01-11T00:07:12.801720,43.53482410032302,47640,2.443,"Load=2.443 N, t=47640 ms"
1,2026-01-11T00:07:12.810751,43.54385520052165,47650,2.02,"Load=2.020 N, t=47650 ms"
1,2026-01-11T00:07:12.821728,43.55483200028539,47660,2.484,"Load=2.484 N, t=47660 ms"
1,2026-01-11T00:07:12.831661,43.56476469989866,47670,2.249,"Load=2.249 N, t=47670 ms"
1,2026-01-11T00:07:12.841795,43.57489860057831,47680,2.342,"Load=2.342 N, t=47680 ms"
1,2026-01-11T00:07:12.851792,43.584896500222385,47690,2.526,"Load=2.526 N, t=47690 ms"
1,2026-01-11T00:07:12.861769,43.59487230051309,47700,2.004,"Load=2.004 N, t=47700 ms"
1,2026-01-11T00:07:12.871664,43.60476739984006,47710,2.391,"Load=2.391 N, t=47710 ms"
1,2026-01-11T00:07:12.881805,43.61490919999778,47720,2.314,"Load=2.314 N, t=47720 ms"
1,2026-01-11T00:07:12.891800,43.62490350008011,47730,2.583,"Load=2.583 N, t=47730 ms"
1,2026-01-11T00:07:12.901686,43.63478840049356,47740,2.554,"Load=2.554 N, t=47740 ms"
1,2026-01-11T00:07:12.911780,43.64488400053233,47750,2.562,"Load=2.562 N, t=47750 ms"
1,2026-01-11T00:07:12.921697,43.654800600372255,47760,2.454,"Load=2.454 N, t=47760 ms"
1,2026-01-11T00:07:12.931725,43.66482950001955,47770,2.154,"Load=2.154 N, t=47770 ms"
1,2026-01-11T00:07:12.941801,43.67490540072322,47780,2.285,"Load=2.285 N, t=47780 ms"
1,2026-01-11T00:07:12.951711,43.68481419980526,47790,2.524,"Load=2.524 N, t=47790 ms"
1,2026-01-11T00:07:12.961878,43.694982000626624,47800,2.753,"Load=2.753 N, t=47800 ms"
1,2026-01-11T00:07:12.971783,43.70488730072975,47810,2.417,"Load=2.417 N, t=47810 ms"
1,2026-01-11T00:07:12.981688,43.714791300706565,47820,2.456,"Load=2.456 N, t=47820 ms"
1,2026-01-11T00:07:12.991794,43.72489770036191,47830,2.412,"Load=2.412 N, t=47830 ms"
1,2026-01-11T00:07:13.001638,43.73474139999598,47840,2.141,"Load=2.141 N, t=47840 ms"
1,2026-01-11T00:07:13.011748,43.74485130049288,47850,2.203,"Load=2.203 N, t=47850 ms"
1,2026-01-11T00:07:13.021809,43.754912899807096,47860,2.42,"Load=2.420 N, t=47860 ms"
1,2026-01-11T00:07:13.031714,43.76481819991022,47870,2.394,"Load=2.394 N, t=47870 ms"
1,2026-01-11T00:07:13.041815,43.7749192006886,47880,2.469,"Load=2.469 N, t=47880 ms"
1,2026-01-11T00:07:13.051775,43.78487760014832,47890,1.958,"Load=1.958 N, t=47890 ms"
1,2026-01-11T00:07:13.061673,43.79477610066533,47900,2.226,"Load=2.226 N, t=47900 ms"
1,2026-01-11T00:07:13.071830,43.80493440013379,47910,2.366,"Load=2.366 N, t=47910 ms"
1,2026-01-11T00:07:13.081796,43.8148998003453,47920,2.454,"Load=2.454 N, t=47920 ms"
1,2026-01-11T00:07:13.091773,43.82487600017339,47930,2.353,"Load=2.353 N, t=47930 ms"
1,2026-01-11T00:07:13.101790,43.83489240054041,47940,2.66,"Load=2.660 N, t=47940 ms"
1,2026-01-11T00:07:13.111652,43.844755600206554,47950,2.311,"Load=2.311 N, t=47950 ms"
1,2026-01-11T00:07:13.121697,43.85480060055852,47960,1.869,"Load=1.869 N, t=47960 ms"
1,2026-01-11T00:07:13.131820,43.864922700449824,47970,2.486,"Load=2.486 N, t=47970 ms"
1,2026-01-11T00:07:13.141744,43.87484780047089,47980,2.428,"Load=2.428 N, t=47980 ms"
1,2026-01-11T00:07:13.151878,43.88498220033944,47990,2.231,"Load=2.231 N, t=47990 ms"
1,2026-01-11T00:07:13.161818,43.894921500235796,48000,2.474,"Load=2.474 N, t=48000 ms"
1,2026-01-11T00:07:13.171642,43.90474550053477,48010,2.469,"Load=2.469 N, t=48010 ms"
1,2026-01-11T00:07:13.181785,43.91488859988749,48020,2.348,"Load=2.348 N, t=48020 ms"
1,2026-01-11T00:07:13.191689,43.92479270044714,48030,2.316,"Load=2.316 N, t=48030 ms"
1,2026-01-11T00:07:13.201690,43.93479320034385,48040,2.477,"Load=2.477 N, t=48040 ms"
1,2026-01-11T00:07:13.211673,43.944776500575244,48050,2.428,"Load=2.428 N, t=48050 ms"
1,2026-01-11T00:07:13.221728,43.95483180042356,48060,2.257,"Load=2.257 N, t=48060 ms"
1,2026-01-11T00:07:13.231750,43.96485270000994,48070,2.567,"Load=2.567 N, t=48070 ms"
1,2026-01-11T00:07:13.241752,43.97485450003296,48080,2.229,"Load=2.229 N, t=48080 ms"
1,2026-01-11T00:07:13.251811,43.98491459991783,48090,2.304,"Load=2.304 N, t=48090 ms"
1,2026-01-11T00:07:13.261865,43.99496849998832,48100,2.653,"Load=2.653 N, t=48100 ms"
1,2026-01-11T00:07:13.271813,44.00491650030017,48110,2.141,"Load=2.141 N, t=48110 ms"
1,2026-01-11T00:07:13.281809,44.01491260062903,48120,2.278,"Load=2.278 N, t=48120 ms"
1,2026-01-11T00:07:13.291805,44.02490760013461,48130,2.353,"Load=2.353 N, t=48130 ms"
1,2026-01-11T00:07:13.301639,44.03474269993603,48140,2.601,"Load=2.601 N, t=48140 ms"
1,2026-01-11T00:07:13.311815,44.04491830058396,48150,2.446,"Load=2.446 N, t=48150 ms"
1,2026-01-11T00:07:13.321822,44.05492589995265,48160,2.521,"Load=2.521 N, t=48160 ms"
1,2026-01-11T00:07:13.331646,44.06474900059402,48170,2.164,"Load=2.164 N, t=48170 ms"
1,2026-01-11T00:07:13.341957,44.07506040018052,48180,2.24,"Load=2.240 N, t=48180 ms"
1,2026-01-11T00:07:13.351827,44.084930300712585,48190,2.366,"Load=2.366 N, t=48190 ms"
1,2026-01-11T00:07:13.361818,44.09492150042206,48200,2.841,"Load=2.841 N, t=48200 ms"
1,2026-01-11T00:07:13.371730,44.10483259987086,48210,2.342,"Load=2.342 N, t=48210 ms"
1,2026-01-11T00:07:13.382674,44.11577710043639,48220,2.34,"Load=2.340 N, t=48220 ms"
1,2026-01-11T00:07:13.391855,44.1249573007226,48230,2.41,"Load=2.410 N, t=48230 ms"
1,2026-01-11T00:07:13.401754,44.134856699965894,48240,2.438,"Load=2.438 N, t=48240 ms"
1,2026-01-11T00:07:13.411917,44.14502080064267,48250,2.689,"Load=2.689 N, t=48250 ms"
1,2026-01-11T00:07:13.421687,44.15478940028697,48260,2.386,"Load=2.386 N, t=48260 ms"
1,2026-01-11T00:07:13.431781,44.16488459985703,48270,2.397,"Load=2.397 N, t=48270 ms"
1,2026-01-11T00:07:13.441910,44.17501340061426,48280,2.239,"Load=2.239 N, t=48280 ms"
1,2026-01-11T00:07:13.451815,44.184917100705206,48290,2.637,"Load=2.637 N, t=48290 ms"
1,2026-01-11T00:07:13.461780,44.194882900454104,48300,2.294,"Load=2.294 N, t=48300 ms"
1,2026-01-11T00:07:13.471809,44.20491200033575,48310,2.474,"Load=2.474 N, t=48310 ms"
1,2026-01-11T00:07:13.481792,44.21489439997822,48320,2.596,"Load=2.596 N, t=48320 ms"
1,2026-01-11T00:07:13.491770,44.224873300641775,48330,2.394,"Load=2.394 N, t=48330 ms"
1,2026-01-11T00:07:13.502641,44.235744800418615,48340,2.616,"Load=2.616 N, t=48340 ms"
1,2026-01-11T00:07:13.511859,44.244961800053716,48350,2.353,"Load=2.353 N, t=48350 ms"
1,2026-01-11T00:07:13.521804,44.25490730069578,48360,2.404,"Load=2.404 N, t=48360 ms"
1,2026-01-11T00:07:13.531883,44.26498629990965,48370,2.593,"Load=2.593 N, t=48370 ms"
1,2026-01-11T00:07:13.542731,44.275834400206804,48380,2.273,"Load=2.273 N, t=48380 ms"
1,2026-01-11T00:07:13.551843,44.28494570031762,48390,2.208,"Load=2.208 N, t=48390 ms"
1,2026-01-11T00:07:13.562584,44.29568629991263,48400,2.431,"Load=2.431 N, t=48400 ms"
1,2026-01-11T00:07:13.572719,44.30582160037011,48410,2.123,"Load=2.123 N, t=48410 ms"
1,2026-01-11T00:07:13.581742,44.3148442003876,48420,2.609,"Load=2.609 N, t=48420 ms"
1,2026-01-11T00:07:13.592126,44.32522820029408,48430,2.417,"Load=2.417 N, t=48430 ms"
1,2026-01-11T00:07:13.601758,44.334861100651324,48440,2.624,"Load=2.624 N, t=48440 ms"
1,2026-01-11T00:07:13.611766,44.34486920014024,48450,2.358,"Load=2.358 N, t=48450 ms"
1,2026-01-11T00:07:13.622613,44.35571620054543,48460,2.393,"Load=2.393 N, t=48460 ms"
1,2026-01-11T00:07:13.632749,44.36585230007768,48470,2.619,"Load=2.619 N, t=48470 ms"
1,2026-01-11T00:07:13.641961,44.37506330013275,48480,2.51,"Load=2.510 N, t=48480 ms"
1,2026-01-11T00:07:13.651744,44.384846800006926,48490,2.278,"Load=2.278 N, t=48490 ms"
1,2026-01-11T00:07:13.661809,44.39491180051118,48500,2.422,"Load=2.422 N, t=48500 ms"
1,2026-01-11T00:07:13.671698,44.404800300486386,48510,2.451,"Load=2.451 N, t=48510 ms"
1,2026-01-11T00:07:13.682757,44.41586050018668,48520,2.398,"Load=2.398 N, t=48520 ms"
1,2026-01-11T00:07:13.692761,44.42586369998753,48530,2.428,"Load=2.428 N, t=48530 ms"
1,2026-01-11T00:07:13.702616,44.43571860063821,48540,2.332,"Load=2.332 N, t=48540 ms"
1,2026-01-11T00:07:13.711812,44.4449151000008,48550,2.265,"Load=2.265 N, t=48550 ms"
1,2026-01-11T00:07:13.721836,44.454939000308514,48560,2.208,"Load=2.208 N, t=48560 ms"
1,2026-01-11T00:07:13.731823,44.4649264998734,48570,2.505,"Load=2.505 N, t=48570 ms"
1,2026-01-11T00:07:13.742796,44.47589910030365,48580,2.503,"Load=2.503 N, t=48580 ms"
1,2026-01-11T00:07:13.752720,44.485822199843824,48590,2.239,"Load=2.239 N, t=48590 ms"
1,2026-01-11T00:07:13.762705,44.495807100087404,48600,2.697,"Load=2.697 N, t=48600 ms"
1,2026-01-11T00:07:13.772732,44.50583440065384,48610,2.5,"Load=2.500 N, t=48610 ms"
1,2026-01-11T00:07:13.781808,44.51491100061685,48620,2.647,"Load=2.647 N, t=48620 ms"
1,2026-01-11T00:07:13.791810,44.524912300519645,48630,2.262,"Load=2.262 N, t=48630 ms"
1,2026-01-11T00:07:13.801808,44.53491109982133,48640,2.314,"Load=2.314 N, t=48640 ms"
1,2026-01-11T00:07:13.812587,44.54569000005722,48650,2.33,"Load=2.330 N, t=48650 ms"
1,2026-01-11T00:07:13.822758,44.5558612998575,48660,2.614,"Load=2.614 N, t=48660 ms"
1,2026-01-11T00:07:13.832733,44.5658354004845,48670,2.552,"Load=2.552 N, t=48670 ms"
1,2026-01-11T00:07:13.841828,44.57493010070175,48680,2.412,"Load=2.412 N, t=48680 ms"
1,2026-01-11T00:07:13.851749,44.58485130034387,48690,2.565,"Load=2.565 N, t=48690 ms"
1,2026-01-11T00:07:13.861760,44.59486259985715,48700,2.536,"Load=2.536 N, t=48700 ms"
1,2026-01-11T00:07:13.872771,44.605873400345445,48710,2.451,"Load=2.451 N, t=48710 ms"
1,2026-01-11T00:07:13.882780,44.615882500074804,48720,2.523,"Load=2.523 N, t=48720 ms"
1,2026-01-11T00:07:13.892891,44.62599339988083,48730,2.211,"Load=2.211 N, t=48730 ms"
1,2026-01-11T00:07:13.902754,44.635856800712645,48740,2.513,"Load=2.513 N, t=48740 ms"
1,2026-01-11T00:07:13.911766,44.644868600182235,48750,2.694,"Load=2.694 N, t=48750 ms"
1,2026-01-11T00:07:13.921729,44.65483170002699,48760,2.552,"Load=2.552 N, t=48760 ms"
1,2026-01-11T00:07:13.932624,44.66572690010071,48770,2.662,"Load=2.662 N, t=48770 ms"
1,2026-01-11T00:07:13.942744,44.67584640067071,48780,2.441,"Load=2.441 N, t=48780 ms"
1,2026-01-11T00:07:13.952622,44.68572439998388,48790,2.089,"Load=2.089 N, t=48790 ms"
1,2026-01-11T00:07:13.962691,44.69579409994185,48800,2.516,"Load=2.516 N, t=48800 ms"
1,2026-01-11T00:07:13.972750,44.70585309993476,48810,2.73,"Load=2.730 N, t=48810 ms"
1,2026-01-11T00:07:13.981844,44.71494630072266,48820,2.534,"Load=2.534 N, t=48820 ms"
1,2026-01-11T00:07:13.992802,44.72590479999781,48830,2.234,"Load=2.234 N, t=48830 ms"
1,2026-01-11T00:07:14.002829,44.73593180067837,48840,2.513,"Load=2.513 N, t=48840 ms"
1,2026-01-11T00:07:14.012701,44.745803699828684,48850,2.647,"Load=2.647 N, t=48850 ms"
1,2026-01-11T00:07:14.022984,44.75608730036765,48860,2.81,"Load=2.810 N, t=48860 ms"
1,2026-01-11T00:07:14.032756,44.76585779991001,48870,2.534,"Load=2.534 N, t=48870 ms"
1,2026-01-11T00:07:14.042881,44.77598309982568,48880,2.503,"Load=2.503 N, t=48880 ms"
1,2026-01-11T00:07:14.052734,44.78583510033786,48890,2.395,"Load=2.395 N, t=48890 ms"
1,2026-01-11T00:07:14.062723,44.795824999921024,48900,2.415,"Load=2.415 N, t=48900 ms"
1,2026-01-11T00:07:14.072682,44.80578470043838,48910,2.715,"Load=2.715 N, t=48910 ms"
1,2026-01-11T00:07:14.082910,44.81601240020245,48920,2.443,"Load=2.443 N, t=48920 ms"
1,2026-01-11T00:07:14.092763,44.82586520072073,48930,2.123,"Load=2.123 N, t=48930 ms"
1,2026-01-11T00:07:14.102696,44.83579940069467,48940,2.252,"Load=2.252 N, t=48940 ms"
1,2026-01-11T00:07:14.112803,44.84590530022979,48950,2.659,"Load=2.659 N, t=48950 ms"
1,2026-01-11T00:07:14.122683,44.85578490048647,48960,2.707,"Load=2.707 N, t=48960 ms"
1,2026-01-11T00:07:14.132771,44.86587310023606,48970,2.296,"Load=2.296 N, t=48970 ms"
1,2026-01-11T00:07:14.142647,44.87574870046228,48980,2.441,"Load=2.441 N, t=48980 ms"
1,2026-01-11T00:07:14.152784,44.88588589988649,48990,2.415,"Load=2.415 N, t=48990 ms"
1,2026-01-11T00:07:14.162794,44.89589690044522,49000,2.549,"Load=2.549 N, t=49000 ms"
1,2026-01-11T00:07:14.172780,44.90588210057467,49010,2.534,"Load=2.534 N, t=49010 ms"
1,2026-01-11T00:07:14.182828,44.91593070048839,49020,2.448,"Load=2.448 N, t=49020 ms"
1,2026-01-11T00:07:14.192732,44.92583440057933,49030,2.503,"Load=2.503 N, t=49030 ms"
1,2026-01-11T00:07:14.202803,44.93590500019491,49040,2.616,"Load=2.616 N, t=49040 ms"
1,2026-01-11T00:07:14.212801,44.94590400066227,49050,2.415,"Load=2.415 N, t=49050 ms"
1,2026-01-11T00:07:14.222762,44.95586400013417,49060,2.552,"Load=2.552 N, t=49060 ms"
1,2026-01-11T00:07:14.232774,44.965876299887896,49070,2.402,"Load=2.402 N, t=49070 ms"
1,2026-01-11T00:07:14.242790,44.975892500020564,49080,2.592,"Load=2.592 N, t=49080 ms"
1,2026-01-11T00:07:14.252781,44.9858843004331,49090,2.622,"Load=2.622 N, t=49090 ms"
1,2026-01-11T00:07:14.262672,44.99577429983765,49100,2.684,"Load=2.684 N, t=49100 ms"
1,2026-01-11T00:07:14.272786,45.0058890003711,49110,2.665,"Load=2.665 N, t=49110 ms"
1,2026-01-11T00:07:14.282758,45.01586120016873,49120,2.567,"Load=2.567 N, t=49120 ms"
1,2026-01-11T00:07:14.292733,45.02583529986441,49130,2.857,"Load=2.857 N, t=49130 ms"
1,2026-01-11T00:07:14.302700,45.03580190055072,49140,2.686,"Load=2.686 N, t=49140 ms"
1,2026-01-11T00:07:14.312638,45.04574070032686,49150,2.601,"Load=2.601 N, t=49150 ms"
1,2026-01-11T00:07:14.322977,45.056079800240695,49160,2.461,"Load=2.461 N, t=49160 ms"
1,2026-01-11T00:07:14.332951,45.0660527003929,49170,2.971,"Load=2.971 N, t=49170 ms"
1,2026-01-11T00:07:14.342659,45.07576149981469,49180,2.327,"Load=2.327 N, t=49180 ms"
1,2026-01-11T00:07:14.352801,45.08590279985219,49190,2.572,"Load=2.572 N, t=49190 ms"
1,2026-01-11T00:07:14.362802,45.095904000103474,49200,2.338,"Load=2.338 N, t=49200 ms"
1,2026-01-11T00:07:14.372798,45.10590060055256,49210,2.402,"Load=2.402 N, t=49210 ms"
1,2026-01-11T00:07:14.382796,45.11589859984815,49220,2.629,"Load=2.629 N, t=49220 ms"
1,2026-01-11T00:07:14.392778,45.12587910052389,49230,2.575,"Load=2.575 N, t=49230 ms"
1,2026-01-11T00:07:14.402793,45.13589440006763,49240,2.377,"Load=2.377 N, t=49240 ms"
1,2026-01-11T00:07:14.412780,45.14588270056993,49250,2.565,"Load=2.565 N, t=49250 ms"
1,2026-01-11T00:07:14.422826,45.15592820011079,49260,2.563,"Load=2.563 N, t=49260 ms"
1,2026-01-11T00:07:14.432806,45.16590850055218,49270,2.549,"Load=2.549 N, t=49270 ms"
1,2026-01-11T00:07:14.442795,45.17589690070599,49280,2.704,"Load=2.704 N, t=49280 ms"
1,2026-01-11T00:07:14.452778,45.18587960023433,49290,2.769,"Load=2.769 N, t=49290 ms"
1,2026-01-11T00:07:14.462909,45.196011300198734,49300,2.559,"Load=2.559 N, t=49300 ms"
1,2026-01-11T00:07:14.472850,45.20595260057598,49310,2.658,"Load=2.658 N, t=49310 ms"
1,2026-01-11T00:07:14.483630,45.216731800697744,49320,2.522,"Load=2.522 N, t=49320 ms"
1,2026-01-11T00:07:14.492833,45.225935800001025,49330,2.676,"Load=2.676 N, t=49330 ms"
1,2026-01-11T00:07:14.502672,45.235773799940944,49340,2.572,"Load=2.572 N, t=49340 ms"
1,2026-01-11T00:07:14.512783,45.24588489998132,49350,2.828,"Load=2.828 N, t=49350 ms"
1,2026-01-11T00:07:14.522768,45.25587030034512,49360,2.552,"Load=2.552 N, t=49360 ms"
1,2026-01-11T00:07:14.532766,45.26586880069226,49370,2.591,"Load=2.591 N, t=49370 ms"
1,2026-01-11T00:07:14.543693,45.276793899945915,49380,2.794,"Load=2.794 N, t=49380 ms"
1,2026-01-11T00:07:14.553683,45.28678430058062,49390,2.712,"Load=2.712 N, t=49390 ms"
1,2026-01-11T00:07:14.562730,45.295831699855626,49400,2.485,"Load=2.485 N, t=49400 ms"
1,2026-01-11T00:07:14.572828,45.30592960026115,49410,2.756,"Load=2.756 N, t=49410 ms"
1,2026-01-11T00:07:14.582694,45.315794800408185,49420,2.702,"Load=2.702 N, t=49420 ms"
1,2026-01-11T00:07:14.592704,45.32580550014973,49430,2.684,"Load=2.684 N, t=49430 ms"
1,2026-01-11T00:07:14.603680,45.336781800724566,49440,2.472,"Load=2.472 N, t=49440 ms"
1,2026-01-11T00:07:14.613648,45.346749800257385,49450,2.559,"Load=2.559 N, t=49450 ms"
1,2026-01-11T00:07:14.623589,45.356691100634634,49460,2.632,"Load=2.632 N, t=49460 ms"
1,2026-01-11T00:07:14.632849,45.3659518007189,49470,2.686,"Load=2.686 N, t=49470 ms"
1,2026-01-11T00:07:14.642853,45.37595390062779,49480,2.66,"Load=2.660 N, t=49480 ms"
1,2026-01-11T00:07:14.652880,45.38598180003464,49490,2.611,"Load=2.611 N, t=49490 ms"
1,2026-01-11T00:07:14.662837,45.39593950007111,49500,2.735,"Load=2.735 N, t=49500 ms"
1,2026-01-11T00:07:14.673689,45.40679090004414,49510,2.647,"Load=2.647 N, t=49510 ms"
1,2026-01-11T00:07:14.683618,45.41671850066632,49520,2.642,"Load=2.642 N, t=49520 ms"
1,2026-01-11T00:07:14.693673,45.42677440028638,49530,2.534,"Load=2.534 N, t=49530 ms"
1,2026-01-11T00:07:14.702848,45.43594980053604,49540,2.552,"Load=2.552 N, t=49540 ms"
1,2026-01-11T00:07:14.712912,45.446013499982655,49550,2.598,"Load=2.598 N, t=49550 ms"
1,2026-01-11T00:07:14.723616,45.456717800349,49560,2.836,"Load=2.836 N, t=49560 ms"
1,2026-01-11T00:07:14.733655,45.466756200417876,49570,2.29,"Load=2.290 N, t=49570 ms"
1,2026-01-11T00:07:14.743625,45.47672670055181,49580,2.634,"Load=2.634 N, t=49580 ms"
1,2026-01-11T00:07:14.753770,45.48687130026519,49590,2.443,"Load=2.443 N, t=49590 ms"
1,2026-01-11T00:07:14.763674,45.49677510000765,49600,2.425,"Load=2.425 N, t=49600 ms"
1,2026-01-11T00:07:14.773745,45.50684630032629,49610,2.559,"Load=2.559 N, t=49610 ms"
1,2026-01-11T00:07:14.782777,45.51587860006839,49620,2.743,"Load=2.743 N, t=49620 ms"
1,2026-01-11T00:07:14.793724,45.52682530041784,49630,2.621,"Load=2.621 N, t=49630 ms"
1,2026-01-11T00:07:14.803782,45.536883800290525,49640,2.593,"Load=2.593 N, t=49640 ms"
1,2026-01-11T00:07:14.813641,45.54674340039492,49650,2.699,"Load=2.699 N, t=49650 ms"
1,2026-01-11T00:07:14.823673,45.55677550006658,49660,2.697,"Load=2.697 N, t=49660 ms"
1,2026-01-11T00:07:14.833634,45.56673590000719,49670,2.485,"Load=2.485 N, t=49670 ms"
1,2026-01-11T00:07:14.843631,45.576732399873435,49680,2.495,"Load=2.495 N, t=49680 ms"
1,2026-01-11T00:07:14.853709,45.58681100048125,49690,2.926,"Load=2.926 N, t=49690 ms"
1,2026-01-11T00:07:14.863689,45.59678969997913,49700,2.524,"Load=2.524 N, t=49700 ms"
1,2026-01-11T00:07:14.873674,45.60677450057119,49710,2.709,"Load=2.709 N, t=49710 ms"
1,2026-01-11T00:07:14.883594,45.61669530067593,49720,2.562,"Load=2.562 N, t=49720 ms"
1,2026-01-11T00:07:14.893681,45.626781799830496,49730,2.942,"Load=2.942 N, t=49730 ms"
1,2026-01-11T00:07:14.903622,45.636723400093615,49740,2.523,"Load=2.523 N, t=49740 ms"
1,2026-01-11T00:07:14.913747,45.64684910047799,49750,2.693,"Load=2.693 N, t=49750 ms"
1,2026-01-11T00:07:14.923687,45.656788100488484,49760,2.653,"Load=2.653 N, t=49760 ms"
1,2026-01-11T00:07:14.933934,45.66703550051898,49770,2.601,"Load=2.601 N, t=49770 ms"
1,2026-01-11T00:07:14.943659,45.67676120065153,49780,2.66,"Load=2.660 N, t=49780 ms"
1,2026-01-11T00:07:14.953643,45.68674399983138,49790,2.606,"Load=2.606 N, t=49790 ms"
1,2026-01-11T00:07:14.963837,45.69693790003657,49800,2.64,"Load=2.640 N, t=49800 ms"
1,2026-01-11T00:07:14.973741,45.70684160012752,49810,2.261,"Load=2.261 N, t=49810 ms"
1,2026-01-11T00:07:14.983676,45.71677660010755,49820,2.467,"Load=2.467 N, t=49820 ms"
1,2026-01-11T00:07:14.993633,45.72673500049859,49830,2.655,"Load=2.655 N, t=49830 ms"
1,2026-01-11T00:07:15.003646,45.73674650024623,49840,2.777,"Load=2.777 N, t=49840 ms"
1,2026-01-11T00:07:15.013803,45.74690410029143,49850,2.461,"Load=2.461 N, t=49850 ms"
1,2026-01-11T00:07:15.023625,45.75672639999539,49860,2.823,"Load=2.823 N, t=49860 ms"
1,2026-01-11T00:07:15.033655,45.76675660070032,49870,2.594,"Load=2.594 N, t=49870 ms"
1,2026-01-11T00:07:15.043655,45.776756200008094,49880,2.575,"Load=2.575 N, t=49880 ms"
1,2026-01-11T00:07:15.053711,45.78681210055947,49890,3.009,"Load=3.009 N, t=49890 ms"
1,2026-01-11T00:07:15.063670,45.796770700253546,49900,2.79,"Load=2.790 N, t=49900 ms"
1,2026-01-11T00:07:15.073699,45.80680030025542,49910,2.391,"Load=2.391 N, t=49910 ms"
1,2026-01-11T00:07:15.083664,45.8167643006891,49920,2.697,"Load=2.697 N, t=49920 ms"
1,2026-01-11T00:07:15.093656,45.82675790041685,49930,3.332,"Load=3.332 N, t=49930 ms"
1,2026-01-11T00:07:15.103768,45.83686910010874,49940,2.686,"Load=2.686 N, t=49940 ms"
1,2026-01-11T00:07:15.113836,45.84693699982017,49950,2.645,"Load=2.645 N, t=49950 ms"
1,2026-01-11T00:07:15.123839,45.85693970043212,49960,3.206,"Load=3.206 N, t=49960 ms"
1,2026-01-11T00:07:15.133679,45.86677999980748,49970,2.653,"Load=2.653 N, t=49970 ms"
1,2026-01-11T00:07:15.143709,45.87680950015783,49980,2.846,"Load=2.846 N, t=49980 ms"
1,2026-01-11T00:07:15.153646,45.88674730062485,49990,2.655,"Load=2.655 N, t=49990 ms"
1,2026-01-11T00:07:15.163744,45.89684530068189,50000,2.64,"Load=2.640 N, t=50000 ms"
1,2026-01-11T00:07:15.173706,45.906806900165975,50010,2.444,"Load=2.444 N, t=50010 ms"
1,2026-01-11T00:07:15.183709,45.91681000031531,50020,2.72,"Load=2.720 N, t=50020 ms"
1,2026-01-11T00:07:15.193723,45.92682480067015,50030,2.999,"Load=2.999 N, t=50030 ms"
1,2026-01-11T00:07:15.203627,45.93672830052674,50040,2.34,"Load=2.340 N, t=50040 ms"
1,2026-01-11T00:07:15.213882,45.94698309991509,50050,2.88,"Load=2.880 N, t=50050 ms"
1,2026-01-11T00:07:15.224653,45.95775429997593,50060,2.558,"Load=2.558 N, t=50060 ms"
1,2026-01-11T00:07:15.233760,45.966860599815845,50070,2.735,"Load=2.735 N, t=50070 ms"
1,2026-01-11T00:07:15.243878,45.9769791001454,50080,2.66,"Load=2.660 N, t=50080 ms"
1,2026-01-11T00:07:15.253721,45.98682089988142,50090,2.624,"Load=2.624 N, t=50090 ms"
1,2026-01-11T00:07:15.263745,45.996845699846745,50100,2.709,"Load=2.709 N, t=50100 ms"
1,2026-01-11T00:07:15.273860,46.00696090050042,50110,2.728,"Load=2.728 N, t=50110 ms"
1,2026-01-11T00:07:15.284776,46.01787760015577,50120,2.609,"Load=2.609 N, t=50120 ms"
1,2026-01-11T00:07:15.294623,46.02772400062531,50130,2.759,"Load=2.759 N, t=50130 ms"
1,2026-01-11T00:07:15.303688,46.03678510058671,50140,2.472,"Load=2.472 N, t=50140 ms"
1,2026-01-11T00:07:15.313662,46.04676320031285,50150,3.097,"Load=3.097 N, t=50150 ms"
1,2026-01-11T00:07:15.323656,46.05675709992647,50160,2.588,"Load=2.588 N, t=50160 ms"
1,2026-01-11T00:07:15.333713,46.06681440025568,50170,2.521,"Load=2.521 N, t=50170 ms"
1,2026-01-11T00:07:15.344732,46.0778328999877,50180,2.635,"Load=2.635 N, t=50180 ms"
1,2026-01-11T00:07:15.354761,46.08786190021783,50190,2.715,"Load=2.715 N, t=50190 ms"
1,2026-01-11T00:07:15.364716,46.09781710058451,50200,2.712,"Load=2.712 N, t=50200 ms"
1,2026-01-11T00:07:15.373739,46.10684030037373,50210,3.115,"Load=3.115 N, t=50210 ms"
1,2026-01-11T00:07:15.383705,46.11680660024285,50220,2.782,"Load=2.782 N, t=50220 ms"
1,2026-01-11T00:07:15.393705,46.126805800013244,50230,2.658,"Load=2.658 N, t=50230 ms"
1,2026-01-11T00:07:15.404819,46.13792030047625,50240,2.606,"Load=2.606 N, t=50240 ms"
1,2026-01-11T00:07:15.414724,46.14782450068742,50250,2.653,"Load=2.653 N, t=50250 ms"
1,2026-01-11T00:07:15.424789,46.15788990072906,50260,2.65,"Load=2.650 N, t=50260 ms"
1,2026-01-11T00:07:15.434793,46.16789340041578,50270,3.118,"Load=3.118 N, t=50270 ms"
1,2026-01-11T00:07:15.444734,46.177835300564766,50280,2.72,"Load=2.720 N, t=50280 ms"
1,2026-01-11T00:07:15.453812,46.18691250029951,50290,2.761,"Load=2.761 N, t=50290 ms"
1,2026-01-11T00:07:15.464799,46.19789920002222,50300,2.933,"Load=2.933 N, t=50300 ms"
1,2026-01-11T00:07:15.474665,46.207766300067306,50310,2.883,"Load=2.883 N, t=50310 ms"
1,2026-01-11T00:07:15.484796,46.217896500602365,50320,3.203,"Load=3.203 N, t=50320 ms"
1,2026-01-11T00:07:15.494886,46.22798600047827,50330,2.603,"Load=2.603 N, t=50330 ms"
1,2026-01-11T00:07:15.504776,46.237877200357616,50340,2.818,"Load=2.818 N, t=50340 ms"
1,2026-01-11T00:07:15.514702,46.24780260026455,50350,2.702,"Load=2.702 N, t=50350 ms"
1,2026-01-11T00:07:15.523722,46.25682320073247,50360,2.681,"Load=2.681 N, t=50360 ms"
1,2026-01-11T00:07:15.534806,46.26790660060942,50370,2.602,"Load=2.602 N, t=50370 ms"
1,2026-01-11T00:07:15.544728,46.27782820072025,50380,2.735,"Load=2.735 N, t=50380 ms"
1,2026-01-11T00:07:15.554787,46.28788740001619,50390,2.518,"Load=2.518 N, t=50390 ms"
1,2026-01-11T00:07:15.564996,46.2980976998806,50400,2.39,"Load=2.390 N, t=50400 ms"
1,2026-01-11T00:07:15.574652,46.307753399945796,50410,2.565,"Load=2.565 N, t=50410 ms"
1,2026-01-11T00:07:15.584759,46.317859900183976,50420,3.141,"Load=3.141 N, t=50420 ms"
1,2026-01-11T00:07:15.594810,46.32791110035032,50430,2.772,"Load=2.772 N, t=50430 ms"
1,2026-01-11T00:07:15.604776,46.3378768004477,50440,2.795,"Load=2.795 N, t=50440 ms"
1,2026-01-11T00:07:15.614760,46.34786070045084,50450,2.795,"Load=2.795 N, t=50450 ms"
1,2026-01-11T00:07:15.624677,46.35777710005641,50460,2.735,"Load=2.735 N, t=50460 ms"
1,2026-01-11T00:07:15.634689,46.367790000513196,50470,2.95,"Load=2.950 N, t=50470 ms"
1,2026-01-11T00:07:15.644777,46.37787720002234,50480,2.707,"Load=2.707 N, t=50480 ms"
1,2026-01-11T00:07:15.654749,46.38784980028868,50490,2.775,"Load=2.775 N, t=50490 ms"
1,2026-01-11T00:07:15.664812,46.39791289996356,50500,2.769,"Load=2.769 N, t=50500 ms"
1,2026-01-11T00:07:15.674806,46.40790589991957,50510,2.72,"Load=2.720 N, t=50510 ms"
1,2026-01-11T00:07:15.684718,46.41781840007752,50520,2.826,"Load=2.826 N, t=50520 ms"
1,2026-01-11T00:07:15.694695,46.427794800139964,50530,2.787,"Load=2.787 N, t=50530 ms"
1,2026-01-11T00:07:15.704727,46.437826700508595,50540,2.748,"Load=2.748 N, t=50540 ms"
1,2026-01-11T00:07:15.714831,46.44793190062046,50550,2.916,"Load=2.916 N, t=50550 ms"
1,2026-01-11T00:07:15.724749,46.45784919988364,50560,2.578,"Load=2.578 N, t=50560 ms"
1,2026-01-11T00:07:15.734815,46.46791550051421,50570,2.735,"Load=2.735 N, t=50570 ms"
1,2026-01-11T00:07:15.744912,46.47801300045103,50580,2.777,"Load=2.777 N, t=50580 ms"
1,2026-01-11T00:07:15.754817,46.487917500548065,50590,2.575,"Load=2.575 N, t=50590 ms"
1,2026-01-11T00:07:15.764798,46.49789780005813,50600,3.115,"Load=3.115 N, t=50600 ms"
1,2026-01-11T00:07:15.774838,46.50793860014528,50610,2.688,"Load=2.688 N, t=50610 ms"
1,2026-01-11T00:07:15.784834,46.5179353998974,50620,2.751,"Load=2.751 N, t=50620 ms"
1,2026-01-11T00:07:15.794926,46.528026800602674,50630,2.877,"Load=2.877 N, t=50630 ms"
1,2026-01-11T00:07:15.804830,46.53792960010469,50640,3.002,"Load=3.002 N, t=50640 ms"
1,2026-01-11T00:07:15.814807,46.54790680017322,50650,2.779,"Load=2.779 N, t=50650 ms"
1,2026-01-11T00:07:15.824748,46.557848799973726,50660,2.777,"Load=2.777 N, t=50660 ms"
1,2026-01-11T00:07:15.834858,46.56795830000192,50670,2.926,"Load=2.926 N, t=50670 ms"
1,2026-01-11T00:07:15.844804,46.57790490053594,50680,2.862,"Load=2.862 N, t=50680 ms"
1,2026-01-11T00:07:15.854845,46.58794429991394,50690,2.914,"Load=2.914 N, t=50690 ms"
1,2026-01-11T00:07:15.864843,46.59794310014695,50700,2.545,"Load=2.545 N, t=50700 ms"
1,2026-01-11T00:07:15.874828,46.60792869981378,50710,2.704,"Load=2.704 N, t=50710 ms"
1,2026-01-11T00:07:15.884940,46.61804040055722,50720,2.865,"Load=2.865 N, t=50720 ms"
1,2026-01-11T00:07:15.895755,46.628854900598526,50730,3.019,"Load=3.019 N, t=50730 ms"
1,2026-01-11T00:07:15.904685,46.637785100378096,50740,3.157,"Load=3.157 N, t=50740 ms"
1,2026-01-11T00:07:15.914672,46.64777160063386,50750,2.836,"Load=2.836 N, t=50750 ms"
1,2026-01-11T00:07:15.924675,46.657774600200355,50760,2.72,"Load=2.720 N, t=50760 ms"
1,2026-01-11T00:07:15.934661,46.66776069998741,50770,3.079,"Load=3.079 N, t=50770 ms"
1,2026-01-11T00:07:15.944724,46.677824600599706,50780,3.084,"Load=3.084 N, t=50780 ms"
1,2026-01-11T00:07:15.954713,46.68781100027263,50790,2.709,"Load=2.709 N, t=50790 ms"
1,2026-01-11T00:07:15.965637,46.698737100698054,50800,2.604,"Load=2.604 N, t=50800 ms"
1,2026-01-11T00:07:15.974717,46.70781780034304,50810,3.007,"Load=3.007 N, t=50810 ms"
1,2026-01-11T00:07:15.984707,46.71780740004033,50820,2.883,"Load=2.883 N, t=50820 ms"
1,2026-01-11T00:07:15.994951,46.72805100027472,50830,2.914,"Load=2.914 N, t=50830 ms"
1,2026-01-11T00:07:16.004649,46.73774849995971,50840,2.485,"Load=2.485 N, t=50840 ms"
1,2026-01-11T00:07:16.014699,46.74779920000583,50850,3.009,"Load=3.009 N, t=50850 ms"
1,2026-01-11T00:07:16.025652,46.75875130016357,50860,2.724,"Load=2.724 N, t=50860 ms"
1,2026-01-11T00:07:16.035622,46.76872230041772,50870,2.738,"Load=2.738 N, t=50870 ms"
1,2026-01-11T00:07:16.045646,46.778740900568664,50880,2.839,"Load=2.839 N, t=50880 ms"
1,2026-01-11T00:07:16.054696,46.78779560048133,50890,2.72,"Load=2.720 N, t=50890 ms"
1,2026-01-11T00:07:16.064667,46.79776760004461,50900,2.728,"Load=2.728 N, t=50900 ms"
1,2026-01-11T00:07:16.074726,46.80782570037991,50910,2.839,"Load=2.839 N, t=50910 ms"
1,2026-01-11T00:07:16.085729,46.81882940046489,50920,2.784,"Load=2.784 N, t=50920 ms"
1,2026-01-11T00:07:16.095818,46.82891800068319,50930,2.849,"Load=2.849 N, t=50930 ms"
1,2026-01-11T00:07:16.105714,46.83881450071931,50940,2.751,"Load=2.751 N, t=50940 ms"
1,2026-01-11T00:07:16.115747,46.848847299814224,50950,2.73,"Load=2.730 N, t=50950 ms"
1,2026-01-11T00:07:16.124843,46.85794380027801,50960,2.373,"Load=2.373 N, t=50960 ms"
1,2026-01-11T00:07:16.134695,46.86779450066388,50970,2.815,"Load=2.815 N, t=50970 ms"
1,2026-01-11T00:07:16.145821,46.87892090063542,50980,2.868,"Load=2.868 N, t=50980 ms"
1,2026-01-11T00:07:16.155795,46.88889429997653,50990,2.839,"Load=2.839 N, t=50990 ms"
1,2026-01-11T00:07:16.165695,46.89879550039768,51000,2.601,"Load=2.601 N, t=51000 ms"
1,2026-01-11T00:07:16.175742,46.90884230006486,51010,3.071,"Load=3.071 N, t=51010 ms"
1,2026-01-11T00:07:16.185742,46.918840800412,51020,2.903,"Load=2.903 N, t=51020 ms"
1,2026-01-11T00:07:16.195746,46.928845800459385,51030,2.797,"Load=2.797 N, t=51030 ms"
1,2026-01-11T00:07:16.205816,46.938915700651705,51040,2.938,"Load=2.938 N, t=51040 ms"
1,2026-01-11T00:07:16.216045,46.94914500042796,51050,2.671,"Load=2.671 N, t=51050 ms"
1,2026-01-11T00:07:16.225880,46.95897989999503,51060,2.958,"Load=2.958 N, t=51060 ms"
1,2026-01-11T00:07:16.235794,46.968893400393426,51070,2.802,"Load=2.802 N, t=51070 ms"
1,2026-01-11T00:07:16.245738,46.97883800044656,51080,2.836,"Load=2.836 N, t=51080 ms"
1,2026-01-11T00:07:16.255778,46.98887789994478,51090,2.958,"Load=2.958 N, t=51090 ms"
1,2026-01-11T00:07:16.265698,46.998797699809074,51100,2.935,"Load=2.935 N, t=51100 ms"
1,2026-01-11T00:07:16.275860,47.00896009989083,51110,3.074,"Load=3.074 N, t=51110 ms"
1,2026-01-11T00:07:16.285801,47.01890149991959,51120,3.519,"Load=3.519 N, t=51120 ms"
1,2026-01-11T00:07:16.295721,47.028820199891925,51130,2.691,"Load=2.691 N, t=51130 ms"
1,2026-01-11T00:07:16.305990,47.03908890020102,51140,2.95,"Load=2.950 N, t=51140 ms"
1,2026-01-11T00:07:16.315619,47.0487186005339,51150,2.965,"Load=2.965 N, t=51150 ms"
1,2026-01-11T00:07:16.325688,47.05878770072013,51160,2.911,"Load=2.911 N, t=51160 ms"
1,2026-01-11T00:07:16.335656,47.06875620037317,51170,2.593,"Load=2.593 N, t=51170 ms"
1,2026-01-11T00:07:16.345856,47.07895539980382,51180,2.751,"Load=2.751 N, t=51180 ms"
1,2026-01-11T00:07:16.355980,47.0890794005245,51190,3.247,"Load=3.247 N, t=51190 ms"
1,2026-01-11T00:07:16.365682,47.09878070000559,51200,2.676,"Load=2.676 N, t=51200 ms"
1,2026-01-11T00:07:16.375791,47.10889000073075,51210,2.743,"Load=2.743 N, t=51210 ms"
1,2026-01-11T00:07:16.385833,47.11893239989877,51220,2.942,"Load=2.942 N, t=51220 ms"
1,2026-01-11T00:07:16.395870,47.12896940018982,51230,2.764,"Load=2.764 N, t=51230 ms"
1,2026-01-11T00:07:16.405750,47.13884969986975,51240,2.72,"Load=2.720 N, t=51240 ms"
1,2026-01-11T00:07:16.415823,47.14892280008644,51250,2.991,"Load=2.991 N, t=51250 ms"
1,2026-01-11T00:07:16.425756,47.15885530039668,51260,2.911,"Load=2.911 N, t=51260 ms"
1,2026-01-11T00:07:16.435758,47.168857499957085,51270,2.738,"Load=2.738 N, t=51270 ms"
1,2026-01-11T00:07:16.445707,47.1788066001609,51280,2.702,"Load=2.702 N, t=51280 ms"
1,2026-01-11T00:07:16.455710,47.18880880065262,51290,2.856,"Load=2.856 N, t=51290 ms"
1,2026-01-11T00:07:16.465909,47.19900800008327,51300,2.771,"Load=2.771 N, t=51300 ms"
1,2026-01-11T00:07:16.475820,47.20891910046339,51310,2.627,"Load=2.627 N, t=51310 ms"
1,2026-01-11T00:07:16.485745,47.21884430013597,51320,3.257,"Load=3.257 N, t=51320 ms"
1,2026-01-11T00:07:16.495808,47.22890800051391,51330,2.725,"Load=2.725 N, t=51330 ms"
1,2026-01-11T00:07:16.505673,47.23877270054072,51340,2.647,"Load=2.647 N, t=51340 ms"
1,2026-01-11T00:07:16.515900,47.24899880029261,51350,2.933,"Load=2.933 N, t=51350 ms"
1,2026-01-11T00:07:16.525836,47.258936299942434,51360,2.81,"Load=2.810 N, t=51360 ms"
1,2026-01-11T00:07:16.535844,47.2689441004768,51370,2.604,"Load=2.604 N, t=51370 ms"
1,2026-01-11T00:07:16.545791,47.278890300542116,51380,2.697,"Load=2.697 N, t=51380 ms"
1,2026-01-11T00:07:16.555963,47.2890625,51390,2.939,"Load=2.939 N, t=51390 ms"
1,2026-01-11T00:07:16.565839,47.29893810022622,51400,2.707,"Load=2.707 N, t=51400 ms"
1,2026-01-11T00:07:16.576652,47.309751000255346,51410,3.036,"Load=3.036 N, t=51410 ms"
1,2026-01-11T00:07:16.585822,47.31892069987953,51420,2.908,"Load=2.908 N, t=51420 ms"
1,2026-01-11T00:07:16.595908,47.32900770008564,51430,2.911,"Load=2.911 N, t=51430 ms"
1,2026-01-11T00:07:16.605877,47.33897710032761,51440,2.578,"Load=2.578 N, t=51440 ms"
1,2026-01-11T00:07:16.615803,47.34890230000019,51450,2.906,"Load=2.906 N, t=51450 ms"
1,2026-01-11T00:07:16.625685,47.35878439992666,51460,2.777,"Load=2.777 N, t=51460 ms"
1,2026-01-11T00:07:16.636769,47.36986880004406,51470,3.074,"Load=3.074 N, t=51470 ms"
1,2026-01-11T00:07:16.646626,47.37972530070692,51480,2.658,"Load=2.658 N, t=51480 ms"
1,2026-01-11T00:07:16.655758,47.388856399804354,51490,3.048,"Load=3.048 N, t=51490 ms"
1,2026-01-11T00:07:16.665863,47.39896220061928,51500,2.769,"Load=2.769 N, t=51500 ms"
1,2026-01-11T00:07:16.675693,47.40879200026393,51510,3.009,"Load=3.009 N, t=51510 ms"
1,2026-01-11T00:07:16.685657,47.41875649988651,51520,2.96,"Load=2.960 N, t=51520 ms"
1,2026-01-11T00:07:16.696818,47.42991720046848,51530,2.717,"Load=2.717 N, t=51530 ms"
1,2026-01-11T00:07:16.706782,47.439881400205195,51540,2.784,"Load=2.784 N, t=51540 ms"
1,2026-01-11T00:07:16.716691,47.449790299870074,51550,2.872,"Load=2.872 N, t=51550 ms"
1,2026-01-11T00:07:16.725835,47.458935000002384,51560,2.971,"Load=2.971 N, t=51560 ms"
1,2026-01-11T00:07:16.735849,47.4689476005733,51570,2.565,"Load=2.565 N, t=51570 ms"
1,2026-01-11T00:07:16.745761,47.47885970026255,51580,2.655,"Load=2.655 N, t=51580 ms"
1,2026-01-11T00:07:16.756634,47.48973309993744,51590,2.863,"Load=2.863 N, t=51590 ms"
1,2026-01-11T00:07:16.766744,47.49984330032021,51600,2.678,"Load=2.678 N, t=51600 ms"
1,2026-01-11T00:07:16.776769,47.509868800640106,51610,2.877,"Load=2.877 N, t=51610 ms"
1,2026-01-11T00:07:16.786760,47.51985890045762,51620,2.715,"Load=2.715 N, t=51620 ms"
1,2026-01-11T00:07:16.795880,47.5289797000587,51630,2.761,"Load=2.761 N, t=51630 ms"
1,2026-01-11T00:07:16.805787,47.53888630028814,51640,2.947,"Load=2.947 N, t=51640 ms"
1,2026-01-11T00:07:16.816800,47.549899499863386,51650,2.894,"Load=2.894 N, t=51650 ms"
1,2026-01-11T00:07:16.826742,47.55984089989215,51660,2.689,"Load=2.689 N, t=51660 ms"
1,2026-01-11T00:07:16.836786,47.569884800352156,51670,3.446,"Load=3.446 N, t=51670 ms"
1,2026-01-11T00:07:16.846795,47.579893600195646,51680,2.753,"Load=2.753 N, t=51680 ms"
1,2026-01-11T00:07:16.856628,47.58972659986466,51690,2.81,"Load=2.810 N, t=51690 ms"
1,2026-01-11T00:07:16.866768,47.599866800010204,51700,2.676,"Load=2.676 N, t=51700 ms"
1,2026-01-11T00:07:16.876159,47.60925830062479,51710,2.637,"Load=2.637 N, t=51710 ms"
1,2026-01-11T00:07:16.886734,47.61983380001038,51720,2.662,"Load=2.662 N, t=51720 ms"
1,2026-01-11T00:07:16.896854,47.62995300069451,51730,2.911,"Load=2.911 N, t=51730 ms"
1,2026-01-11T00:07:16.906794,47.639892200008035,51740,2.857,"Load=2.857 N, t=51740 ms"
1,2026-01-11T00:07:16.916639,47.649738100357354,51750,2.707,"Load=2.707 N, t=51750 ms"
1,2026-01-11T00:07:16.926767,47.65986550040543,51760,2.932,"Load=2.932 N, t=51760 ms"
1,2026-01-11T00:07:16.936581,47.66967980004847,51770,2.937,"Load=2.937 N, t=51770 ms"
1,2026-01-11T00:07:16.946701,47.67980010062456,51780,2.782,"Load=2.782 N, t=51780 ms"
1,2026-01-11T00:07:16.956684,47.68978289980441,51790,2.733,"Load=2.733 N, t=51790 ms"
1,2026-01-11T00:07:16.966738,47.69983690045774,51800,2.805,"Load=2.805 N, t=51800 ms"
1,2026-01-11T00:07:16.976731,47.70983050018549,51810,2.797,"Load=2.797 N, t=51810 ms"
1,2026-01-11T00:07:16.986803,47.719901899807155,51820,2.784,"Load=2.784 N, t=51820 ms"
1,2026-01-11T00:07:16.996711,47.72980980016291,51830,3.25,"Load=3.250 N, t=51830 ms"
1,2026-01-11T00:07:17.006681,47.73978060018271,51840,2.846,"Load=2.846 N, t=51840 ms"
1,2026-01-11T00:07:17.016758,47.74985679984093,51850,2.497,"Load=2.497 N, t=51850 ms"
1,2026-01-11T00:07:17.026739,47.75983860064298,51860,3.017,"Load=3.017 N, t=51860 ms"
1,2026-01-11T00:07:17.036739,47.76983720064163,51870,3.159,"Load=3.159 N, t=51870 ms"
1,2026-01-11T00:07:17.046672,47.77976999990642,51880,2.487,"Load=2.487 N, t=51880 ms"
1,2026-01-11T00:07:17.056750,47.78984900005162,51890,2.834,"Load=2.834 N, t=51890 ms"
1,2026-01-11T00:07:17.066823,47.79992240015417,51900,2.796,"Load=2.796 N, t=51900 ms"
1,2026-01-11T00:07:17.076774,47.80987360049039,51910,2.826,"Load=2.826 N, t=51910 ms"
1,2026-01-11T00:07:17.086812,47.81991080008447,51920,2.978,"Load=2.978 N, t=51920 ms"
1,2026-01-11T00:07:17.096695,47.82979360036552,51930,2.839,"Load=2.839 N, t=51930 ms"
1,2026-01-11T00:07:17.106736,47.839834299869835,51940,2.715,"Load=2.715 N, t=51940 ms"
1,2026-01-11T00:07:17.116727,47.84982530027628,51950,2.712,"Load=2.712 N, t=51950 ms"
1,2026-01-11T00:07:17.126759,47.85985700041056,51960,2.926,"Load=2.926 N, t=51960 ms"
1,2026-01-11T00:07:17.136774,47.869872100651264,51970,2.614,"Load=2.614 N, t=51970 ms"
1,2026-01-11T00:07:17.146685,47.87978299986571,51980,2.834,"Load=2.834 N, t=51980 ms"
1,2026-01-11T00:07:17.156819,47.8899175003171,51990,2.937,"Load=2.937 N, t=51990 ms"
1,2026-01-11T00:07:17.166770,47.899869500659406,52000,2.79,"Load=2.790 N, t=52000 ms"
1,2026-01-11T00:07:17.176810,47.90990830026567,52010,2.619,"Load=2.619 N, t=52010 ms"
1,2026-01-11T00:07:17.186870,47.919968800619245,52020,2.99,"Load=2.990 N, t=52020 ms"
1,2026-01-11T00:07:17.196725,47.92982379999012,52030,2.841,"Load=2.841 N, t=52030 ms"
1,2026-01-11T00:07:17.206772,47.93987090047449,52040,2.764,"Load=2.764 N, t=52040 ms"
1,2026-01-11T00:07:17.216693,47.94979189988226,52050,2.588,"Load=2.588 N, t=52050 ms"
1,2026-01-11T00:07:17.226691,47.95978830009699,52060,3.064,"Load=3.064 N, t=52060 ms"
1,2026-01-11T00:07:17.236628,47.969726100564,52070,2.723,"Load=2.723 N, t=52070 ms"
1,2026-01-11T00:07:17.247608,47.98070660047233,52080,2.882,"Load=2.882 N, t=52080 ms"
1,2026-01-11T00:07:17.256674,47.989773500710726,52090,2.346,"Load=2.346 N, t=52090 ms"
1,2026-01-11T00:07:17.266859,47.9999573007226,52100,3.022,"Load=3.022 N, t=52100 ms"
1,2026-01-11T00:07:17.276826,48.009924500249326,52110,3.038,"Load=3.038 N, t=52110 ms"
1,2026-01-11T00:07:17.286821,48.019919600337744,52120,3.007,"Load=3.007 N, t=52120 ms"
1,2026-01-11T00:07:17.296835,48.02993379998952,52130,2.841,"Load=2.841 N, t=52130 ms"
1,2026-01-11T00:07:17.307714,48.04081219993532,52140,2.695,"Load=2.695 N, t=52140 ms"
1,2026-01-11T00:07:17.317752,48.05084910057485,52150,2.519,"Load=2.519 N, t=52150 ms"
1,2026-01-11T00:07:17.327850,48.060948099941015,52160,3.273,"Load=3.273 N, t=52160 ms"
1,2026-01-11T00:07:17.336945,48.070043300278485,52170,2.834,"Load=2.834 N, t=52170 ms"
1,2026-01-11T00:07:17.346972,48.080070400610566,52180,2.808,"Load=2.808 N, t=52180 ms"
1,2026-01-11T00:07:17.356801,48.089899900369346,52190,2.766,"Load=2.766 N, t=52190 ms"
1,2026-01-11T00:07:17.367899,48.10099750012159,52200,2.933,"Load=2.933 N, t=52200 ms"
1,2026-01-11T00:07:17.377890,48.11098930053413,52210,2.836,"Load=2.836 N, t=52210 ms"
1,2026-01-11T00:07:17.387734,48.12083140015602,52220,2.937,"Load=2.937 N, t=52220 ms"
1,2026-01-11T00:07:17.396672,48.129770800471306,52230,2.614,"Load=2.614 N, t=52230 ms"
1,2026-01-11T00:07:17.406819,48.13991789985448,52240,2.673,"Load=2.673 N, t=52240 ms"
1,2026-01-11T00:07:17.416641,48.14973960071802,52250,2.841,"Load=2.841 N, t=52250 ms"
1,2026-01-11T00:07:17.426829,48.159927000291646,52260,3.014,"Load=3.014 N, t=52260 ms"
1,2026-01-11T00:07:17.437791,48.17089019995183,52270,3.173,"Load=3.173 N, t=52270 ms"
1,2026-01-11T00:07:17.447668,48.18076690007001,52280,2.74,"Load=2.740 N, t=52280 ms"
1,2026-01-11T00:07:17.457762,48.19086050055921,52290,2.903,"Load=2.903 N, t=52290 ms"
1,2026-01-11T00:07:17.466851,48.19995009992272,52300,2.635,"Load=2.635 N, t=52300 ms"
1,2026-01-11T00:07:17.476750,48.20984819997102,52310,2.619,"Load=2.619 N, t=52310 ms"
1,2026-01-11T00:07:17.486733,48.219831299968064,52320,2.844,"Load=2.844 N, t=52320 ms"
1,2026-01-11T00:07:17.497653,48.23075160011649,52330,2.818,"Load=2.818 N, t=52330 ms"
1,2026-01-11T00:07:17.507630,48.240727700293064,52340,2.797,"Load=2.797 N, t=52340 ms"
1,2026-01-11T00:07:17.517651,48.250749399885535,52350,2.722,"Load=2.722 N, t=52350 ms"
1,2026-01-11T00:07:17.527756,48.260854500345886,52360,2.603,"Load=2.603 N, t=52360 ms"
1,2026-01-11T00:07:17.536729,48.2698279004544,52370,2.669,"Load=2.669 N, t=52370 ms"
1,2026-01-11T00:07:17.546844,48.27994150016457,52380,2.797,"Load=2.797 N, t=52380 ms"
1,2026-01-11T00:07:17.557745,48.29084250051528,52390,2.662,"Load=2.662 N, t=52390 ms"
1,2026-01-11T00:07:17.567796,48.30089450068772,52400,2.616,"Load=2.616 N, t=52400 ms"
1,2026-01-11T00:07:17.577749,48.310847599990666,52410,2.764,"Load=2.764 N, t=52410 ms"
1,2026-01-11T00:07:17.587691,48.320789500139654,52420,2.622,"Load=2.622 N, t=52420 ms"
1,2026-01-11T00:07:17.597622,48.33071880042553,52430,2.691,"Load=2.691 N, t=52430 ms"
1,2026-01-11T00:07:17.606787,48.33988540060818,52440,3.002,"Load=3.002 N, t=52440 ms"
1,2026-01-11T00:07:17.617836,48.350933600217104,52450,2.47,"Load=2.470 N, t=52450 ms"
1,2026-01-11T00:07:17.627790,48.36088789999485,52460,2.963,"Load=2.963 N, t=52460 ms"
1,2026-01-11T00:07:17.637716,48.37081450037658,52470,3.007,"Load=3.007 N, t=52470 ms"
1,2026-01-11T00:07:17.647727,48.38082480058074,52480,2.831,"Load=2.831 N, t=52480 ms"
1,2026-01-11T00:07:17.657786,48.390884700231254,52490,2.839,"Load=2.839 N, t=52490 ms"
1,2026-01-11T00:07:17.667661,48.40075939986855,52500,2.766,"Load=2.766 N, t=52500 ms"
1,2026-01-11T00:07:17.677814,48.410911300219595,52510,3.026,"Load=3.026 N, t=52510 ms"
1,2026-01-11T00:07:17.687642,48.420739400200546,52520,2.676,"Load=2.676 N, t=52520 ms"
1,2026-01-11T00:07:17.697712,48.43080910015851,52530,2.893,"Load=2.893 N, t=52530 ms"
1,2026-01-11T00:07:17.707792,48.44088960066438,52540,2.735,"Load=2.735 N, t=52540 ms"
1,2026-01-11T00:07:17.717623,48.45072120055556,52550,2.733,"Load=2.733 N, t=52550 ms"
1,2026-01-11T00:07:17.727704,48.46080210059881,52560,2.544,"Load=2.544 N, t=52560 ms"
1,2026-01-11T00:07:17.737818,48.470915799960494,52570,2.794,"Load=2.794 N, t=52570 ms"
1,2026-01-11T00:07:17.747613,48.48071140050888,52580,2.751,"Load=2.751 N, t=52580 ms"
1,2026-01-11T00:07:17.757759,48.49085540045053,52590,2.444,"Load=2.444 N, t=52590 ms"
1,2026-01-11T00:07:17.767794,48.50089230015874,52600,2.57,"Load=2.570 N, t=52600 ms"
1,2026-01-11T00:07:17.777883,48.51098150014877,52610,2.784,"Load=2.784 N, t=52610 ms"
1,2026-01-11T00:07:17.787791,48.52088910061866,52620,2.81,"Load=2.810 N, t=52620 ms"
1,2026-01-11T00:07:17.797747,48.53084500040859,52630,2.837,"Load=2.837 N, t=52630 ms"
1,2026-01-11T00:07:17.807739,48.54083720035851,52640,2.823,"Load=2.823 N, t=52640 ms"
1,2026-01-11T00:07:17.817929,48.55102720018476,52650,2.872,"Load=2.872 N, t=52650 ms"
1,2026-01-11T00:07:17.827656,48.56075409986079,52660,2.66,"Load=2.660 N, t=52660 ms"
1,2026-01-11T00:07:17.837777,48.57087470032275,52670,2.96,"Load=2.960 N, t=52670 ms"
1,2026-01-11T00:07:17.847727,48.58082559984177,52680,2.743,"Load=2.743 N, t=52680 ms"
1,2026-01-11T00:07:17.857615,48.59071360062808,52690,2.611,"Load=2.611 N, t=52690 ms"
1,2026-01-11T00:07:17.867633,48.600730500184,52700,2.729,"Load=2.729 N, t=52700 ms"
1,2026-01-11T00:07:17.878744,48.61184149980545,52710,2.963,"Load=2.963 N, t=52710 ms"
1,2026-01-11T00:07:17.887731,48.620829599909484,52720,2.74,"Load=2.740 N, t=52720 ms"
1,2026-01-11T00:07:17.897799,48.63089720066637,52730,2.958,"Load=2.958 N, t=52730 ms"
1,2026-01-11T00:07:17.907797,48.64089450053871,52740,2.764,"Load=2.764 N, t=52740 ms"
1,2026-01-11T00:07:17.917670,48.65076780039817,52750,2.748,"Load=2.748 N, t=52750 ms"
1,2026-01-11T00:07:17.927708,48.66080620046705,52760,2.75,"Load=2.750 N, t=52760 ms"
1,2026-01-11T00:07:17.937733,48.67083050031215,52770,2.87,"Load=2.870 N, t=52770 ms"
1,2026-01-11T00:07:17.947730,48.68082860019058,52780,2.929,"Load=2.929 N, t=52780 ms"
1,2026-01-11T00:07:17.957650,48.69074739981443,52790,2.823,"Load=2.823 N, t=52790 ms"
1,2026-01-11T00:07:17.967805,48.70090300031006,52800,2.795,"Load=2.795 N, t=52800 ms"
1,2026-01-11T00:07:17.977722,48.710819500498474,52810,2.828,"Load=2.828 N, t=52810 ms"
1,2026-01-11T00:07:17.987822,48.72091970033944,52820,2.83,"Load=2.830 N, t=52820 ms"
1,2026-01-11T00:07:17.997761,48.73085880000144,52830,2.79,"Load=2.790 N, t=52830 ms"
1,2026-01-11T00:07:18.007829,48.740926899947226,52840,2.79,"Load=2.790 N, t=52840 ms"
1,2026-01-11T00:07:18.017832,48.750929900445044,52850,2.586,"Load=2.586 N, t=52850 ms"
1,2026-01-11T00:07:18.027649,48.76074710022658,52860,2.663,"Load=2.663 N, t=52860 ms"
1,2026-01-11T00:07:18.037751,48.77084910031408,52870,3.128,"Load=3.128 N, t=52870 ms"
1,2026-01-11T00:07:18.047854,48.78095099981874,52880,2.827,"Load=2.827 N, t=52880 ms"
1,2026-01-11T00:07:18.058104,48.79120120033622,52890,2.627,"Load=2.627 N, t=52890 ms"
1,2026-01-11T00:07:18.067823,48.800920200534165,52900,2.707,"Load=2.707 N, t=52900 ms"
1,2026-01-11T00:07:18.077775,48.81087200064212,52910,2.978,"Load=2.978 N, t=52910 ms"
1,2026-01-11T00:07:18.087817,48.82091540005058,52920,2.836,"Load=2.836 N, t=52920 ms"
1,2026-01-11T00:07:18.097814,48.83091180026531,52930,2.852,"Load=2.852 N, t=52930 ms"
1,2026-01-11T00:07:18.108762,48.84185970015824,52940,2.724,"Load=2.724 N, t=52940 ms"
1,2026-01-11T00:07:18.117834,48.85093200020492,52950,2.797,"Load=2.797 N, t=52950 ms"
1,2026-01-11T00:07:18.127839,48.860935900360346,52960,2.697,"Load=2.697 N, t=52960 ms"
1,2026-01-11T00:07:18.137855,48.87095220014453,52970,3.009,"Load=3.009 N, t=52970 ms"
1,2026-01-11T00:07:18.147729,48.88082650024444,52980,2.893,"Load=2.893 N, t=52980 ms"
1,2026-01-11T00:07:18.157832,48.89092900045216,52990,2.764,"Load=2.764 N, t=52990 ms"
1,2026-01-11T00:07:18.168677,48.901774800382555,53000,2.746,"Load=2.746 N, t=53000 ms"
1,2026-01-11T00:07:18.178761,48.91185830067843,53010,2.821,"Load=2.821 N, t=53010 ms"
1,2026-01-11T00:07:18.187696,48.92079360038042,53020,2.849,"Load=2.849 N, t=53020 ms"
1,2026-01-11T00:07:18.197764,48.93086160067469,53030,2.96,"Load=2.960 N, t=53030 ms"
1,2026-01-11T00:07:18.207962,48.94105949997902,53040,2.733,"Load=2.733 N, t=53040 ms"
1,2026-01-11T00:07:18.217833,48.95093100052327,53050,2.57,"Load=2.570 N, t=53050 ms"
1,2026-01-11T00:07:18.227730,48.96082769986242,53060,2.421,"Load=2.421 N, t=53060 ms"
1,2026-01-11T00:07:18.238776,48.97187380027026,53070,2.969,"Load=2.969 N, t=53070 ms"
1,2026-01-11T00:07:18.248639,48.98173680063337,53080,2.846,"Load=2.846 N, t=53080 ms"
1,2026-01-11T00:07:18.257767,48.99086400028318,53090,2.89,"Load=2.890 N, t=53090 ms"
1,2026-01-11T00:07:18.267705,49.000801499933004,53100,2.506,"Load=2.506 N, t=53100 ms"
1,2026-01-11T00:07:18.277873,49.010971300303936,53110,2.746,"Load=2.746 N, t=53110 ms"
1,2026-01-11T00:07:18.287796,49.02089380007237,53120,2.717,"Load=2.717 N, t=53120 ms"
1,2026-01-11T00:07:18.298659,49.031756000593305,53130,2.729,"Load=2.729 N, t=53130 ms"
1,2026-01-11T00:07:18.308739,49.04183650016785,53140,2.823,"Load=2.823 N, t=53140 ms"
1,2026-01-11T00:07:18.317858,49.050955600105226,53150,2.844,"Load=2.844 N, t=53150 ms"
1,2026-01-11T00:07:18.327793,49.060890399850905,53160,2.629,"Load=2.629 N, t=53160 ms"
1,2026-01-11T00:07:18.337744,49.070840700529516,53170,2.528,"Load=2.528 N, t=53170 ms"
1,2026-01-11T00:07:18.347832,49.08092870004475,53180,2.759,"Load=2.759 N, t=53180 ms"
1,2026-01-11T00:07:18.358799,49.09189570043236,53190,2.914,"Load=2.914 N, t=53190 ms"
1,2026-01-11T00:07:18.368707,49.101803900673985,53200,2.513,"Load=2.513 N, t=53200 ms"
1,2026-01-11T00:07:18.378773,49.111869500018656,53210,2.756,"Load=2.756 N, t=53210 ms"
1,2026-01-11T00:07:18.387837,49.12093409989029,53220,2.728,"Load=2.728 N, t=53220 ms"
1,2026-01-11T00:07:18.397765,49.13086230028421,53230,2.885,"Load=2.885 N, t=53230 ms"
1,2026-01-11T00:07:18.407697,49.14079470001161,53240,2.777,"Load=2.777 N, t=53240 ms"
1,2026-01-11T00:07:18.418796,49.1518933000043,53250,2.702,"Load=2.702 N, t=53250 ms"
1,2026-01-11T00:07:18.428808,49.16190550010651,53260,2.536,"Load=2.536 N, t=53260 ms"
1,2026-01-11T00:07:18.438677,49.171773300506175,53270,2.691,"Load=2.691 N, t=53270 ms"
1,2026-01-11T00:07:18.448580,49.181677100248635,53280,2.823,"Load=2.823 N, t=53280 ms"
1,2026-01-11T00:07:18.457693,49.19079020060599,53290,2.945,"Load=2.945 N, t=53290 ms"
1,2026-01-11T00:07:18.467704,49.20080200023949,53300,2.846,"Load=2.846 N, t=53300 ms"
1,2026-01-11T00:07:18.478727,49.21182470023632,53310,2.868,"Load=2.868 N, t=53310 ms"
1,2026-01-11T00:07:18.488807,49.22190390061587,53320,2.87,"Load=2.870 N, t=53320 ms"
1,2026-01-11T00:07:18.498788,49.231885000132024,53330,2.74,"Load=2.740 N, t=53330 ms"
1,2026-01-11T00:07:18.508944,49.24204060062766,53340,2.8,"Load=2.800 N, t=53340 ms"
1,2026-01-11T00:07:18.518760,49.25185640063137,53350,2.846,"Load=2.846 N, t=53350 ms"
1,2026-01-11T00:07:18.527850,49.26094760000706,53360,2.8,"Load=2.800 N, t=53360 ms"
1,2026-01-11T00:07:18.538775,49.271871300414205,53370,2.808,"Load=2.808 N, t=53370 ms"
1,2026-01-11T00:07:18.548698,49.28179469984025,53380,2.896,"Load=2.896 N, t=53380 ms"
1,2026-01-11T00:07:18.558787,49.29188370052725,53390,2.784,"Load=2.784 N, t=53390 ms"
1,2026-01-11T00:07:18.568733,49.301830500364304,53400,2.503,"Load=2.503 N, t=53400 ms"
1,2026-01-11T00:07:18.578780,49.311877000145614,53410,2.691,"Load=2.691 N, t=53410 ms"
1,2026-01-11T00:07:18.588645,49.32174200005829,53420,2.756,"Load=2.756 N, t=53420 ms"
1,2026-01-11T00:07:18.598697,49.33179420046508,53430,2.796,"Load=2.796 N, t=53430 ms"
1,2026-01-11T00:07:18.608668,49.341764700599015,53440,2.875,"Load=2.875 N, t=53440 ms"
1,2026-01-11T00:07:18.618634,49.351731300354004,53450,2.58,"Load=2.580 N, t=53450 ms"
1,2026-01-11T00:07:18.628650,49.36174670048058,53460,2.588,"Load=2.588 N, t=53460 ms"
1,2026-01-11T00:07:18.638628,49.371724899858236,53470,2.846,"Load=2.846 N, t=53470 ms"
1,2026-01-11T00:07:18.648760,49.38185700029135,53480,2.87,"Load=2.870 N, t=53480 ms"
1,2026-01-11T00:07:18.657884,49.39098099991679,53490,2.932,"Load=2.932 N, t=53490 ms"
1,2026-01-11T00:07:18.668792,49.40188920032233,53500,2.657,"Load=2.657 N, t=53500 ms"
1,2026-01-11T00:07:18.678802,49.41189850028604,53510,2.901,"Load=2.901 N, t=53510 ms"
1,2026-01-11T00:07:18.688795,49.42189220059663,53520,2.911,"Load=2.911 N, t=53520 ms"
1,2026-01-11T00:07:18.698715,49.4318102998659,53530,2.96,"Load=2.960 N, t=53530 ms"
1,2026-01-11T00:07:18.708610,49.44170720037073,53540,2.673,"Load=2.673 N, t=53540 ms"
1,2026-01-11T00:07:18.718641,49.45173740014434,53550,2.627,"Load=2.627 N, t=53550 ms"
1,2026-01-11T00:07:18.728650,49.46174670010805,53560,2.569,"Load=2.569 N, t=53560 ms"
1,2026-01-11T00:07:18.738678,49.47177480068058,53570,2.717,"Load=2.717 N, t=53570 ms"
1,2026-01-11T00:07:18.748668,49.48176520038396,53580,2.88,"Load=2.880 N, t=53580 ms"
1,2026-01-11T00:07:18.758717,49.49181419983506,53590,3.025,"Load=3.025 N, t=53590 ms"
1,2026-01-11T00:07:18.768786,49.50188310071826,53600,2.766,"Load=2.766 N, t=53600 ms"
1,2026-01-11T00:07:18.778777,49.511873700656,53610,2.728,"Load=2.728 N, t=53610 ms"
1,2026-01-11T00:07:18.788856,49.52195280045271,53620,2.832,"Load=2.832 N, t=53620 ms"
1,2026-01-11T00:07:18.798727,49.53182280063629,53630,2.79,"Load=2.790 N, t=53630 ms"
1,2026-01-11T00:07:18.808634,49.541730400174856,53640,2.712,"Load=2.712 N, t=53640 ms"
1,2026-01-11T00:07:18.818627,49.551723100245,53650,2.821,"Load=2.821 N, t=53650 ms"
1,2026-01-11T00:07:18.828663,49.56175970006734,53660,2.994,"Load=2.994 N, t=53660 ms"
1,2026-01-11T00:07:18.838976,49.572071600705385,53670,2.681,"Load=2.681 N, t=53670 ms"
1,2026-01-11T00:07:18.848850,49.58194690011442,53680,3.053,"Load=3.053 N, t=53680 ms"
1,2026-01-11T00:07:18.858814,49.59191079996526,53690,2.823,"Load=2.823 N, t=53690 ms"
1,2026-01-11T00:07:18.868776,49.60187160037458,53700,3.04,"Load=3.040 N, t=53700 ms"
1,2026-01-11T00:07:18.878666,49.61176300048828,53710,2.699,"Load=2.699 N, t=53710 ms"
1,2026-01-11T00:07:18.888804,49.62190019991249,53720,2.906,"Load=2.906 N, t=53720 ms"
1,2026-01-11T00:07:18.898626,49.63172290008515,53730,2.932,"Load=2.932 N, t=53730 ms"
1,2026-01-11T00:07:18.908726,49.64182270038873,53740,2.659,"Load=2.659 N, t=53740 ms"
1,2026-01-11T00:07:18.918708,49.651805200614035,53750,2.756,"Load=2.756 N, t=53750 ms"
1,2026-01-11T00:07:18.928818,49.66191519983113,53760,2.95,"Load=2.950 N, t=53760 ms"
1,2026-01-11T00:07:18.938810,49.67190680000931,53770,2.725,"Load=2.725 N, t=53770 ms"
1,2026-01-11T00:07:18.948737,49.68183340039104,53780,2.712,"Load=2.712 N, t=53780 ms"
1,2026-01-11T00:07:18.958641,49.69173790048808,53790,2.777,"Load=2.777 N, t=53790 ms"
1,2026-01-11T00:07:18.968816,49.701912799850106,53800,2.933,"Load=2.933 N, t=53800 ms"
1,2026-01-11T00:07:18.978768,49.711863700300455,53810,2.691,"Load=2.691 N, t=53810 ms"
1,2026-01-11T00:07:18.988824,49.72191989980638,53820,2.87,"Load=2.870 N, t=53820 ms"
1,2026-01-11T00:07:18.998790,49.731885800138116,53830,2.924,"Load=2.924 N, t=53830 ms"
1,2026-01-11T00:07:19.008679,49.741775300353765,53840,2.74,"Load=2.740 N, t=53840 ms"
1,2026-01-11T00:07:19.018766,49.75186260044575,53850,3.128,"Load=3.128 N, t=53850 ms"
1,2026-01-11T00:07:19.028822,49.76191909983754,53860,2.962,"Load=2.962 N, t=53860 ms"
1,2026-01-11T00:07:19.038886,49.77198209986091,53870,3.058,"Load=3.058 N, t=53870 ms"
1,2026-01-11T00:07:19.048763,49.781858700327575,53880,3.071,"Load=3.071 N, t=53880 ms"
1,2026-01-11T00:07:19.058667,49.791763899847865,53890,2.766,"Load=2.766 N, t=53890 ms"
1,2026-01-11T00:07:19.068677,49.80177399981767,53900,2.777,"Load=2.777 N, t=53900 ms"
1,2026-01-11T00:07:19.078743,49.81183939985931,53910,2.757,"Load=2.757 N, t=53910 ms"
1,2026-01-11T00:07:19.088693,49.82178860064596,53920,2.834,"Load=2.834 N, t=53920 ms"
1,2026-01-11T00:07:19.098711,49.83180700056255,53930,3.043,"Load=3.043 N, t=53930 ms"
1,2026-01-11T00:07:19.108801,49.841897000558674,53940,2.632,"Load=2.632 N, t=53940 ms"
1,2026-01-11T00:07:19.118762,49.85185860004276,53950,2.774,"Load=2.774 N, t=53950 ms"
1,2026-01-11T00:07:19.128835,49.86193179991096,53960,2.908,"Load=2.908 N, t=53960 ms"
1,2026-01-11T00:07:19.138731,49.87182720005512,53970,2.707,"Load=2.707 N, t=53970 ms"
1,2026-01-11T00:07:19.149760,49.88285670056939,53980,2.664,"Load=2.664 N, t=53980 ms"
1,2026-01-11T00:07:19.158748,49.89184369985014,53990,2.859,"Load=2.859 N, t=53990 ms"
1,2026-01-11T00:07:19.168849,49.90194470062852,54000,2.836,"Load=2.836 N, t=54000 ms"
1,2026-01-11T00:07:19.178995,49.91209170036018,54010,2.903,"Load=2.903 N, t=54010 ms"
1,2026-01-11T00:07:19.188954,49.92204979993403,54020,3.074,"Load=3.074 N, t=54020 ms"
1,2026-01-11T00:07:19.198842,49.93193720001727,54030,2.839,"Load=2.839 N, t=54030 ms"
1,2026-01-11T00:07:19.208792,49.941888600587845,54040,2.585,"Load=2.585 N, t=54040 ms"
1,2026-01-11T00:07:19.219717,49.9528132006526,54050,2.724,"Load=2.724 N, t=54050 ms"
1,2026-01-11T00:07:19.228756,49.96185250021517,54060,2.901,"Load=2.901 N, t=54060 ms"
1,2026-01-11T00:07:19.238830,49.97192549984902,54070,2.492,"Load=2.492 N, t=54070 ms"
1,2026-01-11T00:07:19.248726,49.981823100708425,54080,2.686,"Load=2.686 N, t=54080 ms"
1,2026-01-11T00:07:19.258809,49.9919050000608,54090,2.857,"Load=2.857 N, t=54090 ms"
1,2026-01-11T00:07:19.268816,50.00191230047494,54100,2.819,"Load=2.819 N, t=54100 ms"
1,2026-01-11T00:07:19.279775,50.01287060044706,54110,2.834,"Load=2.834 N, t=54110 ms"
1,2026-01-11T00:07:19.289655,50.02275160048157,54120,2.743,"Load=2.743 N, t=54120 ms"
1,2026-01-11T00:07:19.298891,50.03198680002242,54130,2.691,"Load=2.691 N, t=54130 ms"
1,2026-01-11T00:07:19.308798,50.04189470037818,54140,2.712,"Load=2.712 N, t=54140 ms"
1,2026-01-11T00:07:19.318835,50.051930700428784,54150,2.784,"Load=2.784 N, t=54150 ms"
1,2026-01-11T00:07:19.328825,50.06192070059478,54160,2.8,"Load=2.800 N, t=54160 ms"
1,2026-01-11T00:07:19.339788,50.072884700261056,54170,2.969,"Load=2.969 N, t=54170 ms"
1,2026-01-11T00:07:19.349727,50.08282370027155,54180,3.188,"Load=3.188 N, t=54180 ms"
1,2026-01-11T00:07:19.359646,50.09274180047214,54190,2.885,"Load=2.885 N, t=54190 ms"
1,2026-01-11T00:07:19.368753,50.101849500089884,54200,2.906,"Load=2.906 N, t=54200 ms"
1,2026-01-11T00:07:19.378854,50.11194960027933,54210,2.805,"Load=2.805 N, t=54210 ms"
1,2026-01-11T00:07:19.388794,50.12188960053027,54220,2.673,"Load=2.673 N, t=54220 ms"
1,2026-01-11T00:07:19.399743,50.132839700207114,54230,2.899,"Load=2.899 N, t=54230 ms"
1,2026-01-11T00:07:19.409779,50.14287570025772,54240,2.743,"Load=2.743 N, t=54240 ms"
1,2026-01-11T00:07:19.419766,50.152862099930644,54250,2.712,"Load=2.712 N, t=54250 ms"
1,2026-01-11T00:07:19.428878,50.16197380051017,54260,2.952,"Load=2.952 N, t=54260 ms"
1,2026-01-11T00:07:19.438854,50.171949500218034,54270,2.932,"Load=2.932 N, t=54270 ms"
1,2026-01-11T00:07:19.448729,50.18182510044426,54280,2.689,"Load=2.689 N, t=54280 ms"
1,2026-01-11T00:07:19.459842,50.1929381005466,54290,2.726,"Load=2.726 N, t=54290 ms"
1,2026-01-11T00:07:19.469854,50.20294999983162,54300,2.828,"Load=2.828 N, t=54300 ms"
1,2026-01-11T00:07:19.479717,50.21281229984015,54310,2.782,"Load=2.782 N, t=54310 ms"
1,2026-01-11T00:07:19.489763,50.222858800552785,54320,2.668,"Load=2.668 N, t=54320 ms"
1,2026-01-11T00:07:19.498681,50.23177730012685,54330,2.841,"Load=2.841 N, t=54330 ms"
1,2026-01-11T00:07:19.508772,50.2418678002432,54340,2.748,"Load=2.748 N, t=54340 ms"
1,2026-01-11T00:07:19.519807,50.2529025003314,54350,2.779,"Load=2.779 N, t=54350 ms"
1,2026-01-11T00:07:19.529801,50.26289780065417,54360,3.027,"Load=3.027 N, t=54360 ms"
1,2026-01-11T00:07:19.539942,50.273037699982524,54370,2.681,"Load=2.681 N, t=54370 ms"
1,2026-01-11T00:07:19.549783,50.28287809994072,54380,2.465,"Load=2.465 N, t=54380 ms"
1,2026-01-11T00:07:19.559594,50.29268980026245,54390,2.766,"Load=2.766 N, t=54390 ms"
1,2026-01-11T00:07:19.568701,50.30179710034281,54400,2.828,"Load=2.828 N, t=54400 ms"
1,2026-01-11T00:07:19.579681,50.312776000238955,54410,2.642,"Load=2.642 N, t=54410 ms"
1,2026-01-11T00:07:19.589732,50.322827599942684,54420,2.753,"Load=2.753 N, t=54420 ms"
1,2026-01-11T00:07:19.599812,50.332908200100064,54430,2.66,"Load=2.660 N, t=54430 ms"
1,2026-01-11T00:07:19.609793,50.34288839995861,54440,2.619,"Load=2.619 N, t=54440 ms"
1,2026-01-11T00:07:19.619697,50.3527918998152,54450,2.989,"Load=2.989 N, t=54450 ms"
1,2026-01-11T00:07:19.629761,50.362857500091195,54460,2.777,"Load=2.777 N, t=54460 ms"
1,2026-01-11T00:07:19.638794,50.37188970018178,54470,2.575,"Load=2.575 N, t=54470 ms"
1,2026-01-11T00:07:19.649813,50.38290860038251,54480,2.882,"Load=2.882 N, t=54480 ms"
1,2026-01-11T00:07:19.659810,50.39290519990027,54490,2.655,"Load=2.655 N, t=54490 ms"
1,2026-01-11T00:07:19.669726,50.402821300551295,54500,3.051,"Load=3.051 N, t=54500 ms"
1,2026-01-11T00:07:19.679739,50.41283510066569,54510,2.609,"Load=2.609 N, t=54510 ms"
1,2026-01-11T00:07:19.689776,50.42287230025977,54520,2.797,"Load=2.797 N, t=54520 ms"
1,2026-01-11T00:07:19.699605,50.432700200006366,54530,2.681,"Load=2.681 N, t=54530 ms"
1,2026-01-11T00:07:19.709785,50.44288090057671,54540,2.774,"Load=2.774 N, t=54540 ms"
1,2026-01-11T00:07:19.719805,50.45290150027722,54550,2.771,"Load=2.771 N, t=54550 ms"
1,2026-01-11T00:07:19.729865,50.46296070050448,54560,3.033,"Load=3.033 N, t=54560 ms"
1,2026-01-11T00:07:19.739814,50.47290930058807,54570,2.862,"Load=2.862 N, t=54570 ms"
1,2026-01-11T00:07:19.749636,50.48273160029203,54580,2.958,"Load=2.958 N, t=54580 ms"
1,2026-01-11T00:07:19.759617,50.492712300270796,54590,2.697,"Load=2.697 N, t=54590 ms"
1,2026-01-11T00:07:19.769720,50.50281549990177,54600,2.796,"Load=2.796 N, t=54600 ms"
1,2026-01-11T00:07:19.779793,50.512888399884105,54610,2.585,"Load=2.585 N, t=54610 ms"
1,2026-01-11T00:07:19.789810,50.52290580049157,54620,2.764,"Load=2.764 N, t=54620 ms"
1,2026-01-11T00:07:19.799815,50.53290980029851,54630,2.808,"Load=2.808 N, t=54630 ms"
1,2026-01-11T00:07:19.809794,50.542889500036836,54640,2.704,"Load=2.704 N, t=54640 ms"
1,2026-01-11T00:07:19.819786,50.552881800569594,54650,2.927,"Load=2.927 N, t=54650 ms"
1,2026-01-11T00:07:19.829822,50.56291770003736,54660,2.753,"Load=2.753 N, t=54660 ms"
1,2026-01-11T00:07:19.839761,50.57285610027611,54670,2.766,"Load=2.766 N, t=54670 ms"
1,2026-01-11T00:07:19.850657,50.58375270012766,54680,3.123,"Load=3.123 N, t=54680 ms"
1,2026-01-11T00:07:19.859678,50.59277300070971,54690,2.973,"Load=2.973 N, t=54690 ms"
1,2026-01-11T00:07:19.869797,50.60289330035448,54700,2.694,"Load=2.694 N, t=54700 ms"
1,2026-01-11T00:07:19.879701,50.6127965003252,54710,2.691,"Load=2.691 N, t=54710 ms"
1,2026-01-11T00:07:19.889835,50.622930199839175,54720,2.827,"Load=2.827 N, t=54720 ms"
1,2026-01-11T00:07:19.899814,50.63290970027447,54730,2.645,"Load=2.645 N, t=54730 ms"
1,2026-01-11T00:07:19.909829,50.6429241001606,54740,2.867,"Load=2.867 N, t=54740 ms"
1,2026-01-11T00:07:19.919803,50.6528978003189,54750,2.707,"Load=2.707 N, t=54750 ms"
1,2026-01-11T00:07:19.929756,50.66285140067339,54760,2.655,"Load=2.655 N, t=54760 ms"
1,2026-01-11T00:07:19.939722,50.67281650006771,54770,2.627,"Load=2.627 N, t=54770 ms"
1,2026-01-11T00:07:19.949717,50.682811900042,54780,2.942,"Load=2.942 N, t=54780 ms"
1,2026-01-11T00:07:19.959687,50.69278210029006,54790,2.676,"Load=2.676 N, t=54790 ms"
1,2026-01-11T00:07:19.969696,50.702791900373995,54800,2.88,"Load=2.880 N, t=54800 ms"
1,2026-01-11T00:07:19.979692,50.71278790012002,54810,2.599,"Load=2.599 N, t=54810 ms"
1,2026-01-11T00:07:19.989659,50.722754900343716,54820,2.624,"Load=2.624 N, t=54820 ms"
1,2026-01-11T00:07:19.999682,50.7327779000625,54830,2.937,"Load=2.937 N, t=54830 ms"
1,2026-01-11T00:07:20.009952,50.743047500029206,54840,2.995,"Load=2.995 N, t=54840 ms"
1,2026-01-11T00:07:20.019834,50.75292980019003,54850,2.914,"Load=2.914 N, t=54850 ms"
1,2026-01-11T00:07:20.029841,50.762936000712216,54860,3.04,"Load=3.040 N, t=54860 ms"
1,2026-01-11T00:07:20.039892,50.77298770006746,54870,2.849,"Load=2.849 N, t=54870 ms"
1,2026-01-11T00:07:20.049844,50.7829394005239,54880,2.743,"Load=2.743 N, t=54880 ms"
1,2026-01-11T00:07:20.059784,50.792879399843514,54890,2.682,"Load=2.682 N, t=54890 ms"
1,2026-01-11T00:07:20.070681,50.803776300512254,54900,2.582,"Load=2.582 N, t=54900 ms"
1,2026-01-11T00:07:20.079878,50.81297249998897,54910,2.836,"Load=2.836 N, t=54910 ms"
1,2026-01-11T00:07:20.089866,50.82296170014888,54920,2.658,"Load=2.658 N, t=54920 ms"
1,2026-01-11T00:07:20.100303,50.833397700451314,54930,2.743,"Load=2.743 N, t=54930 ms"
1,2026-01-11T00:07:20.109735,50.842827999964356,54940,2.689,"Load=2.689 N, t=54940 ms"
1,2026-01-11T00:07:20.119704,50.852798299863935,54950,2.722,"Load=2.722 N, t=54950 ms"
1,2026-01-11T00:07:20.129658,50.862753100693226,54960,2.911,"Load=2.911 N, t=54960 ms"
1,2026-01-11T00:07:20.140647,50.87374120019376,54970,2.786,"Load=2.786 N, t=54970 ms"
1,2026-01-11T00:07:20.149717,50.88281180057675,54980,2.663,"Load=2.663 N, t=54980 ms"
1,2026-01-11T00:07:20.159770,50.89286539983004,54990,2.759,"Load=2.759 N, t=54990 ms"
1,2026-01-11T00:07:20.169672,50.902767800726,55000,2.919,"Load=2.919 N, t=55000 ms"
1,2026-01-11T00:07:20.179666,50.912761400453746,55010,2.867,"Load=2.867 N, t=55010 ms"
1,2026-01-11T00:07:20.189688,50.922783500514925,55020,2.738,"Load=2.738 N, t=55020 ms"
1,2026-01-11T00:07:20.200655,50.93374980054796,55030,2.705,"Load=2.705 N, t=55030 ms"
1,2026-01-11T00:07:20.210584,50.94367890059948,55040,3.027,"Load=3.027 N, t=55040 ms"
1,2026-01-11T00:07:20.219691,50.952786000445485,55050,2.699,"Load=2.699 N, t=55050 ms"
1,2026-01-11T00:07:20.229771,50.96286540012807,55060,2.487,"Load=2.487 N, t=55060 ms"
1,2026-01-11T00:07:20.239957,50.97305200062692,55070,3.151,"Load=3.151 N, t=55070 ms"
1,2026-01-11T00:07:20.249905,50.983000200241804,55080,2.815,"Load=2.815 N, t=55080 ms"
1,2026-01-11T00:07:20.260693,50.99378720019013,55090,2.511,"Load=2.511 N, t=55090 ms"
1,2026-01-11T00:07:20.270782,51.00387590005994,55100,2.637,"Load=2.637 N, t=55100 ms"
1,2026-01-11T00:07:20.280753,51.01384859997779,55110,2.89,"Load=2.890 N, t=55110 ms"
1,2026-01-11T00:07:20.289779,51.02287480048835,55120,2.952,"Load=2.952 N, t=55120 ms"
1,2026-01-11T00:07:20.299712,51.03280690032989,55130,2.704,"Load=2.704 N, t=55130 ms"
1,2026-01-11T00:07:20.309654,51.042749100364745,55140,2.735,"Load=2.735 N, t=55140 ms"
1,2026-01-11T00:07:20.320728,51.05382260028273,55150,2.95,"Load=2.950 N, t=55150 ms"
1,2026-01-11T00:07:20.330796,51.063890900462866,55160,2.924,"Load=2.924 N, t=55160 ms"
1,2026-01-11T00:07:20.340729,51.0738246999681,55170,2.684,"Load=2.684 N, t=55170 ms"
1,2026-01-11T00:07:20.350688,51.08378310035914,55180,2.815,"Load=2.815 N, t=55180 ms"
1,2026-01-11T00:07:20.359796,51.09289130009711,55190,2.836,"Load=2.836 N, t=55190 ms"
1,2026-01-11T00:07:20.369841,51.10293669998646,55200,2.955,"Load=2.955 N, t=55200 ms"
1,2026-01-11T00:07:20.380745,51.11384020000696,55210,2.866,"Load=2.866 N, t=55210 ms"
1,2026-01-11T00:07:20.390946,51.124040400609374,55220,2.699,"Load=2.699 N, t=55220 ms"
1,2026-01-11T00:07:20.400652,51.133746600709856,55230,2.8,"Load=2.800 N, t=55230 ms"
1,2026-01-11T00:07:20.410913,51.14400740060955,55240,2.795,"Load=2.795 N, t=55240 ms"
1,2026-01-11T00:07:20.420956,51.1540507003665,55250,2.756,"Load=2.756 N, t=55250 ms"
1,2026-01-11T00:07:20.429676,51.162770700640976,55260,2.634,"Load=2.634 N, t=55260 ms"
1,2026-01-11T00:07:20.440788,51.173883399926126,55270,2.707,"Load=2.707 N, t=55270 ms"
1,2026-01-11T00:07:20.450789,51.183883800171316,55280,2.805,"Load=2.805 N, t=55280 ms"
1,2026-01-11T00:07:20.460676,51.19377070013434,55290,2.841,"Load=2.841 N, t=55290 ms"
1,2026-01-11T00:07:20.470809,51.203903700225055,55300,2.88,"Load=2.880 N, t=55300 ms"
1,2026-01-11T00:07:20.480770,51.213865200057626,55310,2.671,"Load=2.671 N, t=55310 ms"
1,2026-01-11T00:07:20.490644,51.223739200271666,55320,2.774,"Load=2.774 N, t=55320 ms"
1,2026-01-11T00:07:20.499717,51.23281120043248,55330,2.978,"Load=2.978 N, t=55330 ms"
1,2026-01-11T00:07:20.510770,51.24386500008404,55340,2.782,"Load=2.782 N, t=55340 ms"
1,2026-01-11T00:07:20.520803,51.25389759987593,55350,2.834,"Load=2.834 N, t=55350 ms"
1,2026-01-11T00:07:20.530809,51.26390440016985,55360,2.893,"Load=2.893 N, t=55360 ms"
1,2026-01-11T00:07:20.541118,51.27421240042895,55370,2.774,"Load=2.774 N, t=55370 ms"
1,2026-01-11T00:07:20.550780,51.28387469984591,55380,2.619,"Load=2.619 N, t=55380 ms"
1,2026-01-11T00:07:20.560752,51.29384690057486,55390,2.797,"Load=2.797 N, t=55390 ms"
1,2026-01-11T00:07:20.570801,51.3038960006088,55400,2.81,"Load=2.810 N, t=55400 ms"
1,2026-01-11T00:07:20.580726,51.31382010038942,55410,2.622,"Load=2.622 N, t=55410 ms"
1,2026-01-11T00:07:20.590785,51.32387880049646,55420,2.924,"Load=2.924 N, t=55420 ms"
1,2026-01-11T00:07:20.600783,51.33387800026685,55430,3.033,"Load=3.033 N, t=55430 ms"
1,2026-01-11T00:07:20.610675,51.343769300729036,55440,2.952,"Load=2.952 N, t=55440 ms"
1,2026-01-11T00:07:20.620665,51.353759500198066,55450,2.888,"Load=2.888 N, t=55450 ms"
1,2026-01-11T00:07:20.630801,51.36389630008489,55460,2.47,"Load=2.470 N, t=55460 ms"
1,2026-01-11T00:07:20.640819,51.37391389999539,55470,2.733,"Load=2.733 N, t=55470 ms"
1,2026-01-11T00:07:20.650802,51.383896900340915,55480,2.901,"Load=2.901 N, t=55480 ms"
1,2026-01-11T00:07:20.660827,51.39392140042037,55490,2.547,"Load=2.547 N, t=55490 ms"
1,2026-01-11T00:07:20.670734,51.4038276001811,55500,2.875,"Load=2.875 N, t=55500 ms"
1,2026-01-11T00:07:20.680635,51.413729400373995,55510,2.647,"Load=2.647 N, t=55510 ms"
1,2026-01-11T00:07:20.690789,51.423883399926126,55520,2.741,"Load=2.741 N, t=55520 ms"
1,2026-01-11T00:07:20.700833,51.43392710015178,55530,2.565,"Load=2.565 N, t=55530 ms"
1,2026-01-11T00:07:20.710911,51.44400630053133,55540,2.787,"Load=2.787 N, t=55540 ms"
1,2026-01-11T00:07:20.720821,51.453916400671005,55550,2.852,"Load=2.852 N, t=55550 ms"
1,2026-01-11T00:07:20.730816,51.46391010005027,55560,2.839,"Load=2.839 N, t=55560 ms"
1,2026-01-11T00:07:20.740723,51.473816900514066,55570,2.989,"Load=2.989 N, t=55570 ms"
1,2026-01-11T00:07:20.750850,51.48394360020757,55580,2.911,"Load=2.911 N, t=55580 ms"
1,2026-01-11T00:07:20.760956,51.494050700217485,55590,2.728,"Load=2.728 N, t=55590 ms"
1,2026-01-11T00:07:20.770824,51.50391860026866,55600,2.872,"Load=2.872 N, t=55600 ms"
1,2026-01-11T00:07:20.780826,51.513920799829066,55610,2.634,"Load=2.634 N, t=55610 ms"
1,2026-01-11T00:07:20.790785,51.52387860044837,55620,2.728,"Load=2.728 N, t=55620 ms"
1,2026-01-11T00:07:20.800822,51.53391670063138,55630,2.795,"Load=2.795 N, t=55630 ms"
1,2026-01-11T00:07:20.810747,51.54384130053222,55640,2.822,"Load=2.822 N, t=55640 ms"
1,2026-01-11T00:07:20.820867,51.553961699828506,55650,3.043,"Load=3.043 N, t=55650 ms"
1,2026-01-11T00:07:20.830829,51.563919600099325,55660,3.188,"Load=3.188 N, t=55660 ms"
1,2026-01-11T00:07:20.840824,51.57391849998385,55670,2.87,"Load=2.870 N, t=55670 ms"
1,2026-01-11T00:07:20.850865,51.583959200419486,55680,2.929,"Load=2.929 N, t=55680 ms"
1,2026-01-11T00:07:20.860808,51.59390150010586,55690,2.849,"Load=2.849 N, t=55690 ms"
1,2026-01-11T00:07:20.870799,51.60389260016382,55700,2.642,"Load=2.642 N, t=55700 ms"
1,2026-01-11T00:07:20.880855,51.61394960060716,55710,2.712,"Load=2.712 N, t=55710 ms"
1,2026-01-11T00:07:20.890844,51.62393740005791,55720,2.849,"Load=2.849 N, t=55720 ms"
1,2026-01-11T00:07:20.900806,51.6339002000168,55730,2.764,"Load=2.764 N, t=55730 ms"
1,2026-01-11T00:07:20.910822,51.64391570072621,55740,2.872,"Load=2.872 N, t=55740 ms"
1,2026-01-11T00:07:20.920795,51.653888599947095,55750,3.069,"Load=3.069 N, t=55750 ms"
1,2026-01-11T00:07:20.930800,51.663893800228834,55760,2.792,"Load=2.792 N, t=55760 ms"
1,2026-01-11T00:07:20.940850,51.67394489981234,55770,2.642,"Load=2.642 N, t=55770 ms"
1,2026-01-11T00:07:20.950805,51.68389909993857,55780,2.73,"Load=2.730 N, t=55780 ms"
1,2026-01-11T00:07:20.960840,51.69393450021744,55790,2.862,"Load=2.862 N, t=55790 ms"
1,2026-01-11T00:07:20.970845,51.703938100486994,55800,2.901,"Load=2.901 N, t=55800 ms"
1,2026-01-11T00:07:20.980826,51.71392050012946,55810,2.733,"Load=2.733 N, t=55810 ms"
1,2026-01-11T00:07:20.990818,51.723912300542,55820,2.849,"Load=2.849 N, t=55820 ms"
1,2026-01-11T00:07:21.001638,51.73473250027746,55830,2.635,"Load=2.635 N, t=55830 ms"
1,2026-01-11T00:07:21.010722,51.74381520040333,55840,2.751,"Load=2.751 N, t=55840 ms"
1,2026-01-11T00:07:21.020841,51.75393499992788,55850,2.65,"Load=2.650 N, t=55850 ms"
1,2026-01-11T00:07:21.030830,51.763925299979746,55860,2.753,"Load=2.753 N, t=55860 ms"
1,2026-01-11T00:07:21.040638,51.773731499910355,55870,2.952,"Load=2.952 N, t=55870 ms"
1,2026-01-11T00:07:21.050699,51.78379250038415,55880,2.852,"Load=2.852 N, t=55880 ms"
1,2026-01-11T00:07:21.061630,51.79472350049764,55890,2.666,"Load=2.666 N, t=55890 ms"
1,2026-01-11T00:07:21.070862,51.80395630002022,55900,2.678,"Load=2.678 N, t=55900 ms"
1,2026-01-11T00:07:21.080738,51.81383150070906,55910,3.033,"Load=3.033 N, t=55910 ms"
1,2026-01-11T00:07:21.090808,51.8239024002105,55920,2.686,"Load=2.686 N, t=55920 ms"
1,2026-01-11T00:07:21.100785,51.83387910015881,55930,2.88,"Load=2.880 N, t=55930 ms"
1,2026-01-11T00:07:21.110662,51.843755800276995,55940,2.81,"Load=2.810 N, t=55940 ms"
1,2026-01-11T00:07:21.121820,51.85491320025176,55950,2.671,"Load=2.671 N, t=55950 ms"
1,2026-01-11T00:07:21.131746,51.86484010051936,55960,3.136,"Load=3.136 N, t=55960 ms"
1,2026-01-11T00:07:21.140792,51.87388620059937,55970,2.753,"Load=2.753 N, t=55970 ms"
1,2026-01-11T00:07:21.150795,51.88388819992542,55980,2.79,"Load=2.790 N, t=55980 ms"
1,2026-01-11T00:07:21.160838,51.89393169991672,55990,2.973,"Load=2.973 N, t=55990 ms"
1,2026-01-11T00:07:21.170852,51.903944900259376,56000,2.642,"Load=2.642 N, t=56000 ms"
1,2026-01-11T00:07:21.181786,51.91487979982048,56010,2.786,"Load=2.786 N, t=56010 ms"
1,2026-01-11T00:07:21.191722,51.924815700389445,56020,2.766,"Load=2.766 N, t=56020 ms"
1,2026-01-11T00:07:21.200671,51.933764699846506,56030,2.769,"Load=2.769 N, t=56030 ms"
1,2026-01-11T00:07:21.210844,51.94393830001354,56040,2.808,"Load=2.808 N, t=56040 ms"
1,2026-01-11T00:07:21.220864,51.9539582002908,56050,2.761,"Load=2.761 N, t=56050 ms"
1,2026-01-11T00:07:21.230844,51.96393780037761,56060,2.81,"Load=2.810 N, t=56060 ms"
1,2026-01-11T00:07:21.241791,51.97488520015031,56070,2.82,"Load=2.820 N, t=56070 ms"
1,2026-01-11T00:07:21.251771,51.984864600002766,56080,2.707,"Load=2.707 N, t=56080 ms"
1,2026-01-11T00:07:21.261601,51.99469400011003,56090,2.908,"Load=2.908 N, t=56090 ms"
1,2026-01-11T00:07:21.270713,52.00380690023303,56100,2.66,"Load=2.660 N, t=56100 ms"
1,2026-01-11T00:07:21.280730,52.01382390037179,56110,2.25,"Load=2.250 N, t=56110 ms"
1,2026-01-11T00:07:21.290880,52.023974400013685,56120,2.883,"Load=2.883 N, t=56120 ms"
1,2026-01-11T00:07:21.301772,52.03486539982259,56130,2.678,"Load=2.678 N, t=56130 ms"
1,2026-01-11T00:07:21.311725,52.0448190998286,56140,3.34,"Load=3.340 N, t=56140 ms"
1,2026-01-11T00:07:21.321783,52.054877299815416,56150,2.389,"Load=2.389 N, t=56150 ms"
1,2026-01-11T00:07:21.331731,52.06482490058988,56160,2.668,"Load=2.668 N, t=56160 ms"
1,2026-01-11T00:07:21.340891,52.07398479990661,56170,2.88,"Load=2.880 N, t=56170 ms"
1,2026-01-11T00:07:21.350770,52.08386390004307,56180,2.663,"Load=2.663 N, t=56180 ms"
1,2026-01-11T00:07:21.361930,52.09502310026437,56190,2.574,"Load=2.574 N, t=56190 ms"
1,2026-01-11T00:07:21.371784,52.10487760044634,56200,2.412,"Load=2.412 N, t=56200 ms"
1,2026-01-11T00:07:21.381616,52.11470890045166,56210,2.722,"Load=2.722 N, t=56210 ms"
1,2026-01-11T00:07:21.391754,52.12484680023044,56220,2.911,"Load=2.911 N, t=56220 ms"
1,2026-01-11T00:07:21.400794,52.13388739991933,56230,2.753,"Load=2.753 N, t=56230 ms"
1,2026-01-11T00:07:21.410961,52.144055400043726,56240,2.787,"Load=2.787 N, t=56240 ms"
1,2026-01-11T00:07:21.420729,52.153822200372815,56250,2.898,"Load=2.898 N, t=56250 ms"
1,2026-01-11T00:07:21.431668,52.16476150043309,56260,2.966,"Load=2.966 N, t=56260 ms"
1,2026-01-11T00:07:21.441705,52.174798800610006,56270,2.557,"Load=2.557 N, t=56270 ms"
1,2026-01-11T00:07:21.451785,52.18487779982388,56280,2.929,"Load=2.929 N, t=56280 ms"
1,2026-01-11T00:07:21.461629,52.19472219981253,56290,2.433,"Load=2.433 N, t=56290 ms"
1,2026-01-11T00:07:21.470815,52.20390900038183,56300,2.738,"Load=2.738 N, t=56300 ms"
1,2026-01-11T00:07:21.480890,52.21398340072483,56310,2.802,"Load=2.802 N, t=56310 ms"
1,2026-01-11T00:07:21.491778,52.22487189993262,56320,2.616,"Load=2.616 N, t=56320 ms"
1,2026-01-11T00:07:21.501787,52.23488090001047,56330,2.8,"Load=2.800 N, t=56330 ms"
1,2026-01-11T00:07:21.511782,52.244875400327146,56340,3.002,"Load=3.002 N, t=56340 ms"
1,2026-01-11T00:07:21.521757,52.25485080014914,56350,2.73,"Load=2.730 N, t=56350 ms"
1,2026-01-11T00:07:21.530754,52.26384809985757,56360,2.991,"Load=2.991 N, t=56360 ms"
1,2026-01-11T00:07:21.540712,52.2738052001223,56370,2.883,"Load=2.883 N, t=56370 ms"
1,2026-01-11T00:07:21.551833,52.28492680005729,56380,2.705,"Load=2.705 N, t=56380 ms"
1,2026-01-11T00:07:21.561694,52.29478820040822,56390,2.846,"Load=2.846 N, t=56390 ms"
1,2026-01-11T00:07:21.571734,52.30482820048928,56400,2.88,"Load=2.880 N, t=56400 ms"
1,2026-01-11T00:07:21.581736,52.3148288000375,56410,2.841,"Load=2.841 N, t=56410 ms"
1,2026-01-11T00:07:21.590832,52.3239254001528,56420,2.676,"Load=2.676 N, t=56420 ms"
1,2026-01-11T00:07:21.600762,52.3338552005589,56430,2.834,"Load=2.834 N, t=56430 ms"
1,2026-01-11T00:07:21.611789,52.344882500357926,56440,2.652,"Load=2.652 N, t=56440 ms"
1,2026-01-11T00:07:21.621722,52.35481290053576,56450,2.808,"Load=2.808 N, t=56450 ms"
1,2026-01-11T00:07:21.631767,52.36486040055752,56460,2.831,"Load=2.831 N, t=56460 ms"
1,2026-01-11T00:07:21.641681,52.374774100258946,56470,2.611,"Load=2.611 N, t=56470 ms"
1,2026-01-11T00:07:21.651696,52.38478960003704,56480,2.761,"Load=2.761 N, t=56480 ms"
1,2026-01-11T00:07:21.660906,52.393999700434506,56490,2.653,"Load=2.653 N, t=56490 ms"
1,2026-01-11T00:07:21.671804,52.404897400178015,56500,2.904,"Load=2.904 N, t=56500 ms"
1,2026-01-11T00:07:21.681797,52.41489040013403,56510,2.614,"Load=2.614 N, t=56510 ms"
1,2026-01-11T00:07:21.691659,52.42475270014256,56520,2.916,"Load=2.916 N, t=56520 ms"
1,2026-01-11T00:07:21.701715,52.43480829987675,56530,2.553,"Load=2.553 N, t=56530 ms"
1,2026-01-11T00:07:21.711593,52.444686400704086,56540,2.911,"Load=2.911 N, t=56540 ms"
1,2026-01-11T00:07:21.720720,52.45381350070238,56550,3.069,"Load=3.069 N, t=56550 ms"
1,2026-01-11T00:07:21.731660,52.46475320030004,56560,2.971,"Load=2.971 N, t=56560 ms"
1,2026-01-11T00:07:21.741790,52.47488270048052,56570,2.841,"Load=2.841 N, t=56570 ms"
1,2026-01-11T00:07:21.751803,52.48489589989185,56580,3.033,"Load=3.033 N, t=56580 ms"
1,2026-01-11T00:07:21.761795,52.49488770030439,56590,2.831,"Load=2.831 N, t=56590 ms"
1,2026-01-11T00:07:21.771888,52.504981100559235,56600,2.911,"Load=2.911 N, t=56600 ms"
1,2026-01-11T00:07:21.780798,52.513891300186515,56610,2.836,"Load=2.836 N, t=56610 ms"
1,2026-01-11T00:07:21.792001,52.52509419992566,56620,2.626,"Load=2.626 N, t=56620 ms"
1,2026-01-11T00:07:21.801781,52.53487400058657,56630,2.665,"Load=2.665 N, t=56630 ms"
1,2026-01-11T00:07:21.811704,52.54479740001261,56640,2.981,"Load=2.981 N, t=56640 ms"
1,2026-01-11T00:07:21.821795,52.5548880007118,56650,2.736,"Load=2.736 N, t=56650 ms"
1,2026-01-11T00:07:21.831779,52.564871800132096,56660,2.8,"Load=2.800 N, t=56660 ms"
1,2026-01-11T00:07:21.841622,52.574715700000525,56670,2.601,"Load=2.601 N, t=56670 ms"
1,2026-01-11T00:07:21.850850,52.58394350018352,56680,2.764,"Load=2.764 N, t=56680 ms"
1,2026-01-11T00:07:21.861721,52.59481380041689,56690,2.983,"Load=2.983 N, t=56690 ms"
1,2026-01-11T00:07:21.871653,52.60474590025842,56700,2.828,"Load=2.828 N, t=56700 ms"
1,2026-01-11T00:07:21.881764,52.614857099950314,56710,2.514,"Load=2.514 N, t=56710 ms"
1,2026-01-11T00:07:21.891640,52.62473260052502,56720,2.596,"Load=2.596 N, t=56720 ms"
1,2026-01-11T00:07:21.901769,52.6348617002368,56730,2.947,"Load=2.947 N, t=56730 ms"
1,2026-01-11T00:07:21.910796,52.643888800404966,56740,2.756,"Load=2.756 N, t=56740 ms"
1,2026-01-11T00:07:21.921801,52.65489410050213,56750,2.969,"Load=2.969 N, t=56750 ms"
1,2026-01-11T00:07:21.931804,52.66489700041711,56760,2.699,"Load=2.699 N, t=56760 ms"
1,2026-01-11T00:07:21.941732,52.67482489999384,56770,2.821,"Load=2.821 N, t=56770 ms"
1,2026-01-11T00:07:21.951791,52.68488380033523,56780,2.942,"Load=2.942 N, t=56780 ms"
1,2026-01-11T00:07:21.961757,52.69484980031848,56790,2.722,"Load=2.722 N, t=56790 ms"
1,2026-01-11T00:07:21.970720,52.70381289999932,56800,2.826,"Load=2.826 N, t=56800 ms"
1,2026-01-11T00:07:21.981749,52.71484179981053,56810,2.95,"Load=2.950 N, t=56810 ms"
1,2026-01-11T00:07:21.991715,52.724807700142264,56820,2.596,"Load=2.596 N, t=56820 ms"
1,2026-01-11T00:07:22.001813,52.73490579985082,56830,2.779,"Load=2.779 N, t=56830 ms"
1,2026-01-11T00:07:22.011757,52.744848700240254,56840,2.865,"Load=2.865 N, t=56840 ms"
1,2026-01-11T00:07:22.021715,52.754808000288904,56850,2.823,"Load=2.823 N, t=56850 ms"
1,2026-01-11T00:07:22.031762,52.764855400659144,56860,2.771,"Load=2.771 N, t=56860 ms"
1,2026-01-11T00:07:22.041766,52.774859299883246,56870,2.712,"Load=2.712 N, t=56870 ms"
1,2026-01-11T00:07:22.051712,52.784803399816155,56880,2.635,"Load=2.635 N, t=56880 ms"
1,2026-01-11T00:07:22.061608,52.79470119997859,56890,2.513,"Load=2.513 N, t=56890 ms"
1,2026-01-11T00:07:22.071757,52.80481899995357,56900,2.883,"Load=2.883 N, t=56900 ms"
1,2026-01-11T00:07:22.081906,52.81499799992889,56910,2.722,"Load=2.722 N, t=56910 ms"
1,2026-01-11T00:07:22.091684,52.82477730046958,56920,2.976,"Load=2.976 N, t=56920 ms"
1,2026-01-11T00:07:22.101761,52.83485380001366,56930,2.796,"Load=2.796 N, t=56930 ms"
1,2026-01-11T00:07:22.111796,52.844888400286436,56940,2.939,"Load=2.939 N, t=56940 ms"
1,2026-01-11T00:07:22.121802,52.85489490069449,56950,2.805,"Load=2.805 N, t=56950 ms"
1,2026-01-11T00:07:22.131745,52.86483869981021,56960,2.694,"Load=2.694 N, t=56960 ms"
1,2026-01-11T00:07:22.141762,52.87485450040549,56970,2.751,"Load=2.751 N, t=56970 ms"
1,2026-01-11T00:07:22.151735,52.88482839986682,56980,2.645,"Load=2.645 N, t=56980 ms"
1,2026-01-11T00:07:22.161855,52.89494810067117,56990,3.002,"Load=3.002 N, t=56990 ms"
1,2026-01-11T00:07:22.171783,52.9048764007166,57000,2.735,"Load=2.735 N, t=57000 ms"
1,2026-01-11T00:07:22.181766,52.91485910024494,57010,2.536,"Load=2.536 N, t=57010 ms"
1,2026-01-11T00:07:22.191749,52.92484149988741,57020,2.549,"Load=2.549 N, t=57020 ms"
1,2026-01-11T00:07:22.201791,52.934883600100875,57030,2.603,"Load=2.603 N, t=57030 ms"
1,2026-01-11T00:07:22.211759,52.94485229998827,57040,2.787,"Load=2.787 N, t=57040 ms"
1,2026-01-11T00:07:22.220945,52.954038300551474,57050,2.735,"Load=2.735 N, t=57050 ms"
1,2026-01-11T00:07:22.231710,52.96480210032314,57060,3.012,"Load=3.012 N, t=57060 ms"
1,2026-01-11T00:07:22.241808,52.97490159980953,57070,2.782,"Load=2.782 N, t=57070 ms"
1,2026-01-11T00:07:22.251798,52.984891700558364,57080,2.694,"Load=2.694 N, t=57080 ms"
1,2026-01-11T00:07:22.261840,52.99493189994246,57090,2.994,"Load=2.994 N, t=57090 ms"
1,2026-01-11T00:07:22.271781,53.00487320031971,57100,2.973,"Load=2.973 N, t=57100 ms"
1,2026-01-11T00:07:22.281767,53.0148594006896,57110,2.823,"Load=2.823 N, t=57110 ms"
1,2026-01-11T00:07:22.291813,53.02490600012243,57120,2.772,"Load=2.772 N, t=57120 ms"
1,2026-01-11T00:07:22.301734,53.03482609987259,57130,2.834,"Load=2.834 N, t=57130 ms"
1,2026-01-11T00:07:22.311734,53.044827000238,57140,3.04,"Load=3.040 N, t=57140 ms"
1,2026-01-11T00:07:22.321691,53.05478429980576,57150,2.997,"Load=2.997 N, t=57150 ms"
1,2026-01-11T00:07:22.331764,53.06485540047288,57160,2.826,"Load=2.826 N, t=57160 ms"
1,2026-01-11T00:07:22.341619,53.07471169997007,57170,2.771,"Load=2.771 N, t=57170 ms"
1,2026-01-11T00:07:22.351841,53.084933400154114,57180,2.784,"Load=2.784 N, t=57180 ms"
1,2026-01-11T00:07:22.361923,53.09501530043781,57190,2.65,"Load=2.650 N, t=57190 ms"
1,2026-01-11T00:07:22.371660,53.10475239995867,57200,2.447,"Load=2.447 N, t=57200 ms"
1,2026-01-11T00:07:22.381775,53.11486710049212,57210,2.862,"Load=2.862 N, t=57210 ms"
1,2026-01-11T00:07:22.391666,53.12475570011884,57220,2.712,"Load=2.712 N, t=57220 ms"
1,2026-01-11T00:07:22.401728,53.13482020050287,57230,2.653,"Load=2.653 N, t=57230 ms"
1,2026-01-11T00:07:22.411877,53.14497030060738,57240,2.7,"Load=2.700 N, t=57240 ms"
1,2026-01-11T00:07:22.421764,53.154856000095606,57250,2.585,"Load=2.585 N, t=57250 ms"
1,2026-01-11T00:07:22.431672,53.164764700457454,57260,2.735,"Load=2.735 N, t=57260 ms"
1,2026-01-11T00:07:22.441803,53.174895100295544,57270,2.572,"Load=2.572 N, t=57270 ms"
1,2026-01-11T00:07:22.451771,53.18486300017685,57280,2.544,"Load=2.544 N, t=57280 ms"
1,2026-01-11T00:07:22.461905,53.1949978005141,57290,2.187,"Load=2.187 N, t=57290 ms"
1,2026-01-11T00:07:22.471972,53.205064199864864,57300,2.46,"Load=2.460 N, t=57300 ms"
1,2026-01-11T00:07:22.481850,53.214942400343716,57310,2.309,"Load=2.309 N, t=57310 ms"
1,2026-01-11T00:07:22.491812,53.224904200062156,57320,2.218,"Load=2.218 N, t=57320 ms"
1,2026-01-11T00:07:22.501732,53.23482500016689,57330,2.011,"Load=2.011 N, t=57330 ms"
1,2026-01-11T00:07:22.511804,53.24489640071988,57340,1.949,"Load=1.949 N, t=57340 ms"
1,2026-01-11T00:07:22.521768,53.25486099999398,57350,2.037,"Load=2.037 N, t=57350 ms"
1,2026-01-11T00:07:22.531828,53.26492020022124,57360,1.845,"Load=1.845 N, t=57360 ms"
1,2026-01-11T00:07:22.541770,53.27486249990761,57370,1.782,"Load=1.782 N, t=57370 ms"
1,2026-01-11T00:07:22.551699,53.284791300073266,57380,1.978,"Load=1.978 N, t=57380 ms"
1,2026-01-11T00:07:22.561812,53.2949047004804,57390,1.75,"Load=1.750 N, t=57390 ms"
1,2026-01-11T00:07:22.571742,53.30483510065824,57400,1.768,"Load=1.768 N, t=57400 ms"
1,2026-01-11T00:07:22.581846,53.31493839994073,57410,1.637,"Load=1.637 N, t=57410 ms"
1,2026-01-11T00:07:22.591872,53.32496520038694,57420,1.588,"Load=1.588 N, t=57420 ms"
1,2026-01-11T00:07:22.601849,53.33494090009481,57430,1.418,"Load=1.418 N, t=57430 ms"
1,2026-01-11T00:07:22.611740,53.344831800088286,57440,1.531,"Load=1.531 N, t=57440 ms"
1,2026-01-11T00:07:22.621740,53.35483170021325,57450,1.422,"Load=1.422 N, t=57450 ms"
1,2026-01-11T00:07:22.631919,53.36501140054315,57460,1.326,"Load=1.326 N, t=57460 ms"
1,2026-01-11T00:07:22.641692,53.37478210031986,57470,1.339,"Load=1.339 N, t=57470 ms"
1,2026-01-11T00:07:22.651780,53.38487210031599,57480,1.246,"Load=1.246 N, t=57480 ms"
1,2026-01-11T00:07:22.661891,53.39498330000788,57490,1.212,"Load=1.212 N, t=57490 ms"
1,2026-01-11T00:07:22.671811,53.404903300106525,57500,1.215,"Load=1.215 N, t=57500 ms"
1,2026-01-11T00:07:22.681807,53.41489970032126,57510,1.246,"Load=1.246 N, t=57510 ms"
1,2026-01-11T00:07:22.691769,53.424860999919474,57520,1.019,"Load=1.019 N, t=57520 ms"
1,2026-01-11T00:07:22.701765,53.43485670071095,57530,1.07,"Load=1.070 N, t=57530 ms"
1,2026-01-11T00:07:22.711791,53.444882799871266,57540,0.941,"Load=0.941 N, t=57540 ms"
1,2026-01-11T00:07:22.721850,53.454942299984396,57550,0.818,"Load=0.818 N, t=57550 ms"
1,2026-01-11T00:07:22.731678,53.464768900536,57560,0.88,"Load=0.880 N, t=57560 ms"
1,2026-01-11T00:07:22.741762,53.47485420014709,57570,0.936,"Load=0.936 N, t=57570 ms"
1,2026-01-11T00:07:22.752025,53.48511760029942,57580,0.771,"Load=0.771 N, t=57580 ms"
1,2026-01-11T00:07:22.761922,53.4950135005638,57590,0.815,"Load=0.815 N, t=57590 ms"
1,2026-01-11T00:07:22.771781,53.50487310066819,57600,0.998,"Load=0.998 N, t=57600 ms"
1,2026-01-11T00:07:22.781840,53.51493250019848,57610,0.703,"Load=0.703 N, t=57610 ms"
1,2026-01-11T00:07:22.791741,53.52483270037919,57620,0.622,"Load=0.622 N, t=57620 ms"
1,2026-01-11T00:07:22.801817,53.53490850050002,57630,0.913,"Load=0.913 N, t=57630 ms"
1,2026-01-11T00:07:22.811733,53.544825800694525,57640,0.725,"Load=0.725 N, t=57640 ms"
1,2026-01-11T00:07:22.821700,53.55479060020298,57650,0.586,"Load=0.586 N, t=57650 ms"
1,2026-01-11T00:07:22.831781,53.56487330049276,57660,0.721,"Load=0.721 N, t=57660 ms"
1,2026-01-11T00:07:22.841869,53.57496110070497,57670,0.541,"Load=0.541 N, t=57670 ms"
1,2026-01-11T00:07:22.851875,53.584966599941254,57680,0.58,"Load=0.580 N, t=57680 ms"
1,2026-01-11T00:07:22.861834,53.59492539986968,57690,0.593,"Load=0.593 N, t=57690 ms"
1,2026-01-11T00:07:22.871774,53.60486580058932,57700,0.531,"Load=0.531 N, t=57700 ms"
1,2026-01-11T00:07:22.881792,53.61488400027156,57710,0.675,"Load=0.675 N, t=57710 ms"
1,2026-01-11T00:07:22.891731,53.62482220027596,57720,0.645,"Load=0.645 N, t=57720 ms"
1,2026-01-11T00:07:22.901795,53.63488689996302,57730,0.547,"Load=0.547 N, t=57730 ms"
1,2026-01-11T00:07:22.911743,53.64483490027487,57740,0.582,"Load=0.582 N, t=57740 ms"
1,2026-01-11T00:07:22.921712,53.6548033002764,57750,0.585,"Load=0.585 N, t=57750 ms"
1,2026-01-11T00:07:22.931829,53.66492110025138,57760,0.536,"Load=0.536 N, t=57760 ms"
1,2026-01-11T00:07:22.941692,53.67478450015187,57770,0.601,"Load=0.601 N, t=57770 ms"
1,2026-01-11T00:07:22.951803,53.68489470053464,57780,0.497,"Load=0.497 N, t=57780 ms"
1,2026-01-11T00:07:22.961760,53.69485179986805,57790,0.393,"Load=0.393 N, t=57790 ms"
1,2026-01-11T00:07:22.971844,53.70493210013956,57800,0.507,"Load=0.507 N, t=57800 ms"
1,2026-01-11T00:07:22.981707,53.71479840017855,57810,0.284,"Load=0.284 N, t=57810 ms"
1,2026-01-11T00:07:22.991815,53.72490769997239,57820,0.406,"Load=0.406 N, t=57820 ms"
1,2026-01-11T00:07:23.002741,53.735833200626075,57830,0.263,"Load=0.263 N, t=57830 ms"
1,2026-01-11T00:07:23.011938,53.745030200108886,57840,0.447,"Load=0.447 N, t=57840 ms"
1,2026-01-11T00:07:23.021843,53.754934900440276,57850,0.274,"Load=0.274 N, t=57850 ms"
1,2026-01-11T00:07:23.031966,53.765058300457895,57860,0.296,"Load=0.296 N, t=57860 ms"
1,2026-01-11T00:07:23.041984,53.775075499899685,57870,0.388,"Load=0.388 N, t=57870 ms"
1,2026-01-11T00:07:23.051729,53.784820600412786,57880,0.274,"Load=0.274 N, t=57880 ms"
1,2026-01-11T00:07:23.061643,53.79473480023444,57890,0.353,"Load=0.353 N, t=57890 ms"
1,2026-01-11T00:07:23.071868,53.80495820008218,57900,0.285,"Load=0.285 N, t=57900 ms"
1,2026-01-11T00:07:23.081819,53.81491030007601,57910,0.393,"Load=0.393 N, t=57910 ms"
1,2026-01-11T00:07:23.091846,53.824937799945474,57920,0.478,"Load=0.478 N, t=57920 ms"
1,2026-01-11T00:07:23.101833,53.83492480032146,57930,0.184,"Load=0.184 N, t=57930 ms"
1,2026-01-11T00:07:23.111804,53.84489560034126,57940,0.254,"Load=0.254 N, t=57940 ms"
1,2026-01-11T00:07:23.121808,53.85489970073104,57950,0.18,"Load=0.180 N, t=57950 ms"
1,2026-01-11T00:07:23.131856,53.864947699941695,57960,0.253,"Load=0.253 N, t=57960 ms"
1,2026-01-11T00:07:23.141821,53.87491250038147,57970,0.371,"Load=0.371 N, t=57970 ms"
1,2026-01-11T00:07:23.151853,53.884944500401616,57980,0.305,"Load=0.305 N, t=57980 ms"
1,2026-01-11T00:07:23.161870,53.894961800426245,57990,0.217,"Load=0.217 N, t=57990 ms"
1,2026-01-11T00:07:23.171816,53.90490730013698,58000,0.166,"Load=0.166 N, t=58000 ms"
1,2026-01-11T00:07:23.181843,53.91493509989232,58010,0.235,"Load=0.235 N, t=58010 ms"
1,2026-01-11T00:07:23.192765,53.92585690040141,58020,0.359,"Load=0.359 N, t=58020 ms"
1,2026-01-11T00:07:23.201851,53.93494280055165,58030,0.33,"Load=0.330 N, t=58030 ms"
1,2026-01-11T00:07:23.211841,53.94493230059743,58040,0.453,"Load=0.453 N, t=58040 ms"
1,2026-01-11T00:07:23.221828,53.95491920039058,58050,0.235,"Load=0.235 N, t=58050 ms"
1,2026-01-11T00:07:23.231783,53.96487470064312,58060,0.158,"Load=0.158 N, t=58060 ms"
1,2026-01-11T00:07:23.241848,53.974939400330186,58070,0.294,"Load=0.294 N, t=58070 ms"
1,2026-01-11T00:07:23.251692,53.98478450067341,58080,0.251,"Load=0.251 N, t=58080 ms"
1,2026-01-11T00:07:23.261852,53.99494280014187,58090,0.077,"Load=0.077 N, t=58090 ms"
1,2026-01-11T00:07:23.271854,54.004945900291204,58100,0.18,"Load=0.180 N, t=58100 ms"
1,2026-01-11T00:07:23.281842,54.0149338003248,58110,0.35,"Load=0.350 N, t=58110 ms"
1,2026-01-11T00:07:23.291840,54.02493199985474,58120,0.094,"Load=0.094 N, t=58120 ms"
1,2026-01-11T00:07:23.301802,54.03489260002971,58130,0.122,"Load=0.122 N, t=58130 ms"
1,2026-01-11T00:07:23.312596,54.04568800050765,58140,0.09,"Load=0.090 N, t=58140 ms"
1,2026-01-11T00:07:23.321847,54.054938800632954,58150,0.187,"Load=0.187 N, t=58150 ms"
1,2026-01-11T00:07:23.331812,54.06490300036967,58160,0.236,"Load=0.236 N, t=58160 ms"
1,2026-01-11T00:07:23.341736,54.074827500618994,58170,0.225,"Load=0.225 N, t=58170 ms"
1,2026-01-11T00:07:23.351770,54.08486120030284,58180,0.133,"Load=0.133 N, t=58180 ms"
1,2026-01-11T00:07:23.361819,54.09490989986807,58190,0.239,"Load=0.239 N, t=58190 ms"
1,2026-01-11T00:07:23.372685,54.10577690042555,58200,0.187,"Load=0.187 N, t=58200 ms"
1,2026-01-11T00:07:23.381795,54.114886900410056,58210,0.224,"Load=0.224 N, t=58210 ms"
1,2026-01-11T00:07:23.391961,54.1250518001616,58220,0.071,"Load=0.071 N, t=58220 ms"
1,2026-01-11T00:07:23.401868,54.134958600625396,58230,0.077,"Load=0.077 N, t=58230 ms"
1,2026-01-11T00:07:23.411921,54.145012999884784,58240,0.184,"Load=0.184 N, t=58240 ms"
1,2026-01-11T00:07:23.421806,54.1548973005265,58250,0.081,"Load=0.081 N, t=58250 ms"
1,2026-01-11T00:07:23.432750,54.16584159992635,58260,0.233,"Load=0.233 N, t=58260 ms"
1,2026-01-11T00:07:23.441851,54.17494230065495,58270,0.236,"Load=0.236 N, t=58270 ms"
1,2026-01-11T00:07:23.451721,54.18481110036373,58280,0.213,"Load=0.213 N, t=58280 ms"
1,2026-01-11T00:07:23.461806,54.194897499866784,58290,0.156,"Load=0.156 N, t=58290 ms"
1,2026-01-11T00:07:23.471837,54.20492890011519,58300,0.285,"Load=0.285 N, t=58300 ms"
1,2026-01-11T00:07:23.481813,54.21490429993719,58310,0.059,"Load=0.059 N, t=58310 ms"
1,2026-01-11T00:07:23.492981,54.22607280034572,58320,0.212,"Load=0.212 N, t=58320 ms"
1,2026-01-11T00:07:23.501857,54.23494810052216,58330,0.154,"Load=0.154 N, t=58330 ms"
1,2026-01-11T00:07:23.511856,54.24494670052081,58340,0.113,"Load=0.113 N, t=58340 ms"
1,2026-01-11T00:07:23.522026,54.25511780008674,58350,0.069,"Load=0.069 N, t=58350 ms"
1,2026-01-11T00:07:23.531847,54.2649376001209,58360,0.057,"Load=0.057 N, t=58360 ms"
1,2026-01-11T00:07:23.541729,54.27481990028173,58370,0.102,"Load=0.102 N, t=58370 ms"
1,2026-01-11T00:07:23.552789,54.28588050045073,58380,0.15,"Load=0.150 N, t=58380 ms"
1,2026-01-11T00:07:23.562761,54.295852600596845,58390,0.047,"Load=0.047 N, t=58390 ms"
1,2026-01-11T00:07:23.571830,54.30492150038481,58400,0.131,"Load=0.131 N, t=58400 ms"
1,2026-01-11T00:07:23.581817,54.31490790005773,58410,0.089,"Load=0.089 N, t=58410 ms"
1,2026-01-11T00:07:23.591702,54.32479280047119,58420,0.162,"Load=0.162 N, t=58420 ms"
1,2026-01-11T00:07:23.601839,54.33492980059236,58430,0.144,"Load=0.144 N, t=58430 ms"
