event_id,pc_time_iso,pc_elapsed_s,stm32_time_ms,force_N,raw_line
1,2026-01-11T00:46:45.353461,39.88642149977386,36910,0.567,"Load=0.567 N, t=36910 ms"
1,2026-01-11T00:46:45.363453,39.89641300030053,36920,0.541,"Load=0.541 N, t=36920 ms"
1,2026-01-11T00:46:45.372553,39.90551290009171,36930,0.602,"Load=0.602 N, t=36930 ms"
1,2026-01-11T00:46:45.382622,39.91558200027794,36940,0.579,"Load=0.579 N, t=36940 ms"
1,2026-01-11T00:46:45.392536,39.92549620009959,36950,0.369,"Load=0.369 N, t=36950 ms"
1,2026-01-11T00:46:45.402573,39.93553250003606,36960,0.732,"Load=0.732 N, t=36960 ms"
1,2026-01-11T00:46:45.413465,39.94642459973693,36970,0.717,"Load=0.717 N, t=36970 ms"
1,2026-01-11T00:46:45.423472,39.956432700157166,36980,0.512,"Load=0.512 N, t=36980 ms"
1,2026-01-11T00:46:45.433514,39.966474200598896,36990,0.411,"Load=0.411 N, t=36990 ms"
1,2026-01-11T00:46:45.443529,39.976488100364804,37000,0.393,"Load=0.393 N, t=37000 ms"
1,2026-01-11T00:46:45.452580,39.98554049991071,37010,0.496,"Load=0.496 N, t=37010 ms"
1,2026-01-11T00:46:45.462645,39.9956052005291,37020,0.52,"Load=0.520 N, t=37020 ms"
1,2026-01-11T00:46:45.473515,40.00647560041398,37030,0.408,"Load=0.408 N, t=37030 ms"
1,2026-01-11T00:46:45.483495,40.016454400494695,37040,0.401,"Load=0.401 N, t=37040 ms"
1,2026-01-11T00:46:45.493596,40.02655600011349,37050,0.688,"Load=0.688 N, t=37050 ms"
1,2026-01-11T00:46:45.503472,40.036432299762964,37060,0.74,"Load=0.740 N, t=37060 ms"
1,2026-01-11T00:46:45.513388,40.04634790029377,37070,0.533,"Load=0.533 N, t=37070 ms"
1,2026-01-11T00:46:45.522679,40.05563910026103,37080,0.479,"Load=0.479 N, t=37080 ms"
1,2026-01-11T00:46:45.533522,40.066481499932706,37090,0.45,"Load=0.450 N, t=37090 ms"
1,2026-01-11T00:46:45.543612,40.07657120004296,37100,0.654,"Load=0.654 N, t=37100 ms"
1,2026-01-11T00:46:45.553542,40.08650190010667,37110,0.452,"Load=0.452 N, t=37110 ms"
1,2026-01-11T00:46:45.563503,40.09646339993924,37120,0.527,"Load=0.527 N, t=37120 ms"
1,2026-01-11T00:46:45.573499,40.10645390022546,37130,0.639,"Load=0.639 N, t=37130 ms"
1,2026-01-11T00:46:45.583469,40.116428799927235,37140,0.51,"Load=0.510 N, t=37140 ms"
1,2026-01-11T00:46:45.593524,40.12648390047252,37150,0.663,"Load=0.663 N, t=37150 ms"
1,2026-01-11T00:46:45.593524,40.12648390047252,37150,0.663,"Load=0.663 N, t=37150 ms"
1,2026-01-11T00:46:45.603493,40.13645360060036,37160,0.51,"Load=0.510 N, t=37160 ms"
1,2026-01-11T00:46:45.613502,40.14646210055798,37170,0.546,"Load=0.546 N, t=37170 ms"
1,2026-01-11T00:46:45.623516,40.15647600032389,37180,0.498,"Load=0.498 N, t=37180 ms"
1,2026-01-11T00:46:45.633421,40.16638160031289,37190,0.447,"Load=0.447 N, t=37190 ms"
1,2026-01-11T00:46:45.643480,40.17644040007144,37200,0.489,"Load=0.489 N, t=37200 ms"
1,2026-01-11T00:46:45.653481,40.186440399847925,37210,0.42,"Load=0.420 N, t=37210 ms"
1,2026-01-11T00:46:45.663464,40.19642450008541,37220,0.632,"Load=0.632 N, t=37220 ms"
1,2026-01-11T00:46:45.673486,40.206446000374854,37230,0.408,"Load=0.408 N, t=37230 ms"
1,2026-01-11T00:46:45.683497,40.21645679976791,37240,0.904,"Load=0.904 N, t=37240 ms"
1,2026-01-11T00:46:45.693522,40.226481900550425,37250,0.377,"Load=0.377 N, t=37250 ms"
1,2026-01-11T00:46:45.703482,40.23644130025059,37260,0.403,"Load=0.403 N, t=37260 ms"
1,2026-01-11T00:46:45.714616,40.24757620040327,37270,0.598,"Load=0.598 N, t=37270 ms"
1,2026-01-11T00:46:45.723694,40.256653300486505,37280,0.465,"Load=0.465 N, t=37280 ms"
1,2026-01-11T00:46:45.733623,40.26658369973302,37290,0.551,"Load=0.551 N, t=37290 ms"
1,2026-01-11T00:46:45.743488,40.2764482004568,37300,0.729,"Load=0.729 N, t=37300 ms"
1,2026-01-11T00:46:45.753519,40.286479100584984,37310,0.467,"Load=0.467 N, t=37310 ms"
1,2026-01-11T00:46:45.763521,40.29648040048778,37320,0.612,"Load=0.612 N, t=37320 ms"
1,2026-01-11T00:46:45.774591,40.30754979979247,37330,0.572,"Load=0.572 N, t=37330 ms"
1,2026-01-11T00:46:45.783526,40.31648570019752,37340,0.611,"Load=0.611 N, t=37340 ms"
1,2026-01-11T00:46:45.793513,40.32647369988263,37350,0.424,"Load=0.424 N, t=37350 ms"
1,2026-01-11T00:46:45.803531,40.33649090025574,37360,0.487,"Load=0.487 N, t=37360 ms"
1,2026-01-11T00:46:45.813565,40.346524400636554,37370,0.419,"Load=0.419 N, t=37370 ms"
1,2026-01-11T00:46:45.823518,40.35647810064256,37380,0.502,"Load=0.502 N, t=37380 ms"
1,2026-01-11T00:46:45.834473,40.36743289977312,37390,0.524,"Load=0.524 N, t=37390 ms"
1,2026-01-11T00:46:45.844665,40.37762450054288,37400,0.615,"Load=0.615 N, t=37400 ms"
1,2026-01-11T00:46:45.853573,40.386533400043845,37410,0.885,"Load=0.885 N, t=37410 ms"
1,2026-01-11T00:46:45.863531,40.39649110008031,37420,0.605,"Load=0.605 N, t=37420 ms"
1,2026-01-11T00:46:45.873524,40.40648389980197,37430,0.525,"Load=0.525 N, t=37430 ms"
1,2026-01-11T00:46:45.884619,40.41757890023291,37440,0.471,"Load=0.471 N, t=37440 ms"
1,2026-01-11T00:46:45.894493,40.427453400567174,37450,0.474,"Load=0.474 N, t=37450 ms"
1,2026-01-11T00:46:45.904616,40.43757580034435,37460,0.791,"Load=0.791 N, t=37460 ms"
1,2026-01-11T00:46:45.914586,40.44754580035806,37470,0.512,"Load=0.512 N, t=37470 ms"
1,2026-01-11T00:46:45.924581,40.45754100009799,37480,0.543,"Load=0.543 N, t=37480 ms"
1,2026-01-11T00:46:45.933566,40.46652599982917,37490,0.644,"Load=0.644 N, t=37490 ms"
1,2026-01-11T00:46:45.944635,40.47759519983083,37500,0.504,"Load=0.504 N, t=37500 ms"
1,2026-01-11T00:46:45.954610,40.48756999988109,37510,0.348,"Load=0.348 N, t=37510 ms"
1,2026-01-11T00:46:45.964547,40.49750689975917,37520,0.39,"Load=0.390 N, t=37520 ms"
1,2026-01-11T00:46:45.974603,40.50756280031055,37530,0.509,"Load=0.509 N, t=37530 ms"
1,2026-01-11T00:46:45.984609,40.5175689002499,37540,0.52,"Load=0.520 N, t=37540 ms"
1,2026-01-11T00:46:45.994576,40.52753579989076,37550,0.763,"Load=0.763 N, t=37550 ms"
1,2026-01-11T00:46:46.004558,40.537517100572586,37560,0.747,"Load=0.747 N, t=37560 ms"
1,2026-01-11T00:46:46.014515,40.5474746003747,37570,0.548,"Load=0.548 N, t=37570 ms"
1,2026-01-11T00:46:46.024633,40.557593000121415,37580,0.665,"Load=0.665 N, t=37580 ms"
1,2026-01-11T00:46:46.034650,40.56760980002582,37590,0.636,"Load=0.636 N, t=37590 ms"
1,2026-01-11T00:46:46.044548,40.57750840019435,37600,0.496,"Load=0.496 N, t=37600 ms"
1,2026-01-11T00:46:46.054616,40.587575300596654,37610,0.569,"Load=0.569 N, t=37610 ms"
1,2026-01-11T00:46:46.064653,40.597612200304866,37620,0.541,"Load=0.541 N, t=37620 ms"
1,2026-01-11T00:46:46.074605,40.60756460018456,37630,0.537,"Load=0.537 N, t=37630 ms"
1,2026-01-11T00:46:46.084515,40.61747470032424,37640,0.685,"Load=0.685 N, t=37640 ms"
1,2026-01-11T00:46:46.094472,40.62743110023439,37650,0.478,"Load=0.478 N, t=37650 ms"
1,2026-01-11T00:46:46.104636,40.63759560044855,37660,0.566,"Load=0.566 N, t=37660 ms"
1,2026-01-11T00:46:46.114469,40.64742900058627,37670,0.644,"Load=0.644 N, t=37670 ms"
1,2026-01-11T00:46:46.124675,40.65763370040804,37680,0.74,"Load=0.740 N, t=37680 ms"
1,2026-01-11T00:46:46.134698,40.66765780001879,37690,0.396,"Load=0.396 N, t=37690 ms"
1,2026-01-11T00:46:46.144657,40.6776165002957,37700,0.613,"Load=0.613 N, t=37700 ms"
1,2026-01-11T00:46:46.154608,40.68756700027734,37710,0.711,"Load=0.711 N, t=37710 ms"
1,2026-01-11T00:46:46.164767,40.69772609975189,37720,0.713,"Load=0.713 N, t=37720 ms"
1,2026-01-11T00:46:46.174756,40.70771609991789,37730,0.528,"Load=0.528 N, t=37730 ms"
1,2026-01-11T00:46:46.185470,40.7184303002432,37740,0.615,"Load=0.615 N, t=37740 ms"
1,2026-01-11T00:46:46.195558,40.728516899980605,37750,0.587,"Load=0.587 N, t=37750 ms"
1,2026-01-11T00:46:46.204596,40.73755570035428,37760,0.748,"Load=0.748 N, t=37760 ms"
1,2026-01-11T00:46:46.214668,40.74762840010226,37770,0.599,"Load=0.599 N, t=37770 ms"
1,2026-01-11T00:46:46.224662,40.75762150064111,37780,0.535,"Load=0.535 N, t=37780 ms"
1,2026-01-11T00:46:46.234493,40.76745249982923,37790,0.46,"Load=0.460 N, t=37790 ms"
1,2026-01-11T00:46:46.245618,40.778577900491655,37800,0.754,"Load=0.754 N, t=37800 ms"
1,2026-01-11T00:46:46.255575,40.78853469993919,37810,0.46,"Load=0.460 N, t=37810 ms"
1,2026-01-11T00:46:46.265553,40.79851350001991,37820,0.492,"Load=0.492 N, t=37820 ms"
1,2026-01-11T00:46:46.275531,40.80848990008235,37830,0.685,"Load=0.685 N, t=37830 ms"
1,2026-01-11T00:46:46.284678,40.81763760000467,37840,0.582,"Load=0.582 N, t=37840 ms"
1,2026-01-11T00:46:46.294646,40.82760629989207,37850,0.496,"Load=0.496 N, t=37850 ms"
1,2026-01-11T00:46:46.305636,40.83859600033611,37860,0.494,"Load=0.494 N, t=37860 ms"
1,2026-01-11T00:46:46.315493,40.84845220018178,37870,0.511,"Load=0.511 N, t=37870 ms"
1,2026-01-11T00:46:46.325466,40.858425999991596,37880,0.61,"Load=0.610 N, t=37880 ms"
1,2026-01-11T00:46:46.335728,40.86868700012565,37890,0.623,"Load=0.623 N, t=37890 ms"
1,2026-01-11T00:46:46.345535,40.87849400006235,37900,1.386,"Load=1.386 N, t=37900 ms"
1,2026-01-11T00:46:46.355552,40.88851210009307,37910,0.603,"Load=0.603 N, t=37910 ms"
1,2026-01-11T00:46:46.365760,40.89871980063617,37920,0.651,"Load=0.651 N, t=37920 ms"
1,2026-01-11T00:46:46.375606,40.908565499819815,37930,0.553,"Load=0.553 N, t=37930 ms"
1,2026-01-11T00:46:46.385619,40.918578900396824,37940,0.442,"Load=0.442 N, t=37940 ms"
1,2026-01-11T00:46:46.395509,40.928468599915504,37950,0.643,"Load=0.643 N, t=37950 ms"
1,2026-01-11T00:46:46.405590,40.938549200072885,37960,0.569,"Load=0.569 N, t=37960 ms"
1,2026-01-11T00:46:46.415601,40.948560600169,37970,0.706,"Load=0.706 N, t=37970 ms"
1,2026-01-11T00:46:46.425624,40.958583200350404,37980,0.559,"Load=0.559 N, t=37980 ms"
1,2026-01-11T00:46:46.435485,40.96844399999827,37990,0.79,"Load=0.790 N, t=37990 ms"
1,2026-01-11T00:46:46.445614,40.97857409995049,38000,0.505,"Load=0.505 N, t=38000 ms"
1,2026-01-11T00:46:46.455498,40.988457900471985,38010,0.542,"Load=0.542 N, t=38010 ms"
1,2026-01-11T00:46:46.465588,40.99854809977114,38020,0.494,"Load=0.494 N, t=38020 ms"
1,2026-01-11T00:46:46.475617,41.008576299995184,38030,0.466,"Load=0.466 N, t=38030 ms"
1,2026-01-11T00:46:46.485526,41.01848600059748,38040,0.588,"Load=0.588 N, t=38040 ms"
1,2026-01-11T00:46:46.495523,41.028482500463724,38050,0.401,"Load=0.401 N, t=38050 ms"
1,2026-01-11T00:46:46.505650,41.03860849980265,38060,0.467,"Load=0.467 N, t=38060 ms"
1,2026-01-11T00:46:46.515509,41.04846809990704,38070,0.74,"Load=0.740 N, t=38070 ms"
1,2026-01-11T00:46:46.525579,41.05853870045394,38080,0.724,"Load=0.724 N, t=38080 ms"
1,2026-01-11T00:46:46.535630,41.06858769990504,38090,0.463,"Load=0.463 N, t=38090 ms"
1,2026-01-11T00:46:46.545527,41.07848639972508,38100,0.644,"Load=0.644 N, t=38100 ms"
1,2026-01-11T00:46:46.555630,41.08858960028738,38110,0.568,"Load=0.568 N, t=38110 ms"
1,2026-01-11T00:46:46.565687,41.09864590037614,38120,0.501,"Load=0.501 N, t=38120 ms"
1,2026-01-11T00:46:46.575520,41.108479300513864,38130,0.598,"Load=0.598 N, t=38130 ms"
1,2026-01-11T00:46:46.585644,41.118603399954736,38140,0.502,"Load=0.502 N, t=38140 ms"
1,2026-01-11T00:46:46.595651,41.12860990036279,38150,0.616,"Load=0.616 N, t=38150 ms"
1,2026-01-11T00:46:46.606606,41.139565399847925,38160,0.683,"Load=0.683 N, t=38160 ms"
1,2026-01-11T00:46:46.616579,41.14953900035471,38170,0.356,"Load=0.356 N, t=38170 ms"
1,2026-01-11T00:46:46.625553,41.158512100577354,38180,0.935,"Load=0.935 N, t=38180 ms"
1,2026-01-11T00:46:46.635682,41.168641599826515,38190,0.62,"Load=0.620 N, t=38190 ms"
1,2026-01-11T00:46:46.645527,41.17848679982126,38200,0.452,"Load=0.452 N, t=38200 ms"
1,2026-01-11T00:46:46.655615,41.1885735001415,38210,0.396,"Load=0.396 N, t=38210 ms"
1,2026-01-11T00:46:46.666700,41.199659700505435,38220,0.687,"Load=0.687 N, t=38220 ms"
1,2026-01-11T00:46:46.676616,41.209575899876654,38230,0.828,"Load=0.828 N, t=38230 ms"
1,2026-01-11T00:46:46.686515,41.21947429981083,38240,0.473,"Load=0.473 N, t=38240 ms"
1,2026-01-11T00:46:46.696668,41.22962709981948,38250,0.81,"Load=0.810 N, t=38250 ms"
1,2026-01-11T00:46:46.705615,41.238572999835014,38260,0.548,"Load=0.548 N, t=38260 ms"
1,2026-01-11T00:46:46.715486,41.24844540003687,38270,0.375,"Load=0.375 N, t=38270 ms"
1,2026-01-11T00:46:46.726576,41.25953590031713,38280,0.53,"Load=0.530 N, t=38280 ms"
1,2026-01-11T00:46:46.736495,41.26945419982076,38290,0.751,"Load=0.751 N, t=38290 ms"
1,2026-01-11T00:46:46.746625,41.279584400355816,38300,0.559,"Load=0.559 N, t=38300 ms"
1,2026-01-11T00:46:46.756613,41.289572100155056,38310,0.37,"Load=0.370 N, t=38310 ms"
1,2026-01-11T00:46:46.766600,41.299559500068426,38320,0.429,"Load=0.429 N, t=38320 ms"
1,2026-01-11T00:46:46.776498,41.30945760011673,38330,0.63,"Load=0.630 N, t=38330 ms"
1,2026-01-11T00:46:46.786646,41.31960489973426,38340,0.671,"Load=0.671 N, t=38340 ms"
1,2026-01-11T00:46:46.796639,41.3295975998044,38350,0.579,"Load=0.579 N, t=38350 ms"
1,2026-01-11T00:46:46.806561,41.339520500041544,38360,0.493,"Load=0.493 N, t=38360 ms"
1,2026-01-11T00:46:46.816559,41.34951790049672,38370,0.581,"Load=0.581 N, t=38370 ms"
1,2026-01-11T00:46:46.826465,41.35940899979323,38380,0.473,"Load=0.473 N, t=38380 ms"
1,2026-01-11T00:46:46.836562,41.369520500302315,38390,0.791,"Load=0.791 N, t=38390 ms"
1,2026-01-11T00:46:46.846460,41.37941860035062,38400,0.613,"Load=0.613 N, t=38400 ms"
1,2026-01-11T00:46:46.856511,41.389469999819994,38410,0.597,"Load=0.597 N, t=38410 ms"
1,2026-01-11T00:46:46.866511,41.399470400065184,38420,0.753,"Load=0.753 N, t=38420 ms"
1,2026-01-11T00:46:46.876508,41.40946630015969,38430,0.6,"Load=0.600 N, t=38430 ms"
1,2026-01-11T00:46:46.886426,41.41938479989767,38440,0.605,"Load=0.605 N, t=38440 ms"
1,2026-01-11T00:46:46.897472,41.43043110053986,38450,0.514,"Load=0.514 N, t=38450 ms"
1,2026-01-11T00:46:46.906682,41.439639599993825,38460,0.867,"Load=0.867 N, t=38460 ms"
1,2026-01-11T00:46:46.916566,41.44952530041337,38470,0.579,"Load=0.579 N, t=38470 ms"
1,2026-01-11T00:46:46.926510,41.45946970023215,38480,0.724,"Load=0.724 N, t=38480 ms"
1,2026-01-11T00:46:46.936510,41.4694683002308,38490,0.576,"Load=0.576 N, t=38490 ms"
1,2026-01-11T00:46:46.946461,41.479420700110495,38500,0.76,"Load=0.760 N, t=38500 ms"
1,2026-01-11T00:46:46.957466,41.49042579997331,38510,0.733,"Load=0.733 N, t=38510 ms"
1,2026-01-11T00:46:46.966526,41.49948550015688,38520,0.68,"Load=0.680 N, t=38520 ms"
1,2026-01-11T00:46:46.976597,41.509556400589645,38530,0.563,"Load=0.563 N, t=38530 ms"
1,2026-01-11T00:46:46.986525,41.51948370039463,38540,0.59,"Load=0.590 N, t=38540 ms"
1,2026-01-11T00:46:46.996489,41.52944769989699,38550,0.377,"Load=0.377 N, t=38550 ms"
1,2026-01-11T00:46:47.006503,41.53946270048618,38560,0.377,"Load=0.377 N, t=38560 ms"
1,2026-01-11T00:46:47.017549,41.55050760041922,38570,0.843,"Load=0.843 N, t=38570 ms"
1,2026-01-11T00:46:47.027478,41.560436700470746,38580,0.559,"Load=0.559 N, t=38580 ms"
1,2026-01-11T00:46:47.036547,41.569506300613284,38590,0.553,"Load=0.553 N, t=38590 ms"
1,2026-01-11T00:46:47.046546,41.57950509991497,38600,0.548,"Load=0.548 N, t=38600 ms"
1,2026-01-11T00:46:47.056594,41.58955360017717,38610,0.623,"Load=0.623 N, t=38610 ms"
1,2026-01-11T00:46:47.066502,41.59946080017835,38620,0.732,"Load=0.732 N, t=38620 ms"
1,2026-01-11T00:46:47.077483,41.61044109985232,38630,0.587,"Load=0.587 N, t=38630 ms"
1,2026-01-11T00:46:47.087489,41.62044730037451,38640,0.566,"Load=0.566 N, t=38640 ms"
1,2026-01-11T00:46:47.097477,41.63043580017984,38650,1.001,"Load=1.001 N, t=38650 ms"
1,2026-01-11T00:46:47.107427,41.64038520026952,38660,0.613,"Load=0.613 N, t=38660 ms"
1,2026-01-11T00:46:47.117111,41.65006970055401,38670,0.835,"Load=0.835 N, t=38670 ms"
1,2026-01-11T00:46:47.126747,41.659705200232565,38680,0.683,"Load=0.683 N, t=38680 ms"
1,2026-01-11T00:46:47.137628,41.6705875005573,38690,0.711,"Load=0.711 N, t=38690 ms"
1,2026-01-11T00:46:47.147549,41.680509000085294,38700,0.556,"Load=0.556 N, t=38700 ms"
1,2026-01-11T00:46:47.157615,41.690573800355196,38710,0.626,"Load=0.626 N, t=38710 ms"
1,2026-01-11T00:46:47.167507,41.70046589989215,38720,0.721,"Load=0.721 N, t=38720 ms"
1,2026-01-11T00:46:47.177475,41.71043420024216,38730,0.665,"Load=0.665 N, t=38730 ms"
1,2026-01-11T00:46:47.187468,41.720426900312304,38740,0.646,"Load=0.646 N, t=38740 ms"
1,2026-01-11T00:46:47.197475,41.730434600263834,38750,0.603,"Load=0.603 N, t=38750 ms"
1,2026-01-11T00:46:47.207738,41.740696700289845,38760,0.691,"Load=0.691 N, t=38760 ms"
1,2026-01-11T00:46:47.217634,41.750592299737036,38770,0.46,"Load=0.460 N, t=38770 ms"
1,2026-01-11T00:46:47.227589,41.76054850034416,38780,0.571,"Load=0.571 N, t=38780 ms"
1,2026-01-11T00:46:47.237640,41.770599599927664,38790,0.506,"Load=0.506 N, t=38790 ms"
1,2026-01-11T00:46:47.247585,41.78054399974644,38800,0.703,"Load=0.703 N, t=38800 ms"
1,2026-01-11T00:46:47.257671,41.79062939994037,38810,0.646,"Load=0.646 N, t=38810 ms"
1,2026-01-11T00:46:47.267595,41.80055300053209,38820,0.603,"Load=0.603 N, t=38820 ms"
1,2026-01-11T00:46:47.277477,41.81043549999595,38830,0.69,"Load=0.690 N, t=38830 ms"
1,2026-01-11T00:46:47.287451,41.82040970027447,38840,0.631,"Load=0.631 N, t=38840 ms"
1,2026-01-11T00:46:47.297590,41.83054990042001,38850,0.691,"Load=0.691 N, t=38850 ms"
1,2026-01-11T00:46:47.307576,41.84053540043533,38860,0.837,"Load=0.837 N, t=38860 ms"
1,2026-01-11T00:46:47.317549,41.8505082000047,38870,0.502,"Load=0.502 N, t=38870 ms"
1,2026-01-11T00:46:47.327521,41.86048030015081,38880,0.604,"Load=0.604 N, t=38880 ms"
1,2026-01-11T00:46:47.337614,41.87057359982282,38890,0.76,"Load=0.760 N, t=38890 ms"
1,2026-01-11T00:46:47.347643,41.880602300167084,38900,0.771,"Load=0.771 N, t=38900 ms"
1,2026-01-11T00:46:47.357527,41.890486400574446,38910,0.745,"Load=0.745 N, t=38910 ms"
1,2026-01-11T00:46:47.367604,41.900562699884176,38920,0.716,"Load=0.716 N, t=38920 ms"
1,2026-01-11T00:46:47.377654,41.91061259992421,38930,0.644,"Load=0.644 N, t=38930 ms"
1,2026-01-11T00:46:47.387510,41.920468900352716,38940,0.579,"Load=0.579 N, t=38940 ms"
1,2026-01-11T00:46:47.397510,41.93046949990094,38950,0.698,"Load=0.698 N, t=38950 ms"
1,2026-01-11T00:46:47.407580,41.94053820054978,38960,0.554,"Load=0.554 N, t=38960 ms"
1,2026-01-11T00:46:47.417633,41.950592200271785,38970,0.649,"Load=0.649 N, t=38970 ms"
1,2026-01-11T00:46:47.427648,41.96060680039227,38980,0.559,"Load=0.559 N, t=38980 ms"
1,2026-01-11T00:46:47.437614,41.970573000609875,38990,0.446,"Load=0.446 N, t=38990 ms"
1,2026-01-11T00:46:47.447685,41.98064350057393,39000,0.626,"Load=0.626 N, t=39000 ms"
1,2026-01-11T00:46:47.457525,41.99048350006342,39010,0.706,"Load=0.706 N, t=39010 ms"
1,2026-01-11T00:46:47.467581,42.00054020062089,39020,0.538,"Load=0.538 N, t=39020 ms"
1,2026-01-11T00:46:47.477640,42.01059960015118,39030,0.554,"Load=0.554 N, t=39030 ms"
1,2026-01-11T00:46:47.488735,42.02169440034777,39040,0.771,"Load=0.771 N, t=39040 ms"
1,2026-01-11T00:46:47.498479,42.03143860027194,39050,0.493,"Load=0.493 N, t=39050 ms"
1,2026-01-11T00:46:47.507666,42.04062520060688,39060,0.757,"Load=0.757 N, t=39060 ms"
1,2026-01-11T00:46:47.517677,42.05063640046865,39070,0.587,"Load=0.587 N, t=39070 ms"
1,2026-01-11T00:46:47.527595,42.06055369973183,39080,1.296,"Load=1.296 N, t=39080 ms"
1,2026-01-11T00:46:47.537573,42.07053150050342,39090,0.527,"Load=0.527 N, t=39090 ms"
1,2026-01-11T00:46:47.547539,42.08049780037254,39100,0.745,"Load=0.745 N, t=39100 ms"
1,2026-01-11T00:46:47.558474,42.091432800516486,39110,0.636,"Load=0.636 N, t=39110 ms"
1,2026-01-11T00:46:47.568533,42.10149080026895,39120,0.612,"Load=0.612 N, t=39120 ms"
1,2026-01-11T00:46:47.577683,42.11064190044999,39130,0.647,"Load=0.647 N, t=39130 ms"
1,2026-01-11T00:46:47.587775,42.120734199881554,39140,0.644,"Load=0.644 N, t=39140 ms"
1,2026-01-11T00:46:47.597667,42.130625300109386,39150,0.647,"Load=0.647 N, t=39150 ms"
1,2026-01-11T00:46:47.608623,42.14158259984106,39160,0.641,"Load=0.641 N, t=39160 ms"
1,2026-01-11T00:46:47.618733,42.151692599989474,39170,0.592,"Load=0.592 N, t=39170 ms"
1,2026-01-11T00:46:47.628556,42.1615147003904,39180,0.866,"Load=0.866 N, t=39180 ms"
1,2026-01-11T00:46:47.638417,42.171369899995625,39190,0.7,"Load=0.700 N, t=39190 ms"
1,2026-01-11T00:46:47.647582,42.18054040055722,39200,0.726,"Load=0.726 N, t=39200 ms"
1,2026-01-11T00:46:47.657546,42.19050419982523,39210,0.55,"Load=0.550 N, t=39210 ms"
1,2026-01-11T00:46:47.668639,42.201598200015724,39220,0.836,"Load=0.836 N, t=39220 ms"
1,2026-01-11T00:46:47.678619,42.21157850045711,39230,0.656,"Load=0.656 N, t=39230 ms"
1,2026-01-11T00:46:47.688730,42.221688400022686,39240,0.53,"Load=0.530 N, t=39240 ms"
1,2026-01-11T00:46:47.698491,42.23144940007478,39250,0.598,"Load=0.598 N, t=39250 ms"
1,2026-01-11T00:46:47.708517,42.24147510062903,39260,0.582,"Load=0.582 N, t=39260 ms"
1,2026-01-11T00:46:47.717540,42.25049840006977,39270,0.563,"Load=0.563 N, t=39270 ms"
1,2026-01-11T00:46:47.728511,42.261469299905,39280,0.668,"Load=0.668 N, t=39280 ms"
1,2026-01-11T00:46:47.738502,42.27146080043167,39290,0.636,"Load=0.636 N, t=39290 ms"
1,2026-01-11T00:46:47.748459,42.281417299993336,39300,0.548,"Load=0.548 N, t=39300 ms"
1,2026-01-11T00:46:47.758546,42.29150389973074,39310,1.096,"Load=1.096 N, t=39310 ms"
1,2026-01-11T00:46:47.768598,42.3015564000234,39320,0.626,"Load=0.626 N, t=39320 ms"
1,2026-01-11T00:46:47.778458,42.3114164005965,39330,0.667,"Load=0.667 N, t=39330 ms"
1,2026-01-11T00:46:47.788578,42.32153700012714,39340,0.619,"Load=0.619 N, t=39340 ms"
1,2026-01-11T00:46:47.798653,42.33161159977317,39350,0.514,"Load=0.514 N, t=39350 ms"
1,2026-01-11T00:46:47.808490,42.3414492001757,39360,0.732,"Load=0.732 N, t=39360 ms"
1,2026-01-11T00:46:47.818608,42.351567099802196,39370,0.672,"Load=0.672 N, t=39370 ms"
1,2026-01-11T00:46:47.828598,42.36155590042472,39380,0.701,"Load=0.701 N, t=39380 ms"
1,2026-01-11T00:46:47.838435,42.37139410059899,39390,0.685,"Load=0.685 N, t=39390 ms"
1,2026-01-11T00:46:47.848677,42.38163639977574,39400,0.93,"Load=0.930 N, t=39400 ms"
1,2026-01-11T00:46:47.858660,42.39161919988692,39410,0.618,"Load=0.618 N, t=39410 ms"
1,2026-01-11T00:46:47.868684,42.40164230018854,39420,0.652,"Load=0.652 N, t=39420 ms"
1,2026-01-11T00:46:47.878482,42.41144070029259,39430,1.094,"Load=1.094 N, t=39430 ms"
1,2026-01-11T00:46:47.888490,42.42144840024412,39440,0.566,"Load=0.566 N, t=39440 ms"
1,2026-01-11T00:46:47.898550,42.43150890059769,39450,0.629,"Load=0.629 N, t=39450 ms"
1,2026-01-11T00:46:47.908662,42.441619500517845,39460,0.596,"Load=0.596 N, t=39460 ms"
1,2026-01-11T00:46:47.918586,42.45154390018433,39470,0.654,"Load=0.654 N, t=39470 ms"
1,2026-01-11T00:46:47.928509,42.46146760042757,39480,0.504,"Load=0.504 N, t=39480 ms"
1,2026-01-11T00:46:47.938640,42.471598700620234,39490,0.608,"Load=0.608 N, t=39490 ms"
1,2026-01-11T00:46:47.948480,42.48143870010972,39500,1.001,"Load=1.001 N, t=39500 ms"
1,2026-01-11T00:46:47.958655,42.491614299826324,39510,0.636,"Load=0.636 N, t=39510 ms"
1,2026-01-11T00:46:47.968714,42.50167219992727,39520,0.668,"Load=0.668 N, t=39520 ms"
1,2026-01-11T00:46:47.978677,42.51163520012051,39530,0.677,"Load=0.677 N, t=39530 ms"
1,2026-01-11T00:46:47.988560,42.52151850052178,39540,0.678,"Load=0.678 N, t=39540 ms"
1,2026-01-11T00:46:47.998513,42.53147209994495,39550,0.75,"Load=0.750 N, t=39550 ms"
1,2026-01-11T00:46:48.008643,42.54160150047392,39560,0.647,"Load=0.647 N, t=39560 ms"
1,2026-01-11T00:46:48.018646,42.55160450004041,39570,0.688,"Load=0.688 N, t=39570 ms"
1,2026-01-11T00:46:48.028599,42.56155750062317,39580,0.781,"Load=0.781 N, t=39580 ms"
1,2026-01-11T00:46:48.038522,42.57148060016334,39590,0.545,"Load=0.545 N, t=39590 ms"
1,2026-01-11T00:46:48.048724,42.5816823001951,39600,0.708,"Load=0.708 N, t=39600 ms"
1,2026-01-11T00:46:48.058564,42.59152270015329,39610,0.949,"Load=0.949 N, t=39610 ms"
1,2026-01-11T00:46:48.068632,42.601590800099075,39620,0.856,"Load=0.856 N, t=39620 ms"
1,2026-01-11T00:46:48.078524,42.61148240044713,39630,0.654,"Load=0.654 N, t=39630 ms"
1,2026-01-11T00:46:48.088787,42.62174540013075,39640,0.607,"Load=0.607 N, t=39640 ms"
1,2026-01-11T00:46:48.098671,42.63162930030376,39650,0.584,"Load=0.584 N, t=39650 ms"
1,2026-01-11T00:46:48.108586,42.64154370035976,39660,0.415,"Load=0.415 N, t=39660 ms"
1,2026-01-11T00:46:48.118668,42.65162579994649,39670,0.673,"Load=0.673 N, t=39670 ms"
1,2026-01-11T00:46:48.128578,42.66153640020639,39680,0.553,"Load=0.553 N, t=39680 ms"
1,2026-01-11T00:46:48.138575,42.671533700078726,39690,0.719,"Load=0.719 N, t=39690 ms"
1,2026-01-11T00:46:48.148585,42.68154329992831,39700,0.767,"Load=0.767 N, t=39700 ms"
1,2026-01-11T00:46:48.158680,42.69163789972663,39710,0.53,"Load=0.530 N, t=39710 ms"
1,2026-01-11T00:46:48.168783,42.701741999946535,39720,0.693,"Load=0.693 N, t=39720 ms"
1,2026-01-11T00:46:48.178662,42.711620500311255,39730,0.704,"Load=0.704 N, t=39730 ms"
1,2026-01-11T00:46:48.188646,42.721604499965906,39740,0.664,"Load=0.664 N, t=39740 ms"
1,2026-01-11T00:46:48.198748,42.731706799939275,39750,0.692,"Load=0.692 N, t=39750 ms"
1,2026-01-11T00:46:48.209438,42.742394800297916,39760,0.61,"Load=0.610 N, t=39760 ms"
1,2026-01-11T00:46:48.218644,42.75160180032253,39770,0.649,"Load=0.649 N, t=39770 ms"
1,2026-01-11T00:46:48.228789,42.761747900396585,39780,0.626,"Load=0.626 N, t=39780 ms"
1,2026-01-11T00:46:48.238770,42.771728499792516,39790,0.54,"Load=0.540 N, t=39790 ms"
1,2026-01-11T00:46:48.248503,42.78146219998598,39800,0.755,"Load=0.755 N, t=39800 ms"
1,2026-01-11T00:46:48.258755,42.79171309992671,39810,0.838,"Load=0.838 N, t=39810 ms"
1,2026-01-11T00:46:48.269577,42.8025358999148,39820,0.709,"Load=0.709 N, t=39820 ms"
1,2026-01-11T00:46:48.279423,42.81238150037825,39830,0.665,"Load=0.665 N, t=39830 ms"
1,2026-01-11T00:46:48.288648,42.821605999954045,39840,0.661,"Load=0.661 N, t=39840 ms"
1,2026-01-11T00:46:48.298674,42.83163189981133,39850,0.605,"Load=0.605 N, t=39850 ms"
1,2026-01-11T00:46:48.308646,42.84160429984331,39860,0.514,"Load=0.514 N, t=39860 ms"
1,2026-01-11T00:46:48.318639,42.85159720014781,39870,0.682,"Load=0.682 N, t=39870 ms"
1,2026-01-11T00:46:48.329558,42.86251670029014,39880,0.564,"Load=0.564 N, t=39880 ms"
1,2026-01-11T00:46:48.339489,42.87244790047407,39890,0.828,"Load=0.828 N, t=39890 ms"
1,2026-01-11T00:46:48.349474,42.88241450022906,39900,0.688,"Load=0.688 N, t=39900 ms"
1,2026-01-11T00:46:48.358546,42.891505000181496,39910,0.558,"Load=0.558 N, t=39910 ms"
1,2026-01-11T00:46:48.368773,42.90173189993948,39920,0.682,"Load=0.682 N, t=39920 ms"
1,2026-01-11T00:46:48.378608,42.911565399728715,39930,0.55,"Load=0.550 N, t=39930 ms"
1,2026-01-11T00:46:48.389492,42.92245010007173,39940,0.908,"Load=0.908 N, t=39940 ms"
1,2026-01-11T00:46:48.399431,42.932389500550926,39950,0.91,"Load=0.910 N, t=39950 ms"
1,2026-01-11T00:46:48.409477,42.94243529997766,39960,0.734,"Load=0.734 N, t=39960 ms"
1,2026-01-11T00:46:48.419492,42.95245030056685,39970,0.841,"Load=0.841 N, t=39970 ms"
1,2026-01-11T00:46:48.428706,42.96166400052607,39980,0.695,"Load=0.695 N, t=39980 ms"
1,2026-01-11T00:46:48.438627,42.97158520016819,39990,0.585,"Load=0.585 N, t=39990 ms"
1,2026-01-11T00:46:48.449508,42.982466500252485,40000,0.776,"Load=0.776 N, t=40000 ms"
1,2026-01-11T00:46:48.459569,42.99252730049193,40010,0.607,"Load=0.607 N, t=40010 ms"
1,2026-01-11T00:46:48.469618,43.00257570017129,40020,0.494,"Load=0.494 N, t=40020 ms"
1,2026-01-11T00:46:48.479528,43.01248640008271,40030,0.854,"Load=0.854 N, t=40030 ms"
1,2026-01-11T00:46:48.489523,43.02248090039939,40040,0.626,"Load=0.626 N, t=40040 ms"
1,2026-01-11T00:46:48.498638,43.03159639984369,40050,0.516,"Load=0.516 N, t=40050 ms"
1,2026-01-11T00:46:48.509635,43.04259350057691,40060,0.644,"Load=0.644 N, t=40060 ms"
1,2026-01-11T00:46:48.519641,43.05259979981929,40070,0.644,"Load=0.644 N, t=40070 ms"
1,2026-01-11T00:46:48.529494,43.06245200056583,40080,0.967,"Load=0.967 N, t=40080 ms"
1,2026-01-11T00:46:48.539541,43.07249919977039,40090,0.695,"Load=0.695 N, t=40090 ms"
1,2026-01-11T00:46:48.549612,43.082570699974895,40100,0.649,"Load=0.649 N, t=40100 ms"
1,2026-01-11T00:46:48.559454,43.092412600293756,40110,0.517,"Load=0.517 N, t=40110 ms"
1,2026-01-11T00:46:48.569628,43.102586599998176,40120,0.589,"Load=0.589 N, t=40120 ms"
1,2026-01-11T00:46:48.579557,43.11251420062035,40130,0.691,"Load=0.691 N, t=40130 ms"
1,2026-01-11T00:46:48.589677,43.122634899802506,40140,0.784,"Load=0.784 N, t=40140 ms"
1,2026-01-11T00:46:48.599531,43.13248910009861,40150,0.628,"Load=0.628 N, t=40150 ms"
1,2026-01-11T00:46:48.609614,43.14257230050862,40160,0.716,"Load=0.716 N, t=40160 ms"
1,2026-01-11T00:46:48.619646,43.15260410029441,40170,0.561,"Load=0.561 N, t=40170 ms"
1,2026-01-11T00:46:48.629660,43.16261810064316,40180,0.54,"Load=0.540 N, t=40180 ms"
1,2026-01-11T00:46:48.639575,43.1725331004709,40190,0.649,"Load=0.649 N, t=40190 ms"
1,2026-01-11T00:46:48.649592,43.18255000002682,40200,0.534,"Load=0.534 N, t=40200 ms"
1,2026-01-11T00:46:48.659646,43.19260440021753,40210,0.478,"Load=0.478 N, t=40210 ms"
1,2026-01-11T00:46:48.669573,43.20253180060536,40220,0.724,"Load=0.724 N, t=40220 ms"
1,2026-01-11T00:46:48.679620,43.212578600272536,40230,0.491,"Load=0.491 N, t=40230 ms"
1,2026-01-11T00:46:48.689500,43.22245790064335,40240,0.589,"Load=0.589 N, t=40240 ms"
1,2026-01-11T00:46:48.699470,43.232428500428796,40250,0.52,"Load=0.520 N, t=40250 ms"
1,2026-01-11T00:46:48.709592,43.2424181997776,40260,0.673,"Load=0.673 N, t=40260 ms"
1,2026-01-11T00:46:48.719514,43.25247209984809,40270,0.704,"Load=0.704 N, t=40270 ms"
1,2026-01-11T00:46:48.729626,43.26258380059153,40280,0.737,"Load=0.737 N, t=40280 ms"
1,2026-01-11T00:46:48.739633,43.27259050030261,40290,0.755,"Load=0.755 N, t=40290 ms"
1,2026-01-11T00:46:48.749585,43.28254360053688,40300,0.633,"Load=0.633 N, t=40300 ms"
1,2026-01-11T00:46:48.759579,43.292536600492895,40310,0.74,"Load=0.740 N, t=40310 ms"
1,2026-01-11T00:46:48.769657,43.30261499993503,40320,0.644,"Load=0.644 N, t=40320 ms"
1,2026-01-11T00:46:48.779582,43.3125405004248,40330,0.748,"Load=0.748 N, t=40330 ms"
1,2026-01-11T00:46:48.789657,43.32261530030519,40340,0.631,"Load=0.631 N, t=40340 ms"
1,2026-01-11T00:46:48.799639,43.332597400061786,40350,0.723,"Load=0.723 N, t=40350 ms"
1,2026-01-11T00:46:48.809597,43.34255519974977,40360,0.8,"Load=0.800 N, t=40360 ms"
1,2026-01-11T00:46:48.819667,43.352625500410795,40370,0.67,"Load=0.670 N, t=40370 ms"
1,2026-01-11T00:46:48.829673,43.362630600109696,40380,0.843,"Load=0.843 N, t=40380 ms"
1,2026-01-11T00:46:48.839847,43.37280539982021,40390,0.605,"Load=0.605 N, t=40390 ms"
1,2026-01-11T00:46:48.849549,43.38250720035285,40400,0.581,"Load=0.581 N, t=40400 ms"
1,2026-01-11T00:46:48.859778,43.392736200243235,40410,0.732,"Load=0.732 N, t=40410 ms"
1,2026-01-11T00:46:48.870554,43.40351220034063,40420,0.678,"Load=0.678 N, t=40420 ms"
1,2026-01-11T00:46:48.879649,43.412607200443745,40430,0.659,"Load=0.659 N, t=40430 ms"
1,2026-01-11T00:46:48.889536,43.42249390017241,40440,0.75,"Load=0.750 N, t=40440 ms"
1,2026-01-11T00:46:48.899554,43.432511599734426,40450,0.853,"Load=0.853 N, t=40450 ms"
1,2026-01-11T00:46:48.909588,43.44254550058395,40460,0.799,"Load=0.799 N, t=40460 ms"
1,2026-01-11T00:46:48.919770,43.452728000469506,40470,0.693,"Load=0.693 N, t=40470 ms"
1,2026-01-11T00:46:48.930579,43.463537599891424,40480,0.829,"Load=0.829 N, t=40480 ms"
1,2026-01-11T00:46:48.940563,43.473521100357175,40490,0.573,"Load=0.573 N, t=40490 ms"
1,2026-01-11T00:46:48.949483,43.482440900057554,40500,0.887,"Load=0.887 N, t=40500 ms"
1,2026-01-11T00:46:48.959506,43.49246300011873,40510,0.771,"Load=0.771 N, t=40510 ms"
1,2026-01-11T00:46:48.969638,43.50259570032358,40520,0.946,"Load=0.946 N, t=40520 ms"
1,2026-01-11T00:46:48.979620,43.51257809996605,40530,0.776,"Load=0.776 N, t=40530 ms"
1,2026-01-11T00:46:48.990634,43.52359250001609,40540,0.947,"Load=0.947 N, t=40540 ms"
1,2026-01-11T00:46:49.000551,43.53350909985602,40550,0.897,"Load=0.897 N, t=40550 ms"
1,2026-01-11T00:46:49.010589,43.54354669991881,40560,0.856,"Load=0.856 N, t=40560 ms"
1,2026-01-11T00:46:49.019643,43.55260100029409,40570,0.66,"Load=0.660 N, t=40570 ms"
1,2026-01-11T00:46:49.029502,43.56246049981564,40580,0.657,"Load=0.657 N, t=40580 ms"
1,2026-01-11T00:46:49.039624,43.57258119992912,40590,0.677,"Load=0.677 N, t=40590 ms"
1,2026-01-11T00:46:49.050561,43.58351789973676,40600,0.709,"Load=0.709 N, t=40600 ms"
1,2026-01-11T00:46:49.060470,43.59342829976231,40610,0.574,"Load=0.574 N, t=40610 ms"
1,2026-01-11T00:46:49.070453,43.60341040045023,40620,0.618,"Load=0.618 N, t=40620 ms"
1,2026-01-11T00:46:49.080555,43.613512800075114,40630,0.786,"Load=0.786 N, t=40630 ms"
1,2026-01-11T00:46:49.089509,43.62246700003743,40640,0.719,"Load=0.719 N, t=40640 ms"
1,2026-01-11T00:46:49.099650,43.63260779995471,40650,0.724,"Load=0.724 N, t=40650 ms"
1,2026-01-11T00:46:49.110592,43.643550200387836,40660,0.486,"Load=0.486 N, t=40660 ms"
1,2026-01-11T00:46:49.120545,43.653503300622106,40670,0.651,"Load=0.651 N, t=40670 ms"
1,2026-01-11T00:46:49.130616,43.663574299775064,40680,0.718,"Load=0.718 N, t=40680 ms"
1,2026-01-11T00:46:49.140440,43.673397400416434,40690,0.89,"Load=0.890 N, t=40690 ms"
1,2026-01-11T00:46:49.150442,43.683399399742484,40700,0.61,"Load=0.610 N, t=40700 ms"
1,2026-01-11T00:46:49.159639,43.69259649980813,40710,0.83,"Load=0.830 N, t=40710 ms"
1,2026-01-11T00:46:49.170641,43.70359950046986,40720,0.695,"Load=0.695 N, t=40720 ms"
1,2026-01-11T00:46:49.180575,43.713533599860966,40730,0.825,"Load=0.825 N, t=40730 ms"
1,2026-01-11T00:46:49.190515,43.72347220033407,40740,0.833,"Load=0.833 N, t=40740 ms"
1,2026-01-11T00:46:49.200455,43.7334130005911,40750,0.882,"Load=0.882 N, t=40750 ms"
1,2026-01-11T00:46:49.210495,43.74345349986106,40760,0.776,"Load=0.776 N, t=40760 ms"
1,2026-01-11T00:46:49.220591,43.753548100590706,40770,0.874,"Load=0.874 N, t=40770 ms"
1,2026-01-11T00:46:49.230548,43.76350560039282,40780,0.834,"Load=0.834 N, t=40780 ms"
1,2026-01-11T00:46:49.240639,43.77359740063548,40790,0.77,"Load=0.770 N, t=40790 ms"
1,2026-01-11T00:46:49.250645,43.783602399751544,40800,1.003,"Load=1.003 N, t=40800 ms"
1,2026-01-11T00:46:49.260625,43.79358309973031,40810,0.864,"Load=0.864 N, t=40810 ms"
1,2026-01-11T00:46:49.270596,43.80355370044708,40820,0.623,"Load=0.623 N, t=40820 ms"
1,2026-01-11T00:46:49.280614,43.81357220001519,40830,0.859,"Load=0.859 N, t=40830 ms"
1,2026-01-11T00:46:49.290655,43.823612900450826,40840,0.839,"Load=0.839 N, t=40840 ms"
1,2026-01-11T00:46:49.300642,43.83360010012984,40850,0.698,"Load=0.698 N, t=40850 ms"
1,2026-01-11T00:46:49.310970,43.8439284004271,40860,0.931,"Load=0.931 N, t=40860 ms"
1,2026-01-11T00:46:49.320642,43.853600200265646,40870,0.766,"Load=0.766 N, t=40870 ms"
1,2026-01-11T00:46:49.330621,43.86357829999179,40880,0.729,"Load=0.729 N, t=40880 ms"
1,2026-01-11T00:46:49.340554,43.87351190019399,40890,0.607,"Load=0.607 N, t=40890 ms"
1,2026-01-11T00:46:49.350767,43.883724600076675,40900,0.654,"Load=0.654 N, t=40900 ms"
1,2026-01-11T00:46:49.360769,43.8937272997573,40910,0.61,"Load=0.610 N, t=40910 ms"
1,2026-01-11T00:46:49.370541,43.90349930059165,40920,0.755,"Load=0.755 N, t=40920 ms"
1,2026-01-11T00:46:49.380783,43.91374049987644,40930,0.703,"Load=0.703 N, t=40930 ms"
1,2026-01-11T00:46:49.390592,43.92354909982532,40940,0.807,"Load=0.807 N, t=40940 ms"
1,2026-01-11T00:46:49.400506,43.93346370011568,40950,0.797,"Load=0.797 N, t=40950 ms"
1,2026-01-11T00:46:49.410552,43.9435093998909,40960,0.784,"Load=0.784 N, t=40960 ms"
1,2026-01-11T00:46:49.420683,43.953640799969435,40970,0.794,"Load=0.794 N, t=40970 ms"
1,2026-01-11T00:46:49.430607,43.96356400009245,40980,0.677,"Load=0.677 N, t=40980 ms"
1,2026-01-11T00:46:49.440626,43.97358310036361,40990,0.993,"Load=0.993 N, t=40990 ms"
1,2026-01-11T00:46:49.450608,43.983566200360656,41000,0.687,"Load=0.687 N, t=41000 ms"
1,2026-01-11T00:46:49.460637,43.993595600128174,41010,0.663,"Load=0.663 N, t=41010 ms"
1,2026-01-11T00:46:49.470602,44.00355869997293,41020,0.859,"Load=0.859 N, t=41020 ms"
1,2026-01-11T00:46:49.480522,44.01347929984331,41030,1.197,"Load=1.197 N, t=41030 ms"
1,2026-01-11T00:46:49.490662,44.02362000010908,41040,0.685,"Load=0.685 N, t=41040 ms"
1,2026-01-11T00:46:49.500615,44.03357299976051,41050,0.729,"Load=0.729 N, t=41050 ms"
1,2026-01-11T00:46:49.510484,44.04344139993191,41060,0.879,"Load=0.879 N, t=41060 ms"
1,2026-01-11T00:46:49.521536,44.054488199763,41070,0.737,"Load=0.737 N, t=41070 ms"
1,2026-01-11T00:46:49.530548,44.06350569985807,41080,1.04,"Load=1.040 N, t=41080 ms"
1,2026-01-11T00:46:49.540670,44.07362740021199,41090,0.81,"Load=0.810 N, t=41090 ms"
1,2026-01-11T00:46:49.550679,44.08363660052419,41100,0.693,"Load=0.693 N, t=41100 ms"
1,2026-01-11T00:46:49.560582,44.09353999979794,41110,0.605,"Load=0.605 N, t=41110 ms"
1,2026-01-11T00:46:49.570564,44.10352160036564,41120,0.91,"Load=0.910 N, t=41120 ms"
1,2026-01-11T00:46:49.581447,44.1144048999995,41130,0.795,"Load=0.795 N, t=41130 ms"
1,2026-01-11T00:46:49.591609,44.12456679996103,41140,0.654,"Load=0.654 N, t=41140 ms"
1,2026-01-11T00:46:49.601593,44.13455060031265,41150,0.589,"Load=0.589 N, t=41150 ms"
1,2026-01-11T00:46:49.610733,44.14369060005993,41160,0.722,"Load=0.722 N, t=41160 ms"
1,2026-01-11T00:46:49.620509,44.153466700576246,41170,0.724,"Load=0.724 N, t=41170 ms"
1,2026-01-11T00:46:49.630654,44.16361130028963,41180,0.628,"Load=0.628 N, t=41180 ms"
1,2026-01-11T00:46:49.641575,44.17453320045024,41190,0.79,"Load=0.790 N, t=41190 ms"
1,2026-01-11T00:46:49.651454,44.18441169988364,41200,0.887,"Load=0.887 N, t=41200 ms"
1,2026-01-11T00:46:49.661697,44.19465450011194,41210,0.983,"Load=0.983 N, t=41210 ms"
1,2026-01-11T00:46:49.671568,44.20452539995313,41220,0.722,"Load=0.722 N, t=41220 ms"
1,2026-01-11T00:46:49.680730,44.21368740033358,41230,0.753,"Load=0.753 N, t=41230 ms"
1,2026-01-11T00:46:49.690566,44.223523600026965,41240,0.851,"Load=0.851 N, t=41240 ms"
1,2026-01-11T00:46:49.701497,44.234453899785876,41250,0.843,"Load=0.843 N, t=41250 ms"
1,2026-01-11T00:46:49.711597,44.24455379974097,41260,0.783,"Load=0.783 N, t=41260 ms"
1,2026-01-11T00:46:49.721547,44.254504799842834,41270,0.83,"Load=0.830 N, t=41270 ms"
1,2026-01-11T00:46:49.731621,44.26457830052823,41280,0.724,"Load=0.724 N, t=41280 ms"
1,2026-01-11T00:46:49.741586,44.27454350050539,41290,0.721,"Load=0.721 N, t=41290 ms"
1,2026-01-11T00:46:49.750539,44.283497099764645,41300,0.905,"Load=0.905 N, t=41300 ms"
1,2026-01-11T00:46:49.761632,44.29458970017731,41310,0.816,"Load=0.816 N, t=41310 ms"
1,2026-01-11T00:46:49.771507,44.30446460004896,41320,0.673,"Load=0.673 N, t=41320 ms"
1,2026-01-11T00:46:49.781578,44.31453560013324,41330,0.623,"Load=0.623 N, t=41330 ms"
1,2026-01-11T00:46:49.791462,44.324419300071895,41340,0.711,"Load=0.711 N, t=41340 ms"
1,2026-01-11T00:46:49.801486,44.334443599916995,41350,0.874,"Load=0.874 N, t=41350 ms"
1,2026-01-11T00:46:49.811540,44.34449680056423,41360,0.594,"Load=0.594 N, t=41360 ms"
1,2026-01-11T00:46:49.821641,44.35459830053151,41370,0.906,"Load=0.906 N, t=41370 ms"
1,2026-01-11T00:46:49.831583,44.364540699869394,41380,0.928,"Load=0.928 N, t=41380 ms"
1,2026-01-11T00:46:49.841514,44.37447120063007,41390,0.972,"Load=0.972 N, t=41390 ms"
1,2026-01-11T00:46:49.851568,44.38452470023185,41400,0.714,"Load=0.714 N, t=41400 ms"
1,2026-01-11T00:46:49.861522,44.39447980001569,41410,0.796,"Load=0.796 N, t=41410 ms"
1,2026-01-11T00:46:49.871623,44.4045793004334,41420,0.522,"Load=0.522 N, t=41420 ms"
1,2026-01-11T00:46:49.881663,44.41462070029229,41430,0.951,"Load=0.951 N, t=41430 ms"
1,2026-01-11T00:46:49.891480,44.42443760018796,41440,0.734,"Load=0.734 N, t=41440 ms"
1,2026-01-11T00:46:49.901600,44.43455720040947,41450,0.833,"Load=0.833 N, t=41450 ms"
1,2026-01-11T00:46:49.911677,44.444633999839425,41460,0.847,"Load=0.847 N, t=41460 ms"
1,2026-01-11T00:46:49.921791,44.45474859979004,41470,0.758,"Load=0.758 N, t=41470 ms"
1,2026-01-11T00:46:49.931655,44.464613100513816,41480,0.719,"Load=0.719 N, t=41480 ms"
1,2026-01-11T00:46:49.941648,44.474605600349605,41490,0.771,"Load=0.771 N, t=41490 ms"
1,2026-01-11T00:46:49.951485,44.484442200511694,41500,0.712,"Load=0.712 N, t=41500 ms"
1,2026-01-11T00:46:49.961633,44.49459119979292,41510,0.82,"Load=0.820 N, t=41510 ms"
1,2026-01-11T00:46:49.971516,44.504473300650716,41520,0.634,"Load=0.634 N, t=41520 ms"
1,2026-01-11T00:46:49.981535,44.51449210010469,41530,0.825,"Load=0.825 N, t=41530 ms"
1,2026-01-11T00:46:49.991621,44.52457800041884,41540,0.993,"Load=0.993 N, t=41540 ms"
1,2026-01-11T00:46:50.001614,44.534570700488985,41550,0.829,"Load=0.829 N, t=41550 ms"
1,2026-01-11T00:46:50.011640,44.54459809977561,41560,0.752,"Load=0.752 N, t=41560 ms"
1,2026-01-11T00:46:50.021641,44.554598700255156,41570,0.623,"Load=0.623 N, t=41570 ms"
1,2026-01-11T00:46:50.031544,44.56450100056827,41580,0.579,"Load=0.579 N, t=41580 ms"
1,2026-01-11T00:46:50.041760,44.574716799892485,41590,0.594,"Load=0.594 N, t=41590 ms"
1,2026-01-11T00:46:50.051640,44.58459740038961,41600,0.683,"Load=0.683 N, t=41600 ms"
1,2026-01-11T00:46:50.061603,44.5945611000061,41610,1.064,"Load=1.064 N, t=41610 ms"
1,2026-01-11T00:46:50.071673,44.6046305000782,41620,0.742,"Load=0.742 N, t=41620 ms"
1,2026-01-11T00:46:50.081586,44.614543500356376,41630,0.816,"Load=0.816 N, t=41630 ms"
1,2026-01-11T00:46:50.091590,44.62454710062593,41640,0.548,"Load=0.548 N, t=41640 ms"
1,2026-01-11T00:46:50.101652,44.63460940029472,41650,1.295,"Load=1.295 N, t=41650 ms"
1,2026-01-11T00:46:50.111499,44.644456400536,41660,0.654,"Load=0.654 N, t=41660 ms"
1,2026-01-11T00:46:50.122614,44.655571199953556,41670,0.74,"Load=0.740 N, t=41670 ms"
1,2026-01-11T00:46:50.132584,44.66554190032184,41680,0.755,"Load=0.755 N, t=41680 ms"
1,2026-01-11T00:46:50.141544,44.67450150009245,41690,0.784,"Load=0.784 N, t=41690 ms"
1,2026-01-11T00:46:50.151597,44.684554000385106,41700,0.735,"Load=0.735 N, t=41700 ms"
1,2026-01-11T00:46:50.161657,44.69461400061846,41710,1.182,"Load=1.182 N, t=41710 ms"
1,2026-01-11T00:46:50.171520,44.704477100633085,41720,0.625,"Load=0.625 N, t=41720 ms"
1,2026-01-11T00:46:50.182594,44.71555159986019,41730,0.69,"Load=0.690 N, t=41730 ms"
1,2026-01-11T00:46:50.192605,44.725562600418925,41740,0.83,"Load=0.830 N, t=41740 ms"
1,2026-01-11T00:46:50.202504,44.73546139989048,41750,0.828,"Load=0.828 N, t=41750 ms"
1,2026-01-11T00:46:50.211583,44.744540800340474,41760,0.928,"Load=0.928 N, t=41760 ms"
1,2026-01-11T00:46:50.221662,44.75461919978261,41770,1.316,"Load=1.316 N, t=41770 ms"
1,2026-01-11T00:46:50.231656,44.76461310032755,41780,1.336,"Load=1.336 N, t=41780 ms"
1,2026-01-11T00:46:50.242654,44.77561130002141,41790,1.153,"Load=1.153 N, t=41790 ms"
1,2026-01-11T00:46:50.252615,44.78557229973376,41800,0.856,"Load=0.856 N, t=41800 ms"
1,2026-01-11T00:46:50.262597,44.795552800409496,41810,0.985,"Load=0.985 N, t=41810 ms"
1,2026-01-11T00:46:50.272592,44.805548899807036,41820,0.685,"Load=0.685 N, t=41820 ms"
1,2026-01-11T00:46:50.281616,44.814573200419545,41830,0.819,"Load=0.819 N, t=41830 ms"
1,2026-01-11T00:46:50.291543,44.82449940033257,41840,1.135,"Load=1.135 N, t=41840 ms"
1,2026-01-11T00:46:50.302632,44.83559009991586,41850,1.059,"Load=1.059 N, t=41850 ms"
1,2026-01-11T00:46:50.312491,44.845448000356555,41860,0.651,"Load=0.651 N, t=41860 ms"
1,2026-01-11T00:46:50.322618,44.85557579994202,41870,0.835,"Load=0.835 N, t=41870 ms"
1,2026-01-11T00:46:50.332606,44.865563000552356,41880,0.804,"Load=0.804 N, t=41880 ms"
1,2026-01-11T00:46:50.342537,44.87549280002713,41890,0.905,"Load=0.905 N, t=41890 ms"
1,2026-01-11T00:46:50.352592,44.88554980047047,41900,0.812,"Load=0.812 N, t=41900 ms"
1,2026-01-11T00:46:50.362669,44.895625500008464,41910,0.721,"Load=0.721 N, t=41910 ms"
1,2026-01-11T00:46:50.372639,44.90559650026262,41920,0.76,"Load=0.760 N, t=41920 ms"
1,2026-01-11T00:46:50.382628,44.91558510065079,41930,0.9,"Load=0.900 N, t=41930 ms"
1,2026-01-11T00:46:50.392739,44.92569669988006,41940,0.835,"Load=0.835 N, t=41940 ms"
1,2026-01-11T00:46:50.402486,44.93544270005077,41950,0.975,"Load=0.975 N, t=41950 ms"
1,2026-01-11T00:46:50.412450,44.94540730025619,41960,0.623,"Load=0.623 N, t=41960 ms"
1,2026-01-11T00:46:50.422605,44.95556230004877,41970,0.814,"Load=0.814 N, t=41970 ms"
1,2026-01-11T00:46:50.432601,44.96555820014328,41980,0.941,"Load=0.941 N, t=41980 ms"
1,2026-01-11T00:46:50.442611,44.97556820046157,41990,0.889,"Load=0.889 N, t=41990 ms"
1,2026-01-11T00:46:50.452581,44.985537299886346,42000,1.029,"Load=1.029 N, t=42000 ms"
1,2026-01-11T00:46:50.462617,44.99557409994304,42010,0.827,"Load=0.827 N, t=42010 ms"
1,2026-01-11T00:46:50.472525,45.00548049993813,42020,0.863,"Load=0.863 N, t=42020 ms"
1,2026-01-11T00:46:50.482611,45.015568300150335,42030,0.838,"Load=0.838 N, t=42030 ms"
1,2026-01-11T00:46:50.492805,45.025762300007045,42040,0.921,"Load=0.921 N, t=42040 ms"
1,2026-01-11T00:46:50.502636,45.03559339977801,42050,1.117,"Load=1.117 N, t=42050 ms"
1,2026-01-11T00:46:50.512764,45.04572159983218,42060,0.771,"Load=0.771 N, t=42060 ms"
1,2026-01-11T00:46:50.522638,45.055595700629056,42070,0.882,"Load=0.882 N, t=42070 ms"
1,2026-01-11T00:46:50.532566,45.065522300079465,42080,0.814,"Load=0.814 N, t=42080 ms"
1,2026-01-11T00:46:50.542662,45.07561849988997,42090,0.682,"Load=0.682 N, t=42090 ms"
1,2026-01-11T00:46:50.552665,45.08562219981104,42100,0.872,"Load=0.872 N, t=42100 ms"
1,2026-01-11T00:46:50.562622,45.09557850006968,42110,0.856,"Load=0.856 N, t=42110 ms"
1,2026-01-11T00:46:50.572583,45.10553970001638,42120,1.019,"Load=1.019 N, t=42120 ms"
1,2026-01-11T00:46:50.582741,45.11569850053638,42130,0.788,"Load=0.788 N, t=42130 ms"
1,2026-01-11T00:46:50.592653,45.125609800219536,42140,0.851,"Load=0.851 N, t=42140 ms"
1,2026-01-11T00:46:50.603557,45.136514000594616,42150,0.564,"Load=0.564 N, t=42150 ms"
1,2026-01-11T00:46:50.612683,45.14563999976963,42160,0.936,"Load=0.936 N, t=42160 ms"
1,2026-01-11T00:46:50.622529,45.155486499890685,42170,0.791,"Load=0.791 N, t=42170 ms"
1,2026-01-11T00:46:50.632733,45.16569000016898,42180,0.791,"Load=0.791 N, t=42180 ms"
1,2026-01-11T00:46:50.642659,45.17561599984765,42190,0.766,"Load=0.766 N, t=42190 ms"
1,2026-01-11T00:46:50.652701,45.185657700523734,42200,1.022,"Load=1.022 N, t=42200 ms"
1,2026-01-11T00:46:50.663447,45.19640490040183,42210,0.824,"Load=0.824 N, t=42210 ms"
1,2026-01-11T00:46:50.673452,45.206409100443125,42220,1.407,"Load=1.407 N, t=42220 ms"
1,2026-01-11T00:46:50.682549,45.215505899861455,42230,0.81,"Load=0.810 N, t=42230 ms"
1,2026-01-11T00:46:50.692680,45.22563640028238,42240,0.817,"Load=0.817 N, t=42240 ms"
1,2026-01-11T00:46:50.702549,45.23550599999726,42250,1.047,"Load=1.047 N, t=42250 ms"
1,2026-01-11T00:46:50.713459,45.24641670007259,42260,0.723,"Load=0.723 N, t=42260 ms"
1,2026-01-11T00:46:50.723482,45.25643900036812,42270,0.763,"Load=0.763 N, t=42270 ms"
1,2026-01-11T00:46:50.733489,45.266445900313556,42280,0.76,"Load=0.760 N, t=42280 ms"
1,2026-01-11T00:46:50.743593,45.27655000053346,42290,0.766,"Load=0.766 N, t=42290 ms"
1,2026-01-11T00:46:50.753452,45.28640830051154,42300,0.993,"Load=0.993 N, t=42300 ms"
1,2026-01-11T00:46:50.762689,45.29564550053328,42310,0.812,"Load=0.812 N, t=42310 ms"
1,2026-01-11T00:46:50.773553,45.30651019979268,42320,0.927,"Load=0.927 N, t=42320 ms"
1,2026-01-11T00:46:50.783469,45.31642619986087,42330,0.737,"Load=0.737 N, t=42330 ms"
1,2026-01-11T00:46:50.793523,45.32647990062833,42340,0.882,"Load=0.882 N, t=42340 ms"
1,2026-01-11T00:46:50.803522,45.33647930063307,42350,1.076,"Load=1.076 N, t=42350 ms"
1,2026-01-11T00:46:50.813475,45.34643220063299,42360,0.819,"Load=0.819 N, t=42360 ms"
1,2026-01-11T00:46:50.823492,45.35644910018891,42370,0.975,"Load=0.975 N, t=42370 ms"
1,2026-01-11T00:46:50.833768,45.36672290042043,42380,0.98,"Load=0.980 N, t=42380 ms"
1,2026-01-11T00:46:50.844758,45.377715200185776,42390,0.889,"Load=0.889 N, t=42390 ms"
1,2026-01-11T00:46:50.853571,45.38652800023556,42400,0.954,"Load=0.954 N, t=42400 ms"
1,2026-01-11T00:46:50.863547,45.39650380052626,42410,1.029,"Load=1.029 N, t=42410 ms"
1,2026-01-11T00:46:50.873473,45.40642970055342,42420,1.034,"Load=1.034 N, t=42420 ms"
1,2026-01-11T00:46:50.883474,45.416430700570345,42430,0.696,"Load=0.696 N, t=42430 ms"
1,2026-01-11T00:46:50.893483,45.42644030041993,42440,0.829,"Load=0.829 N, t=42440 ms"
1,2026-01-11T00:46:50.903503,45.436458700336516,42450,1.091,"Load=1.091 N, t=42450 ms"
1,2026-01-11T00:46:50.913510,45.44646649993956,42460,0.925,"Load=0.925 N, t=42460 ms"
1,2026-01-11T00:46:50.923701,45.45665690023452,42470,0.926,"Load=0.926 N, t=42470 ms"
1,2026-01-11T00:46:50.933504,45.46646079979837,42480,0.822,"Load=0.822 N, t=42480 ms"
1,2026-01-11T00:46:50.943560,45.4765169005841,42490,1.143,"Load=1.143 N, t=42490 ms"
1,2026-01-11T00:46:50.953552,45.48650920018554,42500,0.889,"Load=0.889 N, t=42500 ms"
1,2026-01-11T00:46:50.963535,45.49649230018258,42510,0.939,"Load=0.939 N, t=42510 ms"
1,2026-01-11T00:46:50.973571,45.50652660056949,42520,0.962,"Load=0.962 N, t=42520 ms"
1,2026-01-11T00:46:50.983608,45.516565499827266,42530,0.944,"Load=0.944 N, t=42530 ms"
1,2026-01-11T00:46:50.993560,45.52651690039784,42540,0.753,"Load=0.753 N, t=42540 ms"
1,2026-01-11T00:46:51.003490,45.53644669987261,42550,0.669,"Load=0.669 N, t=42550 ms"
1,2026-01-11T00:46:51.013907,45.54686320014298,42560,0.961,"Load=0.961 N, t=42560 ms"
1,2026-01-11T00:46:51.023575,45.556531900539994,42570,0.988,"Load=0.988 N, t=42570 ms"
1,2026-01-11T00:46:51.033864,45.56682080030441,42580,1.047,"Load=1.047 N, t=42580 ms"
1,2026-01-11T00:46:51.043565,45.57652160059661,42590,0.936,"Load=0.936 N, t=42590 ms"
1,2026-01-11T00:46:51.053529,45.58648610021919,42600,1.109,"Load=1.109 N, t=42600 ms"
1,2026-01-11T00:46:51.063529,45.59648600034416,42610,1.016,"Load=1.016 N, t=42610 ms"
1,2026-01-11T00:46:51.074610,45.60756679996848,42620,0.809,"Load=0.809 N, t=42620 ms"
1,2026-01-11T00:46:51.084578,45.61753490008414,42630,0.866,"Load=0.866 N, t=42630 ms"
1,2026-01-11T00:46:51.093565,45.62652140017599,42640,0.652,"Load=0.652 N, t=42640 ms"
1,2026-01-11T00:46:51.103715,45.63667170051485,42650,0.978,"Load=0.978 N, t=42650 ms"
1,2026-01-11T00:46:51.113527,45.646484199911356,42660,0.941,"Load=0.941 N, t=42660 ms"
1,2026-01-11T00:46:51.123507,45.656462700106204,42670,0.949,"Load=0.949 N, t=42670 ms"
1,2026-01-11T00:46:51.134594,45.66755100060254,42680,0.836,"Load=0.836 N, t=42680 ms"
1,2026-01-11T00:46:51.144595,45.67755180038512,42690,0.965,"Load=0.965 N, t=42690 ms"
1,2026-01-11T00:46:51.154605,45.68756160046905,42700,0.874,"Load=0.874 N, t=42700 ms"
1,2026-01-11T00:46:51.164575,45.69753190036863,42710,0.975,"Load=0.975 N, t=42710 ms"
1,2026-01-11T00:46:51.173537,45.706494100391865,42720,0.843,"Load=0.843 N, t=42720 ms"
1,2026-01-11T00:46:51.183643,45.716599999926984,42730,0.85,"Load=0.850 N, t=42730 ms"
1,2026-01-11T00:46:51.194457,45.72741420008242,42740,0.917,"Load=0.917 N, t=42740 ms"
1,2026-01-11T00:46:51.204580,45.737536299973726,42750,0.916,"Load=0.916 N, t=42750 ms"
1,2026-01-11T00:46:51.214487,45.747443600557745,42760,0.988,"Load=0.988 N, t=42760 ms"
1,2026-01-11T00:46:51.224571,45.75752789992839,42770,0.838,"Load=0.838 N, t=42770 ms"
1,2026-01-11T00:46:51.234556,45.76751310005784,42780,1.014,"Load=1.014 N, t=42780 ms"
1,2026-01-11T00:46:51.243750,45.77670660056174,42790,0.861,"Load=0.861 N, t=42790 ms"
1,2026-01-11T00:46:51.254631,45.787587200291455,42800,1.064,"Load=1.064 N, t=42800 ms"
1,2026-01-11T00:46:51.264594,45.7975511001423,42810,0.978,"Load=0.978 N, t=42810 ms"
1,2026-01-11T00:46:51.274516,45.80747229978442,42820,0.985,"Load=0.985 N, t=42820 ms"
1,2026-01-11T00:46:51.284576,45.81753179989755,42830,0.781,"Load=0.781 N, t=42830 ms"
1,2026-01-11T00:46:51.294508,45.827464300207794,42840,0.737,"Load=0.737 N, t=42840 ms"
1,2026-01-11T00:46:51.304498,45.837454000487924,42850,0.822,"Load=0.822 N, t=42850 ms"
1,2026-01-11T00:46:51.314656,45.84761179983616,42860,0.999,"Load=0.999 N, t=42860 ms"
1,2026-01-11T00:46:51.324612,45.857569300569594,42870,0.607,"Load=0.607 N, t=42870 ms"
1,2026-01-11T00:46:51.334613,45.86757040023804,42880,0.918,"Load=0.918 N, t=42880 ms"
1,2026-01-11T00:46:51.344633,45.877589100040495,42890,0.81,"Load=0.810 N, t=42890 ms"
1,2026-01-11T00:46:51.354495,45.88745150063187,42900,0.916,"Load=0.916 N, t=42900 ms"
1,2026-01-11T00:46:51.364577,45.89753410033882,42910,0.993,"Load=0.993 N, t=42910 ms"
1,2026-01-11T00:46:51.374624,45.907580099999905,42920,0.971,"Load=0.971 N, t=42920 ms"
1,2026-01-11T00:46:51.384706,45.91766239982098,42930,0.832,"Load=0.832 N, t=42930 ms"
1,2026-01-11T00:46:51.394685,45.92764210049063,42940,0.858,"Load=0.858 N, t=42940 ms"
1,2026-01-11T00:46:51.404546,45.93750189989805,42950,0.835,"Load=0.835 N, t=42950 ms"
1,2026-01-11T00:46:51.414729,45.947685400024056,42960,0.975,"Load=0.975 N, t=42960 ms"
1,2026-01-11T00:46:51.424748,45.95770530030131,42970,0.903,"Load=0.903 N, t=42970 ms"
1,2026-01-11T00:46:51.434683,45.96763989981264,42980,0.807,"Load=0.807 N, t=42980 ms"
1,2026-01-11T00:46:51.444781,45.977737500332296,42990,0.848,"Load=0.848 N, t=42990 ms"
1,2026-01-11T00:46:51.454485,45.98744140006602,43000,0.913,"Load=0.913 N, t=43000 ms"
1,2026-01-11T00:46:51.464778,45.997734900563955,43010,0.934,"Load=0.934 N, t=43010 ms"
1,2026-01-11T00:46:51.474621,46.007577599957585,43020,0.833,"Load=0.833 N, t=43020 ms"
1,2026-01-11T00:46:51.485520,46.018475900404155,43030,0.987,"Load=0.987 N, t=43030 ms"
1,2026-01-11T00:46:51.494637,46.027594099752605,43040,0.825,"Load=0.825 N, t=43040 ms"
1,2026-01-11T00:46:51.504646,46.03760260064155,43050,0.847,"Load=0.847 N, t=43050 ms"
1,2026-01-11T00:46:51.514534,46.04749060049653,43060,0.848,"Load=0.848 N, t=43060 ms"
1,2026-01-11T00:46:51.524655,46.057610999792814,43070,0.975,"Load=0.975 N, t=43070 ms"
1,2026-01-11T00:46:51.534559,46.06751549988985,43080,1.041,"Load=1.041 N, t=43080 ms"
1,2026-01-11T00:46:51.545611,46.07856830023229,43090,0.901,"Load=0.901 N, t=43090 ms"
1,2026-01-11T00:46:51.555595,46.088551700115204,43100,0.962,"Load=0.962 N, t=43100 ms"
1,2026-01-11T00:46:51.564688,46.097644600085914,43110,0.9,"Load=0.900 N, t=43110 ms"
1,2026-01-11T00:46:51.574823,46.10777929984033,43120,1.022,"Load=1.022 N, t=43120 ms"
1,2026-01-11T00:46:51.584540,46.11749600060284,43130,0.799,"Load=0.799 N, t=43130 ms"
1,2026-01-11T00:46:51.594564,46.12752000056207,43140,0.99,"Load=0.990 N, t=43140 ms"
1,2026-01-11T00:46:51.605497,46.1384537005797,43150,1.234,"Load=1.234 N, t=43150 ms"
1,2026-01-11T00:46:51.615644,46.148600599728525,43160,0.921,"Load=0.921 N, t=43160 ms"
1,2026-01-11T00:46:51.625584,46.15853979997337,43170,1.199,"Load=1.199 N, t=43170 ms"
1,2026-01-11T00:46:51.635563,46.168519500643015,43180,0.988,"Load=0.988 N, t=43180 ms"
1,2026-01-11T00:46:51.644533,46.17748980037868,43190,1.086,"Load=1.086 N, t=43190 ms"
1,2026-01-11T00:46:51.654654,46.18761020060629,43200,1.169,"Load=1.169 N, t=43200 ms"
1,2026-01-11T00:46:51.665569,46.19852520059794,43210,1.079,"Load=1.079 N, t=43210 ms"
1,2026-01-11T00:46:51.675555,46.20851150061935,43220,0.827,"Load=0.827 N, t=43220 ms"
1,2026-01-11T00:46:51.685569,46.21852529980242,43230,0.91,"Load=0.910 N, t=43230 ms"
1,2026-01-11T00:46:51.695732,46.22868810035288,43240,0.947,"Load=0.947 N, t=43240 ms"
1,2026-01-11T00:46:51.705702,46.23865820001811,43250,1.192,"Load=1.192 N, t=43250 ms"
1,2026-01-11T00:46:51.714544,46.247500699944794,43260,0.882,"Load=0.882 N, t=43260 ms"
1,2026-01-11T00:46:51.725573,46.25852739997208,43270,0.859,"Load=0.859 N, t=43270 ms"
1,2026-01-11T00:46:51.735748,46.268704700283706,43280,1.05,"Load=1.050 N, t=43280 ms"
1,2026-01-11T00:46:51.745542,46.2784983003512,43290,0.928,"Load=0.928 N, t=43290 ms"
1,2026-01-11T00:46:51.755726,46.28868199978024,43300,1.068,"Load=1.068 N, t=43300 ms"
1,2026-01-11T00:46:51.765609,46.29856470040977,43310,1.6,"Load=1.600 N, t=43310 ms"
1,2026-01-11T00:46:51.775576,46.30853320006281,43320,0.892,"Load=0.892 N, t=43320 ms"
1,2026-01-11T00:46:51.785624,46.31857950054109,43330,0.86,"Load=0.860 N, t=43330 ms"
1,2026-01-11T00:46:51.795602,46.3285579001531,43340,1.114,"Load=1.114 N, t=43340 ms"
1,2026-01-11T00:46:51.805606,46.338562400080264,43350,1.084,"Load=1.084 N, t=43350 ms"
1,2026-01-11T00:46:51.815636,46.34859190043062,43360,0.913,"Load=0.913 N, t=43360 ms"
1,2026-01-11T00:46:51.825620,46.35857640020549,43370,0.833,"Load=0.833 N, t=43370 ms"
1,2026-01-11T00:46:51.835551,46.36850749980658,43380,0.806,"Load=0.806 N, t=43380 ms"
1,2026-01-11T00:46:51.845551,46.37850680015981,43390,0.846,"Load=0.846 N, t=43390 ms"
1,2026-01-11T00:46:51.855585,46.38854070007801,43400,0.926,"Load=0.926 N, t=43400 ms"
1,2026-01-11T00:46:51.865652,46.39860790036619,43410,0.864,"Load=0.864 N, t=43410 ms"
1,2026-01-11T00:46:51.875634,46.40859050024301,43420,0.923,"Load=0.923 N, t=43420 ms"
1,2026-01-11T00:46:51.885633,46.41858980059624,43430,1.21,"Load=1.210 N, t=43430 ms"
1,2026-01-11T00:46:51.895503,46.428459900431335,43440,0.685,"Load=0.685 N, t=43440 ms"
1,2026-01-11T00:46:51.905605,46.43856030050665,43450,1.079,"Load=1.079 N, t=43450 ms"
1,2026-01-11T00:46:51.915559,46.44851499982178,43460,1.107,"Load=1.107 N, t=43460 ms"
1,2026-01-11T00:46:51.925667,46.45862350054085,43470,0.957,"Load=0.957 N, t=43470 ms"
1,2026-01-11T00:46:51.935627,46.46858299989253,43480,0.887,"Load=0.887 N, t=43480 ms"
1,2026-01-11T00:46:51.945641,46.47859700024128,43490,0.783,"Load=0.783 N, t=43490 ms"
1,2026-01-11T00:46:51.956425,46.489380800165236,43500,0.901,"Load=0.901 N, t=43500 ms"
1,2026-01-11T00:46:51.965608,46.49856420047581,43510,0.998,"Load=0.998 N, t=43510 ms"
1,2026-01-11T00:46:51.975720,46.50867629982531,43520,0.931,"Load=0.931 N, t=43520 ms"
1,2026-01-11T00:46:51.985674,46.51863020006567,43530,0.871,"Load=0.871 N, t=43530 ms"
1,2026-01-11T00:46:51.995599,46.52855550032109,43540,0.892,"Load=0.892 N, t=43540 ms"
1,2026-01-11T00:46:52.005559,46.53851530048996,43550,0.85,"Load=0.850 N, t=43550 ms"
1,2026-01-11T00:46:52.016626,46.54958170000464,43560,0.802,"Load=0.802 N, t=43560 ms"
1,2026-01-11T00:46:52.026522,46.55947140045464,43570,1.058,"Load=1.058 N, t=43570 ms"
1,2026-01-11T00:46:52.036569,46.56952500063926,43580,0.864,"Load=0.864 N, t=43580 ms"
1,2026-01-11T00:46:52.045594,46.578550700098276,43590,1.412,"Load=1.412 N, t=43590 ms"
1,2026-01-11T00:46:52.055675,46.58863089978695,43600,0.869,"Load=0.869 N, t=43600 ms"
1,2026-01-11T00:46:52.065670,46.598626400344074,43610,0.998,"Load=0.998 N, t=43610 ms"
1,2026-01-11T00:46:52.076550,46.60950590018183,43620,0.954,"Load=0.954 N, t=43620 ms"
1,2026-01-11T00:46:52.086598,46.61955490056425,43630,0.974,"Load=0.974 N, t=43630 ms"
1,2026-01-11T00:46:52.096455,46.6294106002897,43640,0.936,"Load=0.936 N, t=43640 ms"
1,2026-01-11T00:46:52.106575,46.63953119982034,43650,1.053,"Load=1.053 N, t=43650 ms"
1,2026-01-11T00:46:52.116560,46.649516000412405,43660,0.918,"Load=0.918 N, t=43660 ms"
1,2026-01-11T00:46:52.125673,46.65862870030105,43670,1.045,"Load=1.045 N, t=43670 ms"
1,2026-01-11T00:46:52.136562,46.669518100097775,43680,0.91,"Load=0.910 N, t=43680 ms"
1,2026-01-11T00:46:52.146501,46.67945719975978,43690,0.78,"Load=0.780 N, t=43690 ms"
1,2026-01-11T00:46:52.156495,46.68945110030472,43700,0.949,"Load=0.949 N, t=43700 ms"
1,2026-01-11T00:46:52.166467,46.69942320045084,43710,1.091,"Load=1.091 N, t=43710 ms"
1,2026-01-11T00:46:52.176486,46.709442500025034,43720,1.233,"Load=1.233 N, t=43720 ms"
1,2026-01-11T00:46:52.186477,46.71943289972842,43730,0.988,"Load=0.988 N, t=43730 ms"
1,2026-01-11T00:46:52.196675,46.729630700312555,43740,1.39,"Load=1.390 N, t=43740 ms"
1,2026-01-11T00:46:52.206674,46.73962790053338,43750,0.972,"Load=0.972 N, t=43750 ms"
1,2026-01-11T00:46:52.216735,46.74969090055674,43760,0.926,"Load=0.926 N, t=43760 ms"
1,2026-01-11T00:46:52.226790,46.75974570028484,43770,1.2,"Load=1.200 N, t=43770 ms"
1,2026-01-11T00:46:52.236600,46.76955580059439,43780,0.916,"Load=0.916 N, t=43780 ms"
1,2026-01-11T00:46:52.246461,46.779417200013995,43790,0.848,"Load=0.848 N, t=43790 ms"
1,2026-01-11T00:46:52.256634,46.7895894004032,43800,0.949,"Load=0.949 N, t=43800 ms"
1,2026-01-11T00:46:52.266646,46.799602599814534,43810,1.001,"Load=1.001 N, t=43810 ms"
1,2026-01-11T00:46:52.276580,46.80953640025109,43820,1.143,"Load=1.143 N, t=43820 ms"
1,2026-01-11T00:46:52.286612,46.81956750061363,43830,1.031,"Load=1.031 N, t=43830 ms"
1,2026-01-11T00:46:52.296546,46.82950160000473,43840,0.913,"Load=0.913 N, t=43840 ms"
1,2026-01-11T00:46:52.306660,46.839616199955344,43850,0.954,"Load=0.954 N, t=43850 ms"
1,2026-01-11T00:46:52.316544,46.84949939977378,43860,0.975,"Load=0.975 N, t=43860 ms"
1,2026-01-11T00:46:52.326505,46.85946059972048,43870,0.98,"Load=0.980 N, t=43870 ms"
1,2026-01-11T00:46:52.336620,46.86957550048828,43880,1.06,"Load=1.060 N, t=43880 ms"
1,2026-01-11T00:46:52.346608,46.879563599824905,43890,0.887,"Load=0.887 N, t=43890 ms"
1,2026-01-11T00:46:52.356781,46.889736199751496,43900,1.011,"Load=1.011 N, t=43900 ms"
1,2026-01-11T00:46:52.366638,46.89959410019219,43910,0.957,"Load=0.957 N, t=43910 ms"
1,2026-01-11T00:46:52.376694,46.90964880026877,43920,1.107,"Load=1.107 N, t=43920 ms"
1,2026-01-11T00:46:52.386658,46.91961370036006,43930,0.931,"Load=0.931 N, t=43930 ms"
1,2026-01-11T00:46:52.396800,46.9297568006441,43940,0.882,"Load=0.882 N, t=43940 ms"
1,2026-01-11T00:46:52.406616,46.93957140017301,43950,0.98,"Load=0.980 N, t=43950 ms"
1,2026-01-11T00:46:52.416634,46.94959000032395,43960,0.905,"Load=0.905 N, t=43960 ms"
1,2026-01-11T00:46:52.426622,46.959577799774706,43970,0.954,"Load=0.954 N, t=43970 ms"
1,2026-01-11T00:46:52.437567,46.97052210010588,43980,1.004,"Load=1.004 N, t=43980 ms"
1,2026-01-11T00:46:52.446666,46.97962260060012,43990,1.053,"Load=1.053 N, t=43990 ms"
1,2026-01-11T00:46:52.456607,46.9895632006228,44000,1.006,"Load=1.006 N, t=44000 ms"
1,2026-01-11T00:46:52.467207,47.000163400545716,44010,1.223,"Load=1.223 N, t=44010 ms"
1,2026-01-11T00:46:52.476681,47.009636900387704,44020,1.088,"Load=1.088 N, t=44020 ms"
1,2026-01-11T00:46:52.486751,47.019707600586116,44030,0.856,"Load=0.856 N, t=44030 ms"
1,2026-01-11T00:46:52.497663,47.03061209991574,44040,1.122,"Load=1.122 N, t=44040 ms"
1,2026-01-11T00:46:52.507549,47.040505200624466,44050,1.213,"Load=1.213 N, t=44050 ms"
1,2026-01-11T00:46:52.517545,47.05050029978156,44060,0.843,"Load=0.843 N, t=44060 ms"
1,2026-01-11T00:46:52.526571,47.05952680017799,44070,0.755,"Load=0.755 N, t=44070 ms"
1,2026-01-11T00:46:52.536677,47.0696330005303,44080,0.952,"Load=0.952 N, t=44080 ms"
1,2026-01-11T00:46:52.546670,47.079626800492406,44090,1.05,"Load=1.050 N, t=44090 ms"
1,2026-01-11T00:46:52.557586,47.090542300604284,44100,0.946,"Load=0.946 N, t=44100 ms"
1,2026-01-11T00:46:52.567616,47.10057200025767,44110,0.952,"Load=0.952 N, t=44110 ms"
1,2026-01-11T00:46:52.577608,47.11056450009346,44120,0.887,"Load=0.887 N, t=44120 ms"
1,2026-01-11T00:46:52.587562,47.12051760032773,44130,0.949,"Load=0.949 N, t=44130 ms"
1,2026-01-11T00:46:52.596682,47.129637400619686,44140,0.854,"Load=0.854 N, t=44140 ms"
1,2026-01-11T00:46:52.606537,47.13949269987643,44150,0.975,"Load=0.975 N, t=44150 ms"
1,2026-01-11T00:46:52.617774,47.15072999987751,44160,0.944,"Load=0.944 N, t=44160 ms"
1,2026-01-11T00:46:52.627601,47.160556400194764,44170,1.029,"Load=1.029 N, t=44170 ms"
1,2026-01-11T00:46:52.637534,47.170489500276744,44180,0.939,"Load=0.939 N, t=44180 ms"
1,2026-01-11T00:46:52.647598,47.18055390007794,44190,0.796,"Load=0.796 N, t=44190 ms"
1,2026-01-11T00:46:52.657493,47.19044889975339,44200,1.107,"Load=1.107 N, t=44200 ms"
1,2026-01-11T00:46:52.667505,47.20046070031822,44210,1.016,"Load=1.016 N, t=44210 ms"
1,2026-01-11T00:46:52.677664,47.2106194999069,44220,0.887,"Load=0.887 N, t=44220 ms"
1,2026-01-11T00:46:52.687507,47.22046309988946,44230,0.926,"Load=0.926 N, t=44230 ms"
1,2026-01-11T00:46:52.697686,47.230640600435436,44240,1.034,"Load=1.034 N, t=44240 ms"
1,2026-01-11T00:46:52.707519,47.24047430045903,44250,1.073,"Load=1.073 N, t=44250 ms"
1,2026-01-11T00:46:52.717524,47.25047910027206,44260,1.027,"Load=1.027 N, t=44260 ms"
1,2026-01-11T00:46:52.727571,47.26052680052817,44270,0.975,"Load=0.975 N, t=44270 ms"
1,2026-01-11T00:46:52.737670,47.2706260997802,44280,1.076,"Load=1.076 N, t=44280 ms"
1,2026-01-11T00:46:52.747528,47.28048459999263,44290,0.946,"Load=0.946 N, t=44290 ms"
1,2026-01-11T00:46:52.757644,47.29059880040586,44300,0.978,"Load=0.978 N, t=44300 ms"
1,2026-01-11T00:46:52.767632,47.30058730021119,44310,0.882,"Load=0.882 N, t=44310 ms"
1,2026-01-11T00:46:52.777557,47.310513500124216,44320,1.027,"Load=1.027 N, t=44320 ms"
1,2026-01-11T00:46:52.787674,47.32062999997288,44330,0.797,"Load=0.797 N, t=44330 ms"
1,2026-01-11T00:46:52.797667,47.33062169980258,44340,1.068,"Load=1.068 N, t=44340 ms"
1,2026-01-11T00:46:52.807671,47.34062690008432,44350,1.221,"Load=1.221 N, t=44350 ms"
1,2026-01-11T00:46:52.817678,47.35063329990953,44360,0.799,"Load=0.799 N, t=44360 ms"
1,2026-01-11T00:46:52.827578,47.36053359974176,44370,0.884,"Load=0.884 N, t=44370 ms"
1,2026-01-11T00:46:52.837485,47.370440900325775,44380,0.975,"Load=0.975 N, t=44380 ms"
1,2026-01-11T00:46:52.847677,47.38063229992986,44390,0.872,"Load=0.872 N, t=44390 ms"
1,2026-01-11T00:46:52.857675,47.390631600283086,44400,1.099,"Load=1.099 N, t=44400 ms"
1,2026-01-11T00:46:52.867669,47.40062499977648,44410,1.13,"Load=1.130 N, t=44410 ms"
1,2026-01-11T00:46:52.877661,47.4106167005375,44420,1.194,"Load=1.194 N, t=44420 ms"
1,2026-01-11T00:46:52.887614,47.42056880053133,44430,1.07,"Load=1.070 N, t=44430 ms"
1,2026-01-11T00:46:52.897649,47.43060400057584,44440,1.119,"Load=1.119 N, t=44440 ms"
1,2026-01-11T00:46:52.908543,47.44149800017476,44450,1.244,"Load=1.244 N, t=44450 ms"
1,2026-01-11T00:46:52.917752,47.450707600452006,44460,0.918,"Load=0.918 N, t=44460 ms"
1,2026-01-11T00:46:52.927496,47.46045180037618,44470,0.871,"Load=0.871 N, t=44470 ms"
1,2026-01-11T00:46:52.937641,47.47059669997543,44480,1.026,"Load=1.026 N, t=44480 ms"
1,2026-01-11T00:46:52.947524,47.48047970049083,44490,0.939,"Load=0.939 N, t=44490 ms"
1,2026-01-11T00:46:52.957535,47.49049079976976,44500,1.093,"Load=1.093 N, t=44500 ms"
1,2026-01-11T00:46:52.968443,47.501398799940944,44510,0.985,"Load=0.985 N, t=44510 ms"
1,2026-01-11T00:46:52.978488,47.51144350040704,44520,0.99,"Load=0.990 N, t=44520 ms"
1,2026-01-11T00:46:52.988538,47.521492700092494,44530,1.115,"Load=1.115 N, t=44530 ms"
1,2026-01-11T00:46:52.997617,47.530561099760234,44540,1.076,"Load=1.076 N, t=44540 ms"
1,2026-01-11T00:46:53.007638,47.540593000128865,44550,1.259,"Load=1.259 N, t=44550 ms"
1,2026-01-11T00:46:53.017773,47.55072860047221,44560,1.127,"Load=1.127 N, t=44560 ms"
1,2026-01-11T00:46:53.028472,47.561427500098944,44570,1.037,"Load=1.037 N, t=44570 ms"
1,2026-01-11T00:46:53.038670,47.57162620034069,44580,0.789,"Load=0.789 N, t=44580 ms"
1,2026-01-11T00:46:53.048626,47.58158170059323,44590,0.946,"Load=0.946 N, t=44590 ms"
1,2026-01-11T00:46:53.058510,47.59146580006927,44600,1.029,"Load=1.029 N, t=44600 ms"
1,2026-01-11T00:46:53.067701,47.600656299851835,44610,1.037,"Load=1.037 N, t=44610 ms"
1,2026-01-11T00:46:53.077497,47.61045190040022,44620,1.084,"Load=1.084 N, t=44620 ms"
1,2026-01-11T00:46:53.088566,47.62152130063623,44630,0.85,"Load=0.850 N, t=44630 ms"
1,2026-01-11T00:46:53.098496,47.63145160023123,44640,1.585,"Load=1.585 N, t=44640 ms"
1,2026-01-11T00:46:53.108625,47.641580699943006,44650,1.228,"Load=1.228 N, t=44650 ms"
1,2026-01-11T00:46:53.118849,47.65180409979075,44660,0.925,"Load=0.925 N, t=44660 ms"
1,2026-01-11T00:46:53.128727,47.66168210003525,44670,0.947,"Load=0.947 N, t=44670 ms"
1,2026-01-11T00:46:53.138709,47.67166480049491,44680,1.076,"Load=1.076 N, t=44680 ms"
1,2026-01-11T00:46:53.148733,47.68168930057436,44690,1.093,"Load=1.093 N, t=44690 ms"
1,2026-01-11T00:46:53.158738,47.69169360026717,44700,1.06,"Load=1.060 N, t=44700 ms"
1,2026-01-11T00:46:53.168587,47.701542399823666,44710,1.161,"Load=1.161 N, t=44710 ms"
1,2026-01-11T00:46:53.178753,47.71170820016414,44720,0.934,"Load=0.934 N, t=44720 ms"
1,2026-01-11T00:46:53.188737,47.72169280052185,44730,1.094,"Load=1.094 N, t=44730 ms"
1,2026-01-11T00:46:53.198475,47.73143019992858,44740,1.156,"Load=1.156 N, t=44740 ms"
1,2026-01-11T00:46:53.208630,47.74158550053835,44750,1.107,"Load=1.107 N, t=44750 ms"
1,2026-01-11T00:46:53.218630,47.75158559996635,44760,1.313,"Load=1.313 N, t=44760 ms"
1,2026-01-11T00:46:53.228635,47.76159039977938,44770,0.734,"Load=0.734 N, t=44770 ms"
1,2026-01-11T00:46:53.238762,47.77171749994159,44780,0.972,"Load=0.972 N, t=44780 ms"
1,2026-01-11T00:46:53.248498,47.78145339991897,44790,0.996,"Load=0.996 N, t=44790 ms"
1,2026-01-11T00:46:53.258606,47.79156129993498,44800,1.106,"Load=1.106 N, t=44800 ms"
1,2026-01-11T00:46:53.268587,47.8015413004905,44810,0.994,"Load=0.994 N, t=44810 ms"
1,2026-01-11T00:46:53.278559,47.81151430029422,44820,1.076,"Load=1.076 N, t=44820 ms"
1,2026-01-11T00:46:53.288559,47.821514000184834,44830,1.228,"Load=1.228 N, t=44830 ms"
1,2026-01-11T00:46:53.298639,47.83159410022199,44840,1.164,"Load=1.164 N, t=44840 ms"
1,2026-01-11T00:46:53.308588,47.84154330007732,44850,1.055,"Load=1.055 N, t=44850 ms"
1,2026-01-11T00:46:53.318513,47.851467800326645,44860,0.806,"Load=0.806 N, t=44860 ms"
1,2026-01-11T00:46:53.328672,47.861627800390124,44870,1.127,"Load=1.127 N, t=44870 ms"
1,2026-01-11T00:46:53.338542,47.87149760033935,44880,0.887,"Load=0.887 N, t=44880 ms"
1,2026-01-11T00:46:53.348655,47.88161000050604,44890,1.181,"Load=1.181 N, t=44890 ms"
1,2026-01-11T00:46:53.358577,47.89153140038252,44900,1.102,"Load=1.102 N, t=44900 ms"
1,2026-01-11T00:46:53.368769,47.90172430034727,44910,0.954,"Load=0.954 N, t=44910 ms"
1,2026-01-11T00:46:53.378610,47.9115653000772,44920,1.034,"Load=1.034 N, t=44920 ms"
1,2026-01-11T00:46:53.388630,47.92158589977771,44930,1.009,"Load=1.009 N, t=44930 ms"
1,2026-01-11T00:46:53.398650,47.931605599820614,44940,1.38,"Load=1.380 N, t=44940 ms"
1,2026-01-11T00:46:53.408630,47.9415846997872,44950,1.226,"Load=1.226 N, t=44950 ms"
1,2026-01-11T00:46:53.418658,47.95161360036582,44960,1.04,"Load=1.040 N, t=44960 ms"
1,2026-01-11T00:46:53.428663,47.96161810029298,44970,1.422,"Load=1.422 N, t=44970 ms"
1,2026-01-11T00:46:53.438647,47.97160270065069,44980,1.112,"Load=1.112 N, t=44980 ms"
1,2026-01-11T00:46:53.448516,47.98147120047361,44990,1.237,"Load=1.237 N, t=44990 ms"
1,2026-01-11T00:46:53.458806,47.9917608005926,45000,0.895,"Load=0.895 N, t=45000 ms"
1,2026-01-11T00:46:53.468848,48.00180339999497,45010,1.024,"Load=1.024 N, t=45010 ms"
1,2026-01-11T00:46:53.478500,48.01145480014384,45020,0.931,"Load=0.931 N, t=45020 ms"
1,2026-01-11T00:46:53.488757,48.02171230036765,45030,0.882,"Load=0.882 N, t=45030 ms"
1,2026-01-11T00:46:53.498587,48.031542300246656,45040,1.06,"Load=1.060 N, t=45040 ms"
1,2026-01-11T00:46:53.509427,48.042382299900055,45050,1.04,"Load=1.040 N, t=45050 ms"
1,2026-01-11T00:46:53.518657,48.05161240044981,45060,1.176,"Load=1.176 N, t=45060 ms"
1,2026-01-11T00:46:53.528652,48.061606800183654,45070,0.977,"Load=0.977 N, t=45070 ms"
1,2026-01-11T00:46:53.538657,48.07161180023104,45080,1.032,"Load=1.032 N, t=45080 ms"
1,2026-01-11T00:46:53.548640,48.08159480057657,45090,1.034,"Load=1.034 N, t=45090 ms"
1,2026-01-11T00:46:53.558482,48.091436699964106,45100,1.011,"Load=1.011 N, t=45100 ms"
1,2026-01-11T00:46:53.569584,48.10253829974681,45110,1.006,"Load=1.006 N, t=45110 ms"
1,2026-01-11T00:46:53.579502,48.11245710030198,45120,1.345,"Load=1.345 N, t=45120 ms"
1,2026-01-11T00:46:53.588607,48.12156300060451,45130,0.936,"Load=0.936 N, t=45130 ms"
1,2026-01-11T00:46:53.598712,48.13166690059006,45140,1.106,"Load=1.106 N, t=45140 ms"
1,2026-01-11T00:46:53.608722,48.14167769998312,45150,0.972,"Load=0.972 N, t=45150 ms"
1,2026-01-11T00:46:53.618570,48.15152500011027,45160,0.959,"Load=0.959 N, t=45160 ms"
1,2026-01-11T00:46:53.629503,48.16245820000768,45170,1.203,"Load=1.203 N, t=45170 ms"
1,2026-01-11T00:46:53.639602,48.17255670018494,45180,0.941,"Load=0.941 N, t=45180 ms"
1,2026-01-11T00:46:53.649513,48.18246749974787,45190,1.029,"Load=1.029 N, t=45190 ms"
1,2026-01-11T00:46:53.658588,48.19154269993305,45200,0.9,"Load=0.900 N, t=45200 ms"
1,2026-01-11T00:46:53.669036,48.20199150033295,45210,1.195,"Load=1.195 N, t=45210 ms"
1,2026-01-11T00:46:53.678668,48.21162400022149,45220,0.879,"Load=0.879 N, t=45220 ms"
1,2026-01-11T00:46:53.689635,48.22259010002017,45230,1.218,"Load=1.218 N, t=45230 ms"
1,2026-01-11T00:46:53.699608,48.23256300017238,45240,0.936,"Load=0.936 N, t=45240 ms"
1,2026-01-11T00:46:53.709735,48.24268969986588,45250,1.161,"Load=1.161 N, t=45250 ms"
1,2026-01-11T00:46:53.719543,48.25249760039151,45260,1.146,"Load=1.146 N, t=45260 ms"
1,2026-01-11T00:46:53.729451,48.26240549981594,45270,0.975,"Load=0.975 N, t=45270 ms"
1,2026-01-11T00:46:53.738680,48.2716356003657,45280,1.097,"Load=1.097 N, t=45280 ms"
1,2026-01-11T00:46:53.749485,48.28243890032172,45290,0.908,"Load=0.908 N, t=45290 ms"
1,2026-01-11T00:46:53.759494,48.29244890064001,45300,1.231,"Load=1.231 N, t=45300 ms"
1,2026-01-11T00:46:53.769614,48.30256940051913,45310,1.208,"Load=1.208 N, t=45310 ms"
1,2026-01-11T00:46:53.779548,48.31250299979001,45320,1.135,"Load=1.135 N, t=45320 ms"
1,2026-01-11T00:46:53.789485,48.32244039978832,45330,1.156,"Load=1.156 N, t=45330 ms"
1,2026-01-11T00:46:53.799628,48.33258329983801,45340,1.311,"Load=1.311 N, t=45340 ms"
1,2026-01-11T00:46:53.809613,48.34256760030985,45350,1.093,"Load=1.093 N, t=45350 ms"
1,2026-01-11T00:46:53.819479,48.352433799766004,45360,1.135,"Load=1.135 N, t=45360 ms"
1,2026-01-11T00:46:53.829810,48.36276530008763,45370,0.972,"Load=0.972 N, t=45370 ms"
1,2026-01-11T00:46:53.839501,48.37245560064912,45380,0.944,"Load=0.944 N, t=45380 ms"
1,2026-01-11T00:46:53.849621,48.38257570005953,45390,1.161,"Load=1.161 N, t=45390 ms"
1,2026-01-11T00:46:53.859666,48.39262109994888,45400,1.573,"Load=1.573 N, t=45400 ms"
1,2026-01-11T00:46:53.870111,48.40306690055877,45410,1.014,"Load=1.014 N, t=45410 ms"
1,2026-01-11T00:46:53.879653,48.41260730009526,45420,1.182,"Load=1.182 N, t=45420 ms"
1,2026-01-11T00:46:53.889650,48.42260519973934,45430,1.166,"Load=1.166 N, t=45430 ms"
1,2026-01-11T00:46:53.899563,48.43251879978925,45440,1.12,"Load=1.120 N, t=45440 ms"
1,2026-01-11T00:46:53.909602,48.44255689997226,45450,1.096,"Load=1.096 N, t=45450 ms"
1,2026-01-11T00:46:53.919470,48.45242500025779,45460,1.022,"Load=1.022 N, t=45460 ms"
1,2026-01-11T00:46:53.929635,48.46258900035173,45470,1.088,"Load=1.088 N, t=45470 ms"
1,2026-01-11T00:46:53.939628,48.47258340008557,45480,1.213,"Load=1.213 N, t=45480 ms"
1,2026-01-11T00:46:53.949625,48.4825798003003,45490,1.06,"Load=1.060 N, t=45490 ms"
1,2026-01-11T00:46:53.959626,48.492581400088966,45500,1.138,"Load=1.138 N, t=45500 ms"
1,2026-01-11T00:46:53.969581,48.50253610033542,45510,1.117,"Load=1.117 N, t=45510 ms"
1,2026-01-11T00:46:53.979579,48.5125344004482,45520,1.186,"Load=1.186 N, t=45520 ms"
1,2026-01-11T00:46:53.989697,48.52265190053731,45530,1.023,"Load=1.023 N, t=45530 ms"
1,2026-01-11T00:46:54.000500,48.53345470037311,45540,1.104,"Load=1.104 N, t=45540 ms"
1,2026-01-11T00:46:54.009497,48.54245220031589,45550,1.43,"Load=1.430 N, t=45550 ms"
1,2026-01-11T00:46:54.019610,48.55256440024823,45560,1.032,"Load=1.032 N, t=45560 ms"
1,2026-01-11T00:46:54.029502,48.562457400374115,45570,1.709,"Load=1.709 N, t=45570 ms"
1,2026-01-11T00:46:54.040544,48.57349930051714,45580,1.17,"Load=1.170 N, t=45580 ms"
1,2026-01-11T00:46:54.049679,48.58263440057635,45590,1.104,"Load=1.104 N, t=45590 ms"
1,2026-01-11T00:46:54.059559,48.592514500021935,45600,1.275,"Load=1.275 N, t=45600 ms"
1,2026-01-11T00:46:54.069540,48.60249469988048,45610,0.977,"Load=0.977 N, t=45610 ms"
1,2026-01-11T00:46:54.079509,48.612464000470936,45620,1.091,"Load=1.091 N, t=45620 ms"
1,2026-01-11T00:46:54.089610,48.62256550043821,45630,1.068,"Load=1.068 N, t=45630 ms"
1,2026-01-11T00:46:54.099670,48.63262439984828,45640,1.097,"Load=1.097 N, t=45640 ms"
1,2026-01-11T00:46:54.110565,48.643519599922,45650,1.062,"Load=1.062 N, t=45650 ms"
1,2026-01-11T00:46:54.119642,48.65259680058807,45660,1.399,"Load=1.399 N, t=45660 ms"
1,2026-01-11T00:46:54.129592,48.662546900101006,45670,1.021,"Load=1.021 N, t=45670 ms"
1,2026-01-11T00:46:54.139599,48.67255409993231,45680,1.14,"Load=1.140 N, t=45680 ms"
1,2026-01-11T00:46:54.149592,48.682546900585294,45690,1.275,"Load=1.275 N, t=45690 ms"
1,2026-01-11T00:46:54.159693,48.69264790043235,45700,0.938,"Load=0.938 N, t=45700 ms"
1,2026-01-11T00:46:54.170605,48.7035595998168,45710,1.217,"Load=1.217 N, t=45710 ms"
1,2026-01-11T00:46:54.180608,48.713563499972224,45720,1.161,"Load=1.161 N, t=45720 ms"
1,2026-01-11T00:46:54.190448,48.72340350039303,45730,1.068,"Load=1.068 N, t=45730 ms"
1,2026-01-11T00:46:54.199598,48.73255200032145,45740,1.122,"Load=1.122 N, t=45740 ms"
1,2026-01-11T00:46:54.209809,48.74265540018678,45750,1.259,"Load=1.259 N, t=45750 ms"
1,2026-01-11T00:46:54.219593,48.752548600547016,45760,1.21,"Load=1.210 N, t=45760 ms"
1,2026-01-11T00:46:54.230605,48.76355910021812,45770,1.237,"Load=1.237 N, t=45770 ms"
1,2026-01-11T00:46:54.240625,48.773579800501466,45780,0.962,"Load=0.962 N, t=45780 ms"
1,2026-01-11T00:46:54.250442,48.783396400511265,45790,1.308,"Load=1.308 N, t=45790 ms"
1,2026-01-11T00:46:54.260542,48.79349660035223,45800,0.741,"Load=0.741 N, t=45800 ms"
1,2026-01-11T00:46:54.269685,48.802639899775386,45810,1.158,"Load=1.158 N, t=45810 ms"
1,2026-01-11T00:46:54.280449,48.81340380012989,45820,0.959,"Load=0.959 N, t=45820 ms"
1,2026-01-11T00:46:54.290566,48.823521099984646,45830,1.205,"Load=1.205 N, t=45830 ms"
1,2026-01-11T00:46:54.300632,48.83358720038086,45840,0.915,"Load=0.915 N, t=45840 ms"
1,2026-01-11T00:46:54.310541,48.843496300280094,45850,0.959,"Load=0.959 N, t=45850 ms"
1,2026-01-11T00:46:54.320745,48.85369969997555,45860,0.98,"Load=0.980 N, t=45860 ms"
1,2026-01-11T00:46:54.330705,48.863660200499,45870,1.311,"Load=1.311 N, t=45870 ms"
1,2026-01-11T00:46:54.340515,48.873469799757004,45880,1.192,"Load=1.192 N, t=45880 ms"
1,2026-01-11T00:46:54.350771,48.88372530043125,45890,1.115,"Load=1.115 N, t=45890 ms"
1,2026-01-11T00:46:54.360653,48.89360770024359,45900,1.202,"Load=1.202 N, t=45900 ms"
1,2026-01-11T00:46:54.370623,48.90357830002904,45910,1.197,"Load=1.197 N, t=45910 ms"
1,2026-01-11T00:46:54.380443,48.9133972004056,45920,1.575,"Load=1.575 N, t=45920 ms"
1,2026-01-11T00:46:54.390441,48.92339630052447,45930,1.058,"Load=1.058 N, t=45930 ms"
1,2026-01-11T00:46:54.400457,48.93341120053083,45940,1.063,"Load=1.063 N, t=45940 ms"
1,2026-01-11T00:46:54.410578,48.94353250041604,45950,1.117,"Load=1.117 N, t=45950 ms"
1,2026-01-11T00:46:54.420646,48.95360090024769,45960,1.122,"Load=1.122 N, t=45960 ms"
1,2026-01-11T00:46:54.430651,48.96360650006682,45970,1.195,"Load=1.195 N, t=45970 ms"
1,2026-01-11T00:46:54.440586,48.97354090027511,45980,1.075,"Load=1.075 N, t=45980 ms"
1,2026-01-11T00:46:54.450498,48.98345279973,45990,0.982,"Load=0.982 N, t=45990 ms"
1,2026-01-11T00:46:54.460717,48.99367200024426,46000,1.306,"Load=1.306 N, t=46000 ms"
1,2026-01-11T00:46:54.470560,49.003515500575304,46010,1.076,"Load=1.076 N, t=46010 ms"
1,2026-01-11T00:46:54.480591,49.01354490034282,46020,1.223,"Load=1.223 N, t=46020 ms"
1,2026-01-11T00:46:54.490606,49.0235603004694,46030,1.177,"Load=1.177 N, t=46030 ms"
1,2026-01-11T00:46:54.500560,49.033514600247145,46040,1.166,"Load=1.166 N, t=46040 ms"
1,2026-01-11T00:46:54.510479,49.04343300033361,46050,1.067,"Load=1.067 N, t=46050 ms"
1,2026-01-11T00:46:54.520615,49.05356950033456,46060,1.215,"Load=1.215 N, t=46060 ms"
1,2026-01-11T00:46:54.530560,49.06351470015943,46070,1.071,"Load=1.071 N, t=46070 ms"
1,2026-01-11T00:46:54.540550,49.073504799976945,46080,0.98,"Load=0.980 N, t=46080 ms"
1,2026-01-11T00:46:54.550673,49.0836283005774,46090,1.192,"Load=1.192 N, t=46090 ms"
1,2026-01-11T00:46:54.560657,49.09361159987748,46100,1.202,"Load=1.202 N, t=46100 ms"
1,2026-01-11T00:46:54.570735,49.1036894004792,46110,1.122,"Load=1.122 N, t=46110 ms"
1,2026-01-11T00:46:54.580589,49.11354340054095,46120,1.267,"Load=1.267 N, t=46120 ms"
1,2026-01-11T00:46:54.590722,49.12367710005492,46130,1.215,"Load=1.215 N, t=46130 ms"
1,2026-01-11T00:46:54.600790,49.13374510034919,46140,1.192,"Load=1.192 N, t=46140 ms"
1,2026-01-11T00:46:54.610653,49.14360830001533,46150,1.153,"Load=1.153 N, t=46150 ms"
1,2026-01-11T00:46:54.620565,49.153519900515676,46160,1.135,"Load=1.135 N, t=46160 ms"
1,2026-01-11T00:46:54.630439,49.16339370049536,46170,0.995,"Load=0.995 N, t=46170 ms"
1,2026-01-11T00:46:54.640629,49.17358379997313,46180,1.35,"Load=1.350 N, t=46180 ms"
1,2026-01-11T00:46:54.651457,49.184411600232124,46190,0.898,"Load=0.898 N, t=46190 ms"
1,2026-01-11T00:46:54.660708,49.19366290047765,46200,1.081,"Load=1.081 N, t=46200 ms"
1,2026-01-11T00:46:54.670607,49.203561699949205,46210,1.093,"Load=1.093 N, t=46210 ms"
1,2026-01-11T00:46:54.680679,49.2136340001598,46220,1.313,"Load=1.313 N, t=46220 ms"
1,2026-01-11T00:46:54.690602,49.22355640027672,46230,1.068,"Load=1.068 N, t=46230 ms"
1,2026-01-11T00:46:54.700631,49.2335852002725,46240,1.103,"Load=1.103 N, t=46240 ms"
1,2026-01-11T00:46:54.711498,49.244452900253236,46250,1.369,"Load=1.369 N, t=46250 ms"
1,2026-01-11T00:46:54.721708,49.254662400111556,46260,1.267,"Load=1.267 N, t=46260 ms"
1,2026-01-11T00:46:54.731489,49.2644432997331,46270,1.073,"Load=1.073 N, t=46270 ms"
1,2026-01-11T00:46:54.740733,49.27368700038642,46280,1.285,"Load=1.285 N, t=46280 ms"
1,2026-01-11T00:46:54.750515,49.283469600602984,46290,0.814,"Load=0.814 N, t=46290 ms"
1,2026-01-11T00:46:54.760576,49.29353000037372,46300,1.223,"Load=1.223 N, t=46300 ms"
1,2026-01-11T00:46:54.771646,49.30460060015321,46310,0.963,"Load=0.963 N, t=46310 ms"
1,2026-01-11T00:46:54.781594,49.314548700116575,46320,1.321,"Load=1.321 N, t=46320 ms"
1,2026-01-11T00:46:54.791679,49.32463330030441,46330,1.13,"Load=1.130 N, t=46330 ms"
1,2026-01-11T00:46:54.801604,49.33455860055983,46340,1.091,"Load=1.091 N, t=46340 ms"
1,2026-01-11T00:46:54.810624,49.34357910044491,46350,1.065,"Load=1.065 N, t=46350 ms"
1,2026-01-11T00:46:54.820609,49.35356270056218,46360,1.05,"Load=1.050 N, t=46360 ms"
1,2026-01-11T00:46:54.831643,49.364598399959505,46370,1.1,"Load=1.100 N, t=46370 ms"
1,2026-01-11T00:46:54.841610,49.374564399942756,46380,1.358,"Load=1.358 N, t=46380 ms"
1,2026-01-11T00:46:54.851616,49.384570700116456,46390,1.414,"Load=1.414 N, t=46390 ms"
1,2026-01-11T00:46:54.861503,49.39445760007948,46400,1.122,"Load=1.122 N, t=46400 ms"
1,2026-01-11T00:46:54.871469,49.40442350041121,46410,1.109,"Load=1.109 N, t=46410 ms"
1,2026-01-11T00:46:54.881524,49.41447830013931,46420,1.505,"Load=1.505 N, t=46420 ms"
1,2026-01-11T00:46:54.891531,49.42448499985039,46430,0.959,"Load=0.959 N, t=46430 ms"
1,2026-01-11T00:46:54.901568,49.43452259991318,46440,1.383,"Load=1.383 N, t=46440 ms"
1,2026-01-11T00:46:54.911633,49.44458719994873,46450,1.037,"Load=1.037 N, t=46450 ms"
1,2026-01-11T00:46:54.921496,49.45444990042597,46460,1.518,"Load=1.518 N, t=46460 ms"
1,2026-01-11T00:46:54.931537,49.464492100290954,46470,1.148,"Load=1.148 N, t=46470 ms"
1,2026-01-11T00:46:54.941482,49.47443629987538,46480,1.458,"Load=1.458 N, t=46480 ms"
1,2026-01-11T00:46:54.951555,49.48450880032033,46490,1.177,"Load=1.177 N, t=46490 ms"
1,2026-01-11T00:46:54.961519,49.49447340052575,46500,1.205,"Load=1.205 N, t=46500 ms"
1,2026-01-11T00:46:54.971515,49.50446920003742,46510,1.352,"Load=1.352 N, t=46510 ms"
1,2026-01-11T00:46:54.981590,49.5145447999239,46520,1.171,"Load=1.171 N, t=46520 ms"
1,2026-01-11T00:46:54.991635,49.52458950038999,46530,1.314,"Load=1.314 N, t=46530 ms"
1,2026-01-11T00:46:55.001549,49.534503400325775,46540,1.097,"Load=1.097 N, t=46540 ms"
1,2026-01-11T00:46:55.011666,49.54461910016835,46550,1.304,"Load=1.304 N, t=46550 ms"
1,2026-01-11T00:46:55.021660,49.554614200256765,46560,1.177,"Load=1.177 N, t=46560 ms"
1,2026-01-11T00:46:55.031581,49.56453560013324,46570,1.146,"Load=1.146 N, t=46570 ms"
1,2026-01-11T00:46:55.041652,49.57460669986904,46580,1.572,"Load=1.572 N, t=46580 ms"
1,2026-01-11T00:46:55.051519,49.5844732997939,46590,1.14,"Load=1.140 N, t=46590 ms"
1,2026-01-11T00:46:55.061541,49.59449429996312,46600,1.091,"Load=1.091 N, t=46600 ms"
1,2026-01-11T00:46:55.071537,49.604491299949586,46610,1.184,"Load=1.184 N, t=46610 ms"
1,2026-01-11T00:46:55.081664,49.6146188005805,46620,1.088,"Load=1.088 N, t=46620 ms"
1,2026-01-11T00:46:55.091639,49.624594000168145,46630,1.293,"Load=1.293 N, t=46630 ms"
1,2026-01-11T00:46:55.101653,49.6346072005108,46640,1.037,"Load=1.037 N, t=46640 ms"
1,2026-01-11T00:46:55.111693,49.64464689977467,46650,1.2,"Load=1.200 N, t=46650 ms"
1,2026-01-11T00:46:55.121627,49.65458150021732,46660,1.234,"Load=1.234 N, t=46660 ms"
1,2026-01-11T00:46:55.131476,49.66442999988794,46670,1.489,"Load=1.489 N, t=46670 ms"
1,2026-01-11T00:46:55.141589,49.6745426999405,46680,0.98,"Load=0.980 N, t=46680 ms"
1,2026-01-11T00:46:55.151526,49.68448020052165,46690,1.306,"Load=1.306 N, t=46690 ms"
1,2026-01-11T00:46:55.161536,49.694490199908614,46700,1.021,"Load=1.021 N, t=46700 ms"
1,2026-01-11T00:46:55.171658,49.70461210049689,46710,1.27,"Load=1.270 N, t=46710 ms"
1,2026-01-11T00:46:55.181588,49.714542999863625,46720,1.28,"Load=1.280 N, t=46720 ms"
1,2026-01-11T00:46:55.191783,49.724736500531435,46730,1.345,"Load=1.345 N, t=46730 ms"
1,2026-01-11T00:46:55.202591,49.7355454005301,46740,1.007,"Load=1.007 N, t=46740 ms"
1,2026-01-11T00:46:55.212525,49.745479200035334,46750,1.226,"Load=1.226 N, t=46750 ms"
1,2026-01-11T00:46:55.222027,49.75498090032488,46760,1.215,"Load=1.215 N, t=46760 ms"
1,2026-01-11T00:46:55.231574,49.7645268002525,46770,1.184,"Load=1.184 N, t=46770 ms"
1,2026-01-11T00:46:55.241680,49.774633900262415,46780,1.244,"Load=1.244 N, t=46780 ms"
1,2026-01-11T00:46:55.251480,49.784433900378644,46790,1.259,"Load=1.259 N, t=46790 ms"
1,2026-01-11T00:46:55.262600,49.79555410053581,46800,1.146,"Load=1.146 N, t=46800 ms"
1,2026-01-11T00:46:55.272594,49.80554880015552,46810,1.119,"Load=1.119 N, t=46810 ms"
1,2026-01-11T00:46:55.282562,49.81551600061357,46820,1.27,"Load=1.270 N, t=46820 ms"
1,2026-01-11T00:46:55.291534,49.82448870036751,46830,1.223,"Load=1.223 N, t=46830 ms"
1,2026-01-11T00:46:55.301706,49.834660599939525,46840,1.215,"Load=1.215 N, t=46840 ms"
1,2026-01-11T00:46:55.311632,49.8445861004293,46850,1.112,"Load=1.112 N, t=46850 ms"
1,2026-01-11T00:46:55.322458,49.855411800555885,46860,1.011,"Load=1.011 N, t=46860 ms"
1,2026-01-11T00:46:55.332649,49.865602700039744,46870,1.128,"Load=1.128 N, t=46870 ms"
1,2026-01-11T00:46:55.342586,49.875540300272405,46880,1.293,"Load=1.293 N, t=46880 ms"
1,2026-01-11T00:46:55.352563,49.88551720045507,46890,1.182,"Load=1.182 N, t=46890 ms"
1,2026-01-11T00:46:55.362606,49.89556029997766,46900,1.083,"Load=1.083 N, t=46900 ms"
1,2026-01-11T00:46:55.371613,49.90456790011376,46910,1.311,"Load=1.311 N, t=46910 ms"
1,2026-01-11T00:46:55.382585,49.91553850006312,46920,1.263,"Load=1.263 N, t=46920 ms"
1,2026-01-11T00:46:55.392643,49.92559670004994,46930,1.296,"Load=1.296 N, t=46930 ms"
1,2026-01-11T00:46:55.402634,49.935588399879634,46940,1.378,"Load=1.378 N, t=46940 ms"
1,2026-01-11T00:46:55.412622,49.94557600002736,46950,1.166,"Load=1.166 N, t=46950 ms"
1,2026-01-11T00:46:55.422613,49.9555670004338,46960,1.099,"Load=1.099 N, t=46960 ms"
1,2026-01-11T00:46:55.432518,49.96547009982169,46970,1.218,"Load=1.218 N, t=46970 ms"
1,2026-01-11T00:46:55.442527,49.97547989990562,46980,1.093,"Load=1.093 N, t=46980 ms"
1,2026-01-11T00:46:55.452672,49.985626299865544,46990,1.517,"Load=1.517 N, t=46990 ms"
1,2026-01-11T00:46:55.462482,49.9954368006438,47000,1.327,"Load=1.327 N, t=47000 ms"
1,2026-01-11T00:46:55.472566,50.00552020035684,47010,1.29,"Load=1.290 N, t=47010 ms"
1,2026-01-11T00:46:55.482666,50.01562060043216,47020,1.088,"Load=1.088 N, t=47020 ms"
1,2026-01-11T00:46:55.492636,50.02559060044587,47030,1.484,"Load=1.484 N, t=47030 ms"
1,2026-01-11T00:46:55.502587,50.03554160054773,47040,1.148,"Load=1.148 N, t=47040 ms"
1,2026-01-11T00:46:55.512662,50.04561629984528,47050,1.272,"Load=1.272 N, t=47050 ms"
1,2026-01-11T00:46:55.522499,50.055453000590205,47060,0.969,"Load=0.969 N, t=47060 ms"
1,2026-01-11T00:46:55.532619,50.06557310000062,47070,1.329,"Load=1.329 N, t=47070 ms"
1,2026-01-11T00:46:55.542613,50.075567999854684,47080,1.371,"Load=1.371 N, t=47080 ms"
1,2026-01-11T00:46:55.552634,50.08558740001172,47090,0.915,"Load=0.915 N, t=47090 ms"
1,2026-01-11T00:46:55.562683,50.09563700016588,47100,1.263,"Load=1.263 N, t=47100 ms"
1,2026-01-11T00:46:55.572666,50.10561970062554,47110,1.133,"Load=1.133 N, t=47110 ms"
1,2026-01-11T00:46:55.582717,50.11567150056362,47120,1.342,"Load=1.342 N, t=47120 ms"
1,2026-01-11T00:46:55.592482,50.12543550040573,47130,1.205,"Load=1.205 N, t=47130 ms"
1,2026-01-11T00:46:55.602519,50.13547269999981,47140,1.29,"Load=1.290 N, t=47140 ms"
1,2026-01-11T00:46:55.612573,50.145527199842036,47150,1.091,"Load=1.091 N, t=47150 ms"
1,2026-01-11T00:46:55.622615,50.155569000169635,47160,1.44,"Load=1.440 N, t=47160 ms"
1,2026-01-11T00:46:55.632672,50.16562660038471,47170,1.15,"Load=1.150 N, t=47170 ms"
1,2026-01-11T00:46:55.642526,50.17548010032624,47180,1.122,"Load=1.122 N, t=47180 ms"
1,2026-01-11T00:46:55.652618,50.18557220045477,47190,1.267,"Load=1.267 N, t=47190 ms"
1,2026-01-11T00:46:55.662656,50.19560999982059,47200,1.179,"Load=1.179 N, t=47200 ms"
1,2026-01-11T00:46:55.672672,50.205626600421965,47210,1.35,"Load=1.350 N, t=47210 ms"
1,2026-01-11T00:46:55.682681,50.21563480049372,47220,1.29,"Load=1.290 N, t=47220 ms"
1,2026-01-11T00:46:55.692604,50.22555860038847,47230,1.491,"Load=1.491 N, t=47230 ms"
1,2026-01-11T00:46:55.702507,50.235460200347006,47240,0.985,"Load=0.985 N, t=47240 ms"
1,2026-01-11T00:46:55.712651,50.24560550041497,47250,1.495,"Load=1.495 N, t=47250 ms"
1,2026-01-11T00:46:55.722479,50.25543300062418,47260,1.076,"Load=1.076 N, t=47260 ms"
1,2026-01-11T00:46:55.732629,50.26558270025998,47270,1.249,"Load=1.249 N, t=47270 ms"
1,2026-01-11T00:46:55.742650,50.27560430020094,47280,1.386,"Load=1.386 N, t=47280 ms"
1,2026-01-11T00:46:55.753455,50.28640849981457,47290,1.059,"Load=1.059 N, t=47290 ms"
1,2026-01-11T00:46:55.763454,50.29640800040215,47300,1.272,"Load=1.272 N, t=47300 ms"
1,2026-01-11T00:46:55.772690,50.30564380064607,47310,1.042,"Load=1.042 N, t=47310 ms"
1,2026-01-11T00:46:55.782583,50.3155370997265,47320,1.262,"Load=1.262 N, t=47320 ms"
1,2026-01-11T00:46:55.792662,50.325615799985826,47330,1.239,"Load=1.239 N, t=47330 ms"
1,2026-01-11T00:46:55.802643,50.33559750020504,47340,1.164,"Load=1.164 N, t=47340 ms"
1,2026-01-11T00:46:55.813541,50.34649469982833,47350,1.405,"Load=1.405 N, t=47350 ms"
1,2026-01-11T00:46:55.823431,50.3563847001642,47360,1.417,"Load=1.417 N, t=47360 ms"
1,2026-01-11T00:46:55.833436,50.366390500217676,47370,1.5,"Load=1.500 N, t=47370 ms"
1,2026-01-11T00:46:55.842585,50.37553909979761,47380,1.084,"Load=1.084 N, t=47380 ms"
1,2026-01-11T00:46:55.852653,50.38560700044036,47390,1.293,"Load=1.293 N, t=47390 ms"
1,2026-01-11T00:46:55.862616,50.39557070005685,47400,1.045,"Load=1.045 N, t=47400 ms"
1,2026-01-11T00:46:55.873494,50.40644779987633,47410,1.208,"Load=1.208 N, t=47410 ms"
1,2026-01-11T00:46:55.883505,50.4164589997381,47420,1.265,"Load=1.265 N, t=47420 ms"
1,2026-01-11T00:46:55.893596,50.42654910031706,47430,1.469,"Load=1.469 N, t=47430 ms"
1,2026-01-11T00:46:55.903632,50.436585400253534,47440,1.275,"Load=1.275 N, t=47440 ms"
1,2026-01-11T00:46:55.913540,50.44649330060929,47450,1.233,"Load=1.233 N, t=47450 ms"
1,2026-01-11T00:46:55.922682,50.45563570037484,47460,1.386,"Load=1.386 N, t=47460 ms"
1,2026-01-11T00:46:55.933497,50.4664508998394,47470,1.321,"Load=1.321 N, t=47470 ms"
1,2026-01-11T00:46:55.943523,50.476476300507784,47480,1.059,"Load=1.059 N, t=47480 ms"
1,2026-01-11T00:46:55.953526,50.486480300314724,47490,1.097,"Load=1.097 N, t=47490 ms"
1,2026-01-11T00:46:55.963492,50.49644669983536,47500,1.727,"Load=1.727 N, t=47500 ms"
1,2026-01-11T00:46:55.973555,50.506508300080895,47510,1.181,"Load=1.181 N, t=47510 ms"
1,2026-01-11T00:46:55.983466,50.516419500112534,47520,1.303,"Load=1.303 N, t=47520 ms"
1,2026-01-11T00:46:55.993550,50.52650390006602,47530,1.237,"Load=1.237 N, t=47530 ms"
1,2026-01-11T00:46:56.003517,50.53647000063211,47540,1.06,"Load=1.060 N, t=47540 ms"
1,2026-01-11T00:46:56.013543,50.54649659991264,47550,1.499,"Load=1.499 N, t=47550 ms"
1,2026-01-11T00:46:56.023508,50.55646200012416,47560,1.365,"Load=1.365 N, t=47560 ms"
1,2026-01-11T00:46:56.033544,50.56649740040302,47570,1.505,"Load=1.505 N, t=47570 ms"
1,2026-01-11T00:46:56.043477,50.57643119990826,47580,1.117,"Load=1.117 N, t=47580 ms"
1,2026-01-11T00:46:56.053605,50.586559100076556,47590,1.556,"Load=1.556 N, t=47590 ms"
1,2026-01-11T00:46:56.063478,50.596432000398636,47600,1.543,"Load=1.543 N, t=47600 ms"
1,2026-01-11T00:46:56.073556,50.60650989972055,47610,1.408,"Load=1.408 N, t=47610 ms"
1,2026-01-11T00:46:56.083511,50.61646439973265,47620,1.215,"Load=1.215 N, t=47620 ms"
1,2026-01-11T00:46:56.093666,50.62661849986762,47630,1.055,"Load=1.055 N, t=47630 ms"
1,2026-01-11T00:46:56.103535,50.63648930005729,47640,1.851,"Load=1.851 N, t=47640 ms"
1,2026-01-11T00:46:56.113559,50.64651340059936,47650,1.424,"Load=1.424 N, t=47650 ms"
1,2026-01-11T00:46:56.123630,50.65658390056342,47660,1.407,"Load=1.407 N, t=47660 ms"
1,2026-01-11T00:46:56.133531,50.66648480016738,47670,1.184,"Load=1.184 N, t=47670 ms"
1,2026-01-11T00:46:56.143607,50.676560800522566,47680,1.352,"Load=1.352 N, t=47680 ms"
1,2026-01-11T00:46:56.153569,50.686522900126874,47690,1.451,"Load=1.451 N, t=47690 ms"
1,2026-01-11T00:46:56.163535,50.696488900110126,47700,1.42,"Load=1.420 N, t=47700 ms"
1,2026-01-11T00:46:56.173585,50.706539100036025,47710,1.46,"Load=1.460 N, t=47710 ms"
1,2026-01-11T00:46:56.183565,50.716519200243056,47720,1.171,"Load=1.171 N, t=47720 ms"
1,2026-01-11T00:46:56.193485,50.72643909975886,47730,1.205,"Load=1.205 N, t=47730 ms"
1,2026-01-11T00:46:56.203493,50.73644630052149,47740,1.293,"Load=1.293 N, t=47740 ms"
1,2026-01-11T00:46:56.213473,50.74642700050026,47750,1.352,"Load=1.352 N, t=47750 ms"
1,2026-01-11T00:46:56.223526,50.7564794998616,47760,1.477,"Load=1.477 N, t=47760 ms"
1,2026-01-11T00:46:56.234463,50.767416699789464,47770,1.244,"Load=1.244 N, t=47770 ms"
1,2026-01-11T00:46:56.243714,50.776668100617826,47780,1.611,"Load=1.611 N, t=47780 ms"
1,2026-01-11T00:46:56.253515,50.786465000361204,47790,1.174,"Load=1.174 N, t=47790 ms"
1,2026-01-11T00:46:56.263774,50.79672690015286,47800,1.497,"Load=1.497 N, t=47800 ms"
1,2026-01-11T00:46:56.273497,50.806450500153005,47810,1.21,"Load=1.210 N, t=47810 ms"
1,2026-01-11T00:46:56.283629,50.816583099775016,47820,1.572,"Load=1.572 N, t=47820 ms"
1,2026-01-11T00:46:56.294634,50.82758770044893,47830,1.304,"Load=1.304 N, t=47830 ms"
1,2026-01-11T00:46:56.304604,50.837557800114155,47840,1.209,"Load=1.209 N, t=47840 ms"
1,2026-01-11T00:46:56.313564,50.84651709999889,47850,1.437,"Load=1.437 N, t=47850 ms"
1,2026-01-11T00:46:56.323588,50.856541300192475,47860,1.163,"Load=1.163 N, t=47860 ms"
1,2026-01-11T00:46:56.333582,50.8665356002748,47870,1.924,"Load=1.924 N, t=47870 ms"
1,2026-01-11T00:46:56.343565,50.87651909980923,47880,1.373,"Load=1.373 N, t=47880 ms"
1,2026-01-11T00:46:56.354676,50.88762960024178,47890,1.333,"Load=1.333 N, t=47890 ms"
1,2026-01-11T00:46:56.364471,50.89742329996079,47900,1.14,"Load=1.140 N, t=47900 ms"
1,2026-01-11T00:46:56.374516,50.90746899973601,47910,1.277,"Load=1.277 N, t=47910 ms"
1,2026-01-11T00:46:56.384508,50.91746150050312,47920,1.386,"Load=1.386 N, t=47920 ms"
1,2026-01-11T00:46:56.393586,50.92653959989548,47930,1.228,"Load=1.228 N, t=47930 ms"
1,2026-01-11T00:46:56.403533,50.9364862004295,47940,1.23,"Load=1.230 N, t=47940 ms"
1,2026-01-11T00:46:56.413655,50.946607399731874,47950,1.272,"Load=1.272 N, t=47950 ms"
1,2026-01-11T00:46:56.424594,50.95754770003259,47960,1.208,"Load=1.208 N, t=47960 ms"
1,2026-01-11T00:46:56.434595,50.96754840016365,47970,1.438,"Load=1.438 N, t=47970 ms"
1,2026-01-11T00:46:56.444483,50.97743630036712,47980,1.246,"Load=1.246 N, t=47980 ms"
1,2026-01-11T00:46:56.454461,50.98741369973868,47990,1.21,"Load=1.210 N, t=47990 ms"
1,2026-01-11T00:46:56.463627,50.9965805998072,48000,1.301,"Load=1.301 N, t=48000 ms"
1,2026-01-11T00:46:56.473574,51.00652660056949,48010,1.298,"Load=1.298 N, t=48010 ms"
1,2026-01-11T00:46:56.484511,51.017464600503445,48020,1.458,"Load=1.458 N, t=48020 ms"
1,2026-01-11T00:46:56.494631,51.02758440002799,48030,1.807,"Load=1.807 N, t=48030 ms"
1,2026-01-11T00:46:56.504429,51.03738179989159,48040,1.523,"Load=1.523 N, t=48040 ms"
1,2026-01-11T00:46:56.514494,51.047446800395846,48050,1.437,"Load=1.437 N, t=48050 ms"
1,2026-01-11T00:46:56.524615,51.05756830051541,48060,1.634,"Load=1.634 N, t=48060 ms"
1,2026-01-11T00:46:56.534571,51.067524400539696,48070,1.624,"Load=1.624 N, t=48070 ms"
1,2026-01-11T00:46:56.544651,51.077604399994016,48080,1.254,"Load=1.254 N, t=48080 ms"
1,2026-01-11T00:46:56.554516,51.08746990002692,48090,1.223,"Load=1.223 N, t=48090 ms"
1,2026-01-11T00:46:56.564656,51.09760920051485,48100,1.215,"Load=1.215 N, t=48100 ms"
1,2026-01-11T00:46:56.574701,51.107655100524426,48110,1.184,"Load=1.184 N, t=48110 ms"
1,2026-01-11T00:46:56.584639,51.11759310029447,48120,1.466,"Load=1.466 N, t=48120 ms"
1,2026-01-11T00:46:56.594625,51.12757860030979,48130,1.252,"Load=1.252 N, t=48130 ms"
1,2026-01-11T00:46:56.604623,51.13757700007409,48140,1.376,"Load=1.376 N, t=48140 ms"
1,2026-01-11T00:46:56.614674,51.14762770012021,48150,1.311,"Load=1.311 N, t=48150 ms"
1,2026-01-11T00:46:56.624520,51.15747379977256,48160,1.179,"Load=1.179 N, t=48160 ms"
1,2026-01-11T00:46:56.634514,51.16746809985489,48170,1.236,"Load=1.236 N, t=48170 ms"
1,2026-01-11T00:46:56.644778,51.17773129977286,48180,1.378,"Load=1.378 N, t=48180 ms"
1,2026-01-11T00:46:56.654581,51.187534200027585,48190,1.391,"Load=1.391 N, t=48190 ms"
1,2026-01-11T00:46:56.664677,51.197630300186574,48200,1.182,"Load=1.182 N, t=48200 ms"
1,2026-01-11T00:46:56.674702,51.20765580050647,48210,1.254,"Load=1.254 N, t=48210 ms"
1,2026-01-11T00:46:56.684538,51.217491700313985,48220,1.378,"Load=1.378 N, t=48220 ms"
1,2026-01-11T00:46:56.694597,51.227549499832094,48230,1.102,"Load=1.102 N, t=48230 ms"
1,2026-01-11T00:46:56.704514,51.23746780026704,48240,1.665,"Load=1.665 N, t=48240 ms"
1,2026-01-11T00:46:56.714593,51.247546000406146,48250,1.303,"Load=1.303 N, t=48250 ms"
1,2026-01-11T00:46:56.725480,51.25843320041895,48260,1.268,"Load=1.268 N, t=48260 ms"
1,2026-01-11T00:46:56.734690,51.26764240022749,48270,1.342,"Load=1.342 N, t=48270 ms"
1,2026-01-11T00:46:56.744529,51.277482400648296,48280,1.158,"Load=1.158 N, t=48280 ms"
1,2026-01-11T00:46:56.754598,51.28755099978298,48290,1.585,"Load=1.585 N, t=48290 ms"
1,2026-01-11T00:46:56.764558,51.297511300072074,48300,1.181,"Load=1.181 N, t=48300 ms"
1,2026-01-11T00:46:56.774536,51.30748980026692,48310,1.406,"Load=1.406 N, t=48310 ms"
1,2026-01-11T00:46:56.785450,51.318403200246394,48320,1.357,"Load=1.357 N, t=48320 ms"
1,2026-01-11T00:46:56.795465,51.32841819990426,48330,1.047,"Load=1.047 N, t=48330 ms"
1,2026-01-11T00:46:56.805541,51.338494500145316,48340,1.352,"Load=1.352 N, t=48340 ms"
1,2026-01-11T00:46:56.814563,51.34751550015062,48350,1.155,"Load=1.155 N, t=48350 ms"
1,2026-01-11T00:46:56.824578,51.35753160063177,48360,1.371,"Load=1.371 N, t=48360 ms"
1,2026-01-11T00:46:56.834628,51.36758160032332,48370,1.34,"Load=1.340 N, t=48370 ms"
1,2026-01-11T00:46:56.845642,51.378595599904656,48380,1.064,"Load=1.064 N, t=48380 ms"
1,2026-01-11T00:46:56.855618,51.388571499846876,48390,1.479,"Load=1.479 N, t=48390 ms"
1,2026-01-11T00:46:56.865662,51.39861620031297,48400,1.451,"Load=1.451 N, t=48400 ms"
1,2026-01-11T00:46:56.875474,51.40842660050839,48410,1.487,"Load=1.487 N, t=48410 ms"
1,2026-01-11T00:46:56.884692,51.41764529980719,48420,1.324,"Load=1.324 N, t=48420 ms"
1,2026-01-11T00:46:56.894689,51.42764270026237,48430,1.283,"Load=1.283 N, t=48430 ms"
1,2026-01-11T00:46:56.905508,51.43846090044826,48440,1.647,"Load=1.647 N, t=48440 ms"
1,2026-01-11T00:46:56.915602,51.44855470024049,48450,1.409,"Load=1.409 N, t=48450 ms"
1,2026-01-11T00:46:56.925637,51.458590200170875,48460,1.285,"Load=1.285 N, t=48460 ms"
1,2026-01-11T00:46:56.935443,51.468396600335836,48470,1.409,"Load=1.409 N, t=48470 ms"
1,2026-01-11T00:46:56.945554,51.478506499901414,48480,1.363,"Load=1.363 N, t=48480 ms"
1,2026-01-11T00:46:56.955430,51.48838280048221,48490,1.474,"Load=1.474 N, t=48490 ms"
1,2026-01-11T00:46:56.965489,51.49844270013273,48500,1.263,"Load=1.263 N, t=48500 ms"
1,2026-01-11T00:46:56.975641,51.50859449990094,48510,0.987,"Load=0.987 N, t=48510 ms"
1,2026-01-11T00:46:56.985675,51.51862830016762,48520,1.864,"Load=1.864 N, t=48520 ms"
1,2026-01-11T00:46:56.995446,51.528399700298905,48530,1.215,"Load=1.215 N, t=48530 ms"
1,2026-01-11T00:46:57.005493,51.538446200080216,48540,1.345,"Load=1.345 N, t=48540 ms"
1,2026-01-11T00:46:57.015496,51.54844820033759,48550,1.614,"Load=1.614 N, t=48550 ms"
1,2026-01-11T00:46:57.025483,51.55843560025096,48560,1.127,"Load=1.127 N, t=48560 ms"
1,2026-01-11T00:46:57.035545,51.568497500382364,48570,1.365,"Load=1.365 N, t=48570 ms"
1,2026-01-11T00:46:57.045700,51.578653200529516,48580,1.391,"Load=1.391 N, t=48580 ms"
1,2026-01-11T00:46:57.055610,51.588563200086355,48590,1.267,"Load=1.267 N, t=48590 ms"
1,2026-01-11T00:46:57.065508,51.598460900597274,48600,1.474,"Load=1.474 N, t=48600 ms"
1,2026-01-11T00:46:57.075526,51.608479499816895,48610,1.27,"Load=1.270 N, t=48610 ms"
1,2026-01-11T00:46:57.085490,51.618443000130355,48620,1.639,"Load=1.639 N, t=48620 ms"
1,2026-01-11T00:46:57.095665,51.62861809972674,48630,1.544,"Load=1.544 N, t=48630 ms"
1,2026-01-11T00:46:57.105543,51.63849589973688,48640,1.481,"Load=1.481 N, t=48640 ms"
1,2026-01-11T00:46:57.115584,51.648536699824035,48650,1.433,"Load=1.433 N, t=48650 ms"
1,2026-01-11T00:46:57.125542,51.6584943998605,48660,1.313,"Load=1.313 N, t=48660 ms"
1,2026-01-11T00:46:57.135512,51.66846500057727,48670,1.389,"Load=1.389 N, t=48670 ms"
1,2026-01-11T00:46:57.145549,51.67850170005113,48680,1.368,"Load=1.368 N, t=48680 ms"
1,2026-01-11T00:46:57.156484,51.68943690042943,48690,1.225,"Load=1.225 N, t=48690 ms"
1,2026-01-11T00:46:57.165538,51.69849140010774,48700,1.298,"Load=1.298 N, t=48700 ms"
1,2026-01-11T00:46:57.175688,51.70864120032638,48710,1.433,"Load=1.433 N, t=48710 ms"
1,2026-01-11T00:46:57.185491,51.718444500118494,48720,1.425,"Load=1.425 N, t=48720 ms"
1,2026-01-11T00:46:57.195508,51.728460900485516,48730,1.396,"Load=1.396 N, t=48730 ms"
1,2026-01-11T00:46:57.205513,51.73846600018442,48740,1.159,"Load=1.159 N, t=48740 ms"
1,2026-01-11T00:46:57.216600,51.74955250043422,48750,1.503,"Load=1.503 N, t=48750 ms"
1,2026-01-11T00:46:57.225696,51.758649500086904,48760,1.445,"Load=1.445 N, t=48760 ms"
1,2026-01-11T00:46:57.235802,51.76875520031899,48770,1.171,"Load=1.171 N, t=48770 ms"
1,2026-01-11T00:46:57.245478,51.77843159995973,48780,1.417,"Load=1.417 N, t=48780 ms"
1,2026-01-11T00:46:57.255530,51.78848270047456,48790,1.365,"Load=1.365 N, t=48790 ms"
1,2026-01-11T00:46:57.265663,51.79861589986831,48800,1.298,"Load=1.298 N, t=48800 ms"
1,2026-01-11T00:46:57.276516,51.809469000436366,48810,1.439,"Load=1.439 N, t=48810 ms"
1,2026-01-11T00:46:57.286598,51.819551000371575,48820,1.358,"Load=1.358 N, t=48820 ms"
1,2026-01-11T00:46:57.296595,51.829548000358045,48830,1.52,"Load=1.520 N, t=48830 ms"
1,2026-01-11T00:46:57.305536,51.838489199988544,48840,1.536,"Load=1.536 N, t=48840 ms"
1,2026-01-11T00:46:57.315610,51.848562500439584,48850,1.455,"Load=1.455 N, t=48850 ms"
1,2026-01-11T00:46:57.325538,51.85849130060524,48860,1.557,"Load=1.557 N, t=48860 ms"
1,2026-01-11T00:46:57.336637,51.86958990059793,48870,1.395,"Load=1.395 N, t=48870 ms"
1,2026-01-11T00:46:57.346711,51.879663799889386,48880,1.324,"Load=1.324 N, t=48880 ms"
1,2026-01-11T00:46:57.356616,51.88956939987838,48890,1.792,"Load=1.792 N, t=48890 ms"
1,2026-01-11T00:46:57.366606,51.89955870062113,48900,1.187,"Load=1.187 N, t=48900 ms"
1,2026-01-11T00:46:57.376482,51.909433900378644,48910,1.52,"Load=1.520 N, t=48910 ms"
1,2026-01-11T00:46:57.385542,51.918494899757206,48920,1.427,"Load=1.427 N, t=48920 ms"
1,2026-01-11T00:46:57.396503,51.92945590056479,48930,1.241,"Load=1.241 N, t=48930 ms"
1,2026-01-11T00:46:57.407459,51.940411699935794,48940,1.407,"Load=1.407 N, t=48940 ms"
1,2026-01-11T00:46:57.416569,51.949521999806166,48950,1.588,"Load=1.588 N, t=48950 ms"
1,2026-01-11T00:46:57.426616,51.95956949982792,48960,1.319,"Load=1.319 N, t=48960 ms"
1,2026-01-11T00:46:57.436669,51.9696204001084,48970,1.421,"Load=1.421 N, t=48970 ms"
1,2026-01-11T00:46:57.446570,51.97952270042151,48980,1.407,"Load=1.407 N, t=48980 ms"
1,2026-01-11T00:46:57.456742,51.989694899879396,48990,1.501,"Load=1.501 N, t=48990 ms"
1,2026-01-11T00:46:57.466659,51.99961190018803,49000,1.474,"Load=1.474 N, t=49000 ms"
1,2026-01-11T00:46:57.476571,52.00952380057424,49010,1.298,"Load=1.298 N, t=49010 ms"
1,2026-01-11T00:46:57.486544,52.01949490047991,49020,1.389,"Load=1.389 N, t=49020 ms"
1,2026-01-11T00:46:57.496743,52.029695900157094,49030,1.319,"Load=1.319 N, t=49030 ms"
1,2026-01-11T00:46:57.506547,52.03949940018356,49040,1.394,"Load=1.394 N, t=49040 ms"
1,2026-01-11T00:46:57.516792,52.04974460043013,49050,1.619,"Load=1.619 N, t=49050 ms"
1,2026-01-11T00:46:57.526754,52.05970670003444,49060,1.448,"Load=1.448 N, t=49060 ms"
1,2026-01-11T00:46:57.536631,52.06958300061524,49070,1.334,"Load=1.334 N, t=49070 ms"
1,2026-01-11T00:46:57.546689,52.079642300494015,49080,1.406,"Load=1.406 N, t=49080 ms"
1,2026-01-11T00:46:57.556569,52.089521899819374,49090,1.321,"Load=1.321 N, t=49090 ms"
1,2026-01-11T00:46:57.566637,52.09958960022777,49100,1.676,"Load=1.676 N, t=49100 ms"
1,2026-01-11T00:46:57.576641,52.10959380026907,49110,1.368,"Load=1.368 N, t=49110 ms"
1,2026-01-11T00:46:57.586675,52.11962730064988,49120,1.141,"Load=1.141 N, t=49120 ms"
1,2026-01-11T00:46:57.596595,52.129547299817204,49130,1.404,"Load=1.404 N, t=49130 ms"
1,2026-01-11T00:46:57.606639,52.139592200517654,49140,1.321,"Load=1.321 N, t=49140 ms"
1,2026-01-11T00:46:57.616574,52.1495273001492,49150,1.177,"Load=1.177 N, t=49150 ms"
1,2026-01-11T00:46:57.626705,52.15965780057013,49160,1.44,"Load=1.440 N, t=49160 ms"
1,2026-01-11T00:46:57.636637,52.16959029994905,49170,1.433,"Load=1.433 N, t=49170 ms"
1,2026-01-11T00:46:57.646694,52.17964730039239,49180,1.386,"Load=1.386 N, t=49180 ms"
1,2026-01-11T00:46:57.656672,52.18962460011244,49190,1.608,"Load=1.608 N, t=49190 ms"
1,2026-01-11T00:46:57.666656,52.199609300121665,49200,1.507,"Load=1.507 N, t=49200 ms"
1,2026-01-11T00:46:57.676646,52.20959800016135,49210,1.316,"Load=1.316 N, t=49210 ms"
1,2026-01-11T00:46:57.686645,52.21959770005196,49220,1.52,"Load=1.520 N, t=49220 ms"
1,2026-01-11T00:46:57.696661,52.22961340006441,49230,1.262,"Load=1.262 N, t=49230 ms"
1,2026-01-11T00:46:57.707425,52.24037820007652,49240,1.599,"Load=1.599 N, t=49240 ms"
1,2026-01-11T00:46:57.716683,52.24963530059904,49250,1.66,"Load=1.660 N, t=49250 ms"
1,2026-01-11T00:46:57.726681,52.25963329989463,49260,1.259,"Load=1.259 N, t=49260 ms"
1,2026-01-11T00:46:57.736667,52.269619800150394,49270,1.451,"Load=1.451 N, t=49270 ms"
1,2026-01-11T00:46:57.746658,52.27961110044271,49280,1.544,"Load=1.544 N, t=49280 ms"
1,2026-01-11T00:46:57.756648,52.28960040025413,49290,1.368,"Load=1.368 N, t=49290 ms"
1,2026-01-11T00:46:57.767622,52.30057440046221,49300,1.736,"Load=1.736 N, t=49300 ms"
1,2026-01-11T00:46:57.777726,52.31067949999124,49310,1.44,"Load=1.440 N, t=49310 ms"
1,2026-01-11T00:46:57.787515,52.32046729978174,49320,1.336,"Load=1.336 N, t=49320 ms"
1,2026-01-11T00:46:57.796708,52.32966039981693,49330,1.769,"Load=1.769 N, t=49330 ms"
1,2026-01-11T00:46:57.806529,52.3394822999835,49340,1.435,"Load=1.435 N, t=49340 ms"
1,2026-01-11T00:46:57.816649,52.34960149973631,49350,1.28,"Load=1.280 N, t=49350 ms"
1,2026-01-11T00:46:57.827749,52.3607013002038,49360,1.359,"Load=1.359 N, t=49360 ms"
1,2026-01-11T00:46:57.837617,52.3705697003752,49370,1.244,"Load=1.244 N, t=49370 ms"
1,2026-01-11T00:46:57.847568,52.38052030000836,49380,1.306,"Load=1.306 N, t=49380 ms"
1,2026-01-11T00:46:57.857596,52.390548599883914,49390,1.751,"Load=1.751 N, t=49390 ms"
1,2026-01-11T00:46:57.867473,52.40042470023036,49400,1.389,"Load=1.389 N, t=49400 ms"
1,2026-01-11T00:46:57.876566,52.409517699852586,49410,1.505,"Load=1.505 N, t=49410 ms"
1,2026-01-11T00:46:57.887646,52.420598399825394,49420,1.794,"Load=1.794 N, t=49420 ms"
1,2026-01-11T00:46:57.897674,52.43062609992921,49430,1.44,"Load=1.440 N, t=49430 ms"
1,2026-01-11T00:46:57.907638,52.440590700134635,49440,1.427,"Load=1.427 N, t=49440 ms"
1,2026-01-11T00:46:57.917507,52.450458999723196,49450,1.371,"Load=1.371 N, t=49450 ms"
1,2026-01-11T00:46:57.927552,52.46050480008125,49460,1.241,"Load=1.241 N, t=49460 ms"
1,2026-01-11T00:46:57.937495,52.47044750023633,49470,1.396,"Load=1.396 N, t=49470 ms"
1,2026-01-11T00:46:57.947613,52.48056500032544,49480,1.703,"Load=1.703 N, t=49480 ms"
1,2026-01-11T00:46:57.957485,52.49043710064143,49490,1.595,"Load=1.595 N, t=49490 ms"
1,2026-01-11T00:46:57.967517,52.500469400547445,49500,1.396,"Load=1.396 N, t=49500 ms"
1,2026-01-11T00:46:57.977584,52.51053650025278,49510,1.74,"Load=1.740 N, t=49510 ms"
1,2026-01-11T00:46:57.987636,52.52058850042522,49520,1.766,"Load=1.766 N, t=49520 ms"
1,2026-01-11T00:46:57.997525,52.53047710005194,49530,1.476,"Load=1.476 N, t=49530 ms"
1,2026-01-11T00:46:58.007665,52.54061730019748,49540,1.414,"Load=1.414 N, t=49540 ms"
1,2026-01-11T00:46:58.017661,52.550613400526345,49550,1.371,"Load=1.371 N, t=49550 ms"
1,2026-01-11T00:46:58.027598,52.56055099982768,49560,1.66,"Load=1.660 N, t=49560 ms"
1,2026-01-11T00:46:58.037869,52.57082010060549,49570,2.102,"Load=2.102 N, t=49570 ms"
1,2026-01-11T00:46:58.047586,52.580538200214505,49580,1.22,"Load=1.220 N, t=49580 ms"
1,2026-01-11T00:46:58.057624,52.59057699982077,49590,1.676,"Load=1.676 N, t=49590 ms"
1,2026-01-11T00:46:58.067686,52.600638600066304,49600,1.643,"Load=1.643 N, t=49600 ms"
1,2026-01-11T00:46:58.077680,52.610632199794054,49610,1.324,"Load=1.324 N, t=49610 ms"
1,2026-01-11T00:46:58.087544,52.62049710005522,49620,1.588,"Load=1.588 N, t=49620 ms"
1,2026-01-11T00:46:58.097668,52.63062020018697,49630,1.489,"Load=1.489 N, t=49630 ms"
1,2026-01-11T00:46:58.107591,52.64054329972714,49640,1.194,"Load=1.194 N, t=49640 ms"
1,2026-01-11T00:46:58.117532,52.65048469975591,49650,1.515,"Load=1.515 N, t=49650 ms"
1,2026-01-11T00:46:58.128597,52.661549700424075,49660,1.4,"Load=1.400 N, t=49660 ms"
1,2026-01-11T00:46:58.138539,52.671491799876094,49670,1.474,"Load=1.474 N, t=49670 ms"
1,2026-01-11T00:46:58.148140,52.681089400313795,49680,1.525,"Load=1.525 N, t=49680 ms"
1,2026-01-11T00:46:58.157681,52.69063310045749,49690,1.619,"Load=1.619 N, t=49690 ms"
1,2026-01-11T00:46:58.167668,52.700620700605214,49700,1.396,"Load=1.396 N, t=49700 ms"
1,2026-01-11T00:46:58.177621,52.710573700256646,49710,1.36,"Load=1.360 N, t=49710 ms"
1,2026-01-11T00:46:58.187596,52.72054859995842,49720,1.959,"Load=1.959 N, t=49720 ms"
1,2026-01-11T00:46:58.198602,52.731554199941456,49730,1.004,"Load=1.004 N, t=49730 ms"
1,2026-01-11T00:46:58.208616,52.74156850017607,49740,1.531,"Load=1.531 N, t=49740 ms"
1,2026-01-11T00:46:58.218728,52.75167120061815,49750,1.67,"Load=1.670 N, t=49750 ms"
1,2026-01-11T00:46:58.228458,52.761409000493586,49760,1.595,"Load=1.595 N, t=49760 ms"
1,2026-01-11T00:46:58.237691,52.77064369991422,49770,1.502,"Load=1.502 N, t=49770 ms"
1,2026-01-11T00:46:58.247661,52.780613800510764,49780,1.567,"Load=1.567 N, t=49780 ms"
1,2026-01-11T00:46:58.258673,52.79162500053644,49790,1.463,"Load=1.463 N, t=49790 ms"
1,2026-01-11T00:46:58.268746,52.801698400639,49800,1.526,"Load=1.526 N, t=49800 ms"
1,2026-01-11T00:46:58.278588,52.81154050026089,49810,1.685,"Load=1.685 N, t=49810 ms"
1,2026-01-11T00:46:58.288663,52.821615000255406,49820,1.81,"Load=1.810 N, t=49820 ms"
1,2026-01-11T00:46:58.298568,52.83152010012418,49830,1.445,"Load=1.445 N, t=49830 ms"
1,2026-01-11T00:46:58.308559,52.84151140041649,49840,1.668,"Load=1.668 N, t=49840 ms"
1,2026-01-11T00:46:58.318526,52.851477400399745,49850,1.163,"Load=1.163 N, t=49850 ms"
1,2026-01-11T00:46:58.328639,52.86159170046449,49860,1.482,"Load=1.482 N, t=49860 ms"
1,2026-01-11T00:46:58.338561,52.8715137001127,49870,1.479,"Load=1.479 N, t=49870 ms"
1,2026-01-11T00:46:58.348678,52.88162969984114,49880,1.371,"Load=1.371 N, t=49880 ms"
1,2026-01-11T00:46:58.358586,52.891538199968636,49890,1.313,"Load=1.313 N, t=49890 ms"
1,2026-01-11T00:46:58.368569,52.90152150020003,49900,1.629,"Load=1.629 N, t=49900 ms"
1,2026-01-11T00:46:58.378629,52.91158130019903,49910,1.357,"Load=1.357 N, t=49910 ms"
1,2026-01-11T00:46:58.388533,52.921485600061715,49920,1.36,"Load=1.360 N, t=49920 ms"
1,2026-01-11T00:46:58.398671,52.93162370007485,49930,1.753,"Load=1.753 N, t=49930 ms"
1,2026-01-11T00:46:58.408529,52.941481300629675,49940,1.763,"Load=1.763 N, t=49940 ms"
1,2026-01-11T00:46:58.418631,52.95158340036869,49950,1.445,"Load=1.445 N, t=49950 ms"
1,2026-01-11T00:46:58.428528,52.961480599828064,49960,1.655,"Load=1.655 N, t=49960 ms"
1,2026-01-11T00:46:58.438650,52.9716023998335,49970,1.309,"Load=1.309 N, t=49970 ms"
1,2026-01-11T00:46:58.448667,52.98161880020052,49980,1.2,"Load=1.200 N, t=49980 ms"
1,2026-01-11T00:46:58.458771,52.99172389972955,49990,1.704,"Load=1.704 N, t=49990 ms"
1,2026-01-11T00:46:58.468665,53.00161739997566,50000,1.567,"Load=1.567 N, t=50000 ms"
1,2026-01-11T00:46:58.478527,53.011478800326586,50010,1.554,"Load=1.554 N, t=50010 ms"
1,2026-01-11T00:46:58.488807,53.021758100017905,50020,1.614,"Load=1.614 N, t=50020 ms"
1,2026-01-11T00:46:58.498513,53.031465199775994,50030,1.645,"Load=1.645 N, t=50030 ms"
1,2026-01-11T00:46:58.508543,53.04149550013244,50040,1.262,"Load=1.262 N, t=50040 ms"
1,2026-01-11T00:46:58.518577,53.051528399810195,50050,1.595,"Load=1.595 N, t=50050 ms"
1,2026-01-11T00:46:58.528527,53.06147920060903,50060,1.259,"Load=1.259 N, t=50060 ms"
1,2026-01-11T00:46:58.538531,53.071482700295746,50070,1.296,"Load=1.296 N, t=50070 ms"
1,2026-01-11T00:46:58.548495,53.08144760038704,50080,1.515,"Load=1.515 N, t=50080 ms"
1,2026-01-11T00:46:58.559496,53.09244769997895,50090,1.657,"Load=1.657 N, t=50090 ms"
1,2026-01-11T00:46:58.568681,53.1016335003078,50100,1.484,"Load=1.484 N, t=50100 ms"
1,2026-01-11T00:46:58.578718,53.111670300364494,50110,1.554,"Load=1.554 N, t=50110 ms"
1,2026-01-11T00:46:58.588557,53.12150979973376,50120,1.738,"Load=1.738 N, t=50120 ms"
1,2026-01-11T00:46:58.598644,53.13159570004791,50130,1.433,"Load=1.433 N, t=50130 ms"
1,2026-01-11T00:46:58.608663,53.14161469973624,50140,1.334,"Load=1.334 N, t=50140 ms"
1,2026-01-11T00:46:58.619552,53.152504299767315,50150,1.587,"Load=1.587 N, t=50150 ms"
1,2026-01-11T00:46:58.629516,53.162468300201,50160,1.567,"Load=1.567 N, t=50160 ms"
1,2026-01-11T00:46:58.639479,53.1724311998114,50170,1.611,"Load=1.611 N, t=50170 ms"
1,2026-01-11T00:46:58.648526,53.181478899903595,50180,1.461,"Load=1.461 N, t=50180 ms"
1,2026-01-11T00:46:58.658773,53.191724699921906,50190,1.67,"Load=1.670 N, t=50190 ms"
1,2026-01-11T00:46:58.668614,53.2015663003549,50200,1.422,"Load=1.422 N, t=50200 ms"
1,2026-01-11T00:46:58.679489,53.212439300492406,50210,1.638,"Load=1.638 N, t=50210 ms"
1,2026-01-11T00:46:58.689655,53.222606900148094,50220,1.755,"Load=1.755 N, t=50220 ms"
1,2026-01-11T00:46:58.699560,53.23251200001687,50230,1.316,"Load=1.316 N, t=50230 ms"
1,2026-01-11T00:46:58.709638,53.24259060062468,50240,1.652,"Load=1.652 N, t=50240 ms"
1,2026-01-11T00:46:58.719617,53.252569200471044,50250,1.825,"Load=1.825 N, t=50250 ms"
1,2026-01-11T00:46:58.729592,53.262544500641525,50260,1.539,"Load=1.539 N, t=50260 ms"
1,2026-01-11T00:46:58.739569,53.272521200589836,50270,1.462,"Load=1.462 N, t=50270 ms"
1,2026-01-11T00:46:58.749513,53.282465300522745,50280,1.515,"Load=1.515 N, t=50280 ms"
1,2026-01-11T00:46:58.759529,53.292481100186706,50290,1.435,"Load=1.435 N, t=50290 ms"
1,2026-01-11T00:46:58.769633,53.302585400640965,50300,1.383,"Load=1.383 N, t=50300 ms"
1,2026-01-11T00:46:58.779579,53.31253150012344,50310,1.512,"Load=1.512 N, t=50310 ms"
1,2026-01-11T00:46:58.789483,53.32243540044874,50320,1.828,"Load=1.828 N, t=50320 ms"
1,2026-01-11T00:46:58.799550,53.3325017997995,50330,1.376,"Load=1.376 N, t=50330 ms"
1,2026-01-11T00:46:58.809602,53.34255470056087,50340,1.422,"Load=1.422 N, t=50340 ms"
1,2026-01-11T00:46:58.819656,53.35260790027678,50350,2.03,"Load=2.030 N, t=50350 ms"
1,2026-01-11T00:46:58.829645,53.36259790044278,50360,1.673,"Load=1.673 N, t=50360 ms"
1,2026-01-11T00:46:58.839581,53.37253320030868,50370,1.352,"Load=1.352 N, t=50370 ms"
1,2026-01-11T00:46:58.849651,53.382603200152516,50380,1.859,"Load=1.859 N, t=50380 ms"
1,2026-01-11T00:46:58.859573,53.3925250004977,50390,1.378,"Load=1.378 N, t=50390 ms"
1,2026-01-11T00:46:58.869624,53.40257600042969,50400,1.241,"Load=1.241 N, t=50400 ms"
1,2026-01-11T00:46:58.880072,53.41302340012044,50410,1.673,"Load=1.673 N, t=50410 ms"
1,2026-01-11T00:46:58.889551,53.42250300012529,50420,1.606,"Load=1.606 N, t=50420 ms"
1,2026-01-11T00:46:58.899609,53.43256019987166,50430,1.621,"Load=1.621 N, t=50430 ms"
1,2026-01-11T00:46:58.909542,53.44249279983342,50440,1.699,"Load=1.699 N, t=50440 ms"
1,2026-01-11T00:46:58.919759,53.452710600569844,50450,1.813,"Load=1.813 N, t=50450 ms"
1,2026-01-11T00:46:58.929779,53.46273070015013,50460,1.695,"Load=1.695 N, t=50460 ms"
1,2026-01-11T00:46:58.939632,53.47258449997753,50470,1.334,"Load=1.334 N, t=50470 ms"
1,2026-01-11T00:46:58.949698,53.482648599892855,50480,1.587,"Load=1.587 N, t=50480 ms"
1,2026-01-11T00:46:58.959642,53.49259399995208,50490,1.74,"Load=1.740 N, t=50490 ms"
1,2026-01-11T00:46:58.969572,53.50252470001578,50500,1.153,"Load=1.153 N, t=50500 ms"
1,2026-01-11T00:46:58.979515,53.51246669981629,50510,1.575,"Load=1.575 N, t=50510 ms"
1,2026-01-11T00:46:58.990649,53.52360070031136,50520,1.739,"Load=1.739 N, t=50520 ms"
1,2026-01-11T00:46:59.000451,53.53340299986303,50530,1.295,"Load=1.295 N, t=50530 ms"
1,2026-01-11T00:46:59.009671,53.54262330010533,50540,1.264,"Load=1.264 N, t=50540 ms"
1,2026-01-11T00:46:59.019630,53.55258189979941,50550,1.699,"Load=1.699 N, t=50550 ms"
1,2026-01-11T00:46:59.029607,53.56255909986794,50560,1.546,"Load=1.546 N, t=50560 ms"
1,2026-01-11T00:46:59.039598,53.57254939991981,50570,1.262,"Load=1.262 N, t=50570 ms"
1,2026-01-11T00:46:59.050471,53.5834223004058,50580,1.614,"Load=1.614 N, t=50580 ms"
1,2026-01-11T00:46:59.060505,53.593457099981606,50590,1.758,"Load=1.758 N, t=50590 ms"
1,2026-01-11T00:46:59.070621,53.60357249993831,50600,1.745,"Load=1.745 N, t=50600 ms"
1,2026-01-11T00:46:59.080563,53.613514800556004,50610,1.502,"Load=1.502 N, t=50610 ms"
1,2026-01-11T00:46:59.089528,53.622479300014675,50620,1.59,"Load=1.590 N, t=50620 ms"
1,2026-01-11T00:46:59.099637,53.632588100619614,50630,1.453,"Load=1.453 N, t=50630 ms"
1,2026-01-11T00:46:59.110613,53.643565400503576,50640,1.21,"Load=1.210 N, t=50640 ms"
1,2026-01-11T00:46:59.120582,53.65353470016271,50650,1.748,"Load=1.748 N, t=50650 ms"
1,2026-01-11T00:46:59.130511,53.66346300020814,50660,1.732,"Load=1.732 N, t=50660 ms"
1,2026-01-11T00:46:59.140633,53.673584800213575,50670,1.272,"Load=1.272 N, t=50670 ms"
1,2026-01-11T00:46:59.150555,53.68350679986179,50680,1.647,"Load=1.647 N, t=50680 ms"
1,2026-01-11T00:46:59.160595,53.69354690052569,50690,1.831,"Load=1.831 N, t=50690 ms"
1,2026-01-11T00:46:59.170566,53.70351789984852,50700,1.556,"Load=1.556 N, t=50700 ms"
1,2026-01-11T00:46:59.180644,53.71359509974718,50710,1.331,"Load=1.331 N, t=50710 ms"
1,2026-01-11T00:46:59.190489,53.72344140056521,50720,1.526,"Load=1.526 N, t=50720 ms"
1,2026-01-11T00:46:59.200640,53.7335919002071,50730,1.81,"Load=1.810 N, t=50730 ms"
1,2026-01-11T00:46:59.210640,53.74359210021794,50740,1.787,"Load=1.787 N, t=50740 ms"
1,2026-01-11T00:46:59.220558,53.753504700027406,50750,1.466,"Load=1.466 N, t=50750 ms"
1,2026-01-11T00:46:59.230614,53.76356630027294,50760,1.725,"Load=1.725 N, t=50760 ms"
1,2026-01-11T00:46:59.240698,53.77365060057491,50770,1.638,"Load=1.638 N, t=50770 ms"
1,2026-01-11T00:46:59.250781,53.78373279981315,50780,1.526,"Load=1.526 N, t=50780 ms"
1,2026-01-11T00:46:59.260583,53.79353570006788,50790,1.699,"Load=1.699 N, t=50790 ms"
1,2026-01-11T00:46:59.270624,53.803575900383294,50800,1.804,"Load=1.804 N, t=50800 ms"
1,2026-01-11T00:46:59.280637,53.81358850002289,50810,1.554,"Load=1.554 N, t=50810 ms"
1,2026-01-11T00:46:59.290644,53.823595500551164,50820,1.42,"Load=1.420 N, t=50820 ms"
1,2026-01-11T00:46:59.300501,53.83345380052924,50830,1.662,"Load=1.662 N, t=50830 ms"
1,2026-01-11T00:46:59.310632,53.843582700006664,50840,1.996,"Load=1.996 N, t=50840 ms"
1,2026-01-11T00:46:59.320659,53.85361080057919,50850,1.448,"Load=1.448 N, t=50850 ms"
1,2026-01-11T00:46:59.330891,53.86384159978479,50860,1.523,"Load=1.523 N, t=50860 ms"
1,2026-01-11T00:46:59.340566,53.87351820059121,50870,1.681,"Load=1.681 N, t=50870 ms"
1,2026-01-11T00:46:59.350603,53.8835550006479,50880,1.668,"Load=1.668 N, t=50880 ms"
1,2026-01-11T00:46:59.360685,53.89363680034876,50890,1.751,"Load=1.751 N, t=50890 ms"
1,2026-01-11T00:46:59.370564,53.90351499989629,50900,1.412,"Load=1.412 N, t=50900 ms"
1,2026-01-11T00:46:59.380646,53.91359760053456,50910,1.73,"Load=1.730 N, t=50910 ms"
1,2026-01-11T00:46:59.390641,53.923593199811876,50920,1.262,"Load=1.262 N, t=50920 ms"
1,2026-01-11T00:46:59.400598,53.93354990053922,50930,1.508,"Load=1.508 N, t=50930 ms"
1,2026-01-11T00:46:59.410641,53.94359230063856,50940,1.813,"Load=1.813 N, t=50940 ms"
1,2026-01-11T00:46:59.421594,53.954546600580215,50950,1.892,"Load=1.892 N, t=50950 ms"
1,2026-01-11T00:46:59.431541,53.964492900297046,50960,1.5,"Load=1.500 N, t=50960 ms"
1,2026-01-11T00:46:59.440553,53.9735040999949,50970,2.087,"Load=2.087 N, t=50970 ms"
1,2026-01-11T00:46:59.450669,53.98362009972334,50980,1.978,"Load=1.978 N, t=50980 ms"
1,2026-01-11T00:46:59.460677,53.993629400618374,50990,1.59,"Load=1.590 N, t=50990 ms"
1,2026-01-11T00:46:59.470592,54.003543799743056,51000,1.414,"Load=1.414 N, t=51000 ms"
1,2026-01-11T00:46:59.481633,54.01458459999412,51010,1.698,"Load=1.698 N, t=51010 ms"
1,2026-01-11T00:46:59.491597,54.024549200199544,51020,1.841,"Load=1.841 N, t=51020 ms"
1,2026-01-11T00:46:59.501547,54.03449899982661,51030,1.59,"Load=1.590 N, t=51030 ms"
1,2026-01-11T00:46:59.511539,54.04449030011892,51040,1.233,"Load=1.233 N, t=51040 ms"
1,2026-01-11T00:46:59.521592,54.054543600417674,51050,1.823,"Load=1.823 N, t=51050 ms"
1,2026-01-11T00:46:59.530619,54.06357130035758,51060,1.588,"Load=1.588 N, t=51060 ms"
1,2026-01-11T00:46:59.541648,54.074599800631404,51070,1.582,"Load=1.582 N, t=51070 ms"
1,2026-01-11T00:46:59.551477,54.08442820049822,51080,1.422,"Load=1.422 N, t=51080 ms"
1,2026-01-11T00:46:59.561451,54.09440250042826,51090,1.756,"Load=1.756 N, t=51090 ms"
1,2026-01-11T00:46:59.571496,54.10444730054587,51100,1.763,"Load=1.763 N, t=51100 ms"
1,2026-01-11T00:46:59.581631,54.11458269972354,51110,1.593,"Load=1.593 N, t=51110 ms"
1,2026-01-11T00:46:59.591542,54.12449389975518,51120,1.89,"Load=1.890 N, t=51120 ms"
1,2026-01-11T00:46:59.601581,54.13453220017254,51130,1.885,"Load=1.885 N, t=51130 ms"
1,2026-01-11T00:46:59.611529,54.14448060002178,51140,1.419,"Load=1.419 N, t=51140 ms"
1,2026-01-11T00:46:59.621486,54.1544372998178,51150,1.461,"Load=1.461 N, t=51150 ms"
1,2026-01-11T00:46:59.631646,54.164598000235856,51160,1.551,"Load=1.551 N, t=51160 ms"
1,2026-01-11T00:46:59.641482,54.17443440016359,51170,1.771,"Load=1.771 N, t=51170 ms"
1,2026-01-11T00:46:59.651591,54.18454270064831,51180,1.531,"Load=1.531 N, t=51180 ms"
1,2026-01-11T00:46:59.661669,54.19462009985,51190,1.304,"Load=1.304 N, t=51190 ms"
1,2026-01-11T00:46:59.671727,54.20467859972268,51200,1.619,"Load=1.619 N, t=51200 ms"
1,2026-01-11T00:46:59.681686,54.214637599885464,51210,2.009,"Load=2.009 N, t=51210 ms"
1,2026-01-11T00:46:59.691655,54.224607000127435,51220,1.626,"Load=1.626 N, t=51220 ms"
1,2026-01-11T00:46:59.701665,54.23461710009724,51230,1.409,"Load=1.409 N, t=51230 ms"
1,2026-01-11T00:46:59.711767,54.244611400179565,51240,1.644,"Load=1.644 N, t=51240 ms"
1,2026-01-11T00:46:59.721609,54.25456119980663,51250,1.859,"Load=1.859 N, t=51250 ms"
1,2026-01-11T00:46:59.731677,54.26462840009481,51260,1.766,"Load=1.766 N, t=51260 ms"
1,2026-01-11T00:46:59.741505,54.27445620018989,51270,1.179,"Load=1.179 N, t=51270 ms"
1,2026-01-11T00:46:59.751501,54.28445180039853,51280,1.919,"Load=1.919 N, t=51280 ms"
1,2026-01-11T00:46:59.761542,54.29449409991503,51290,1.82,"Load=1.820 N, t=51290 ms"
1,2026-01-11T00:46:59.771613,54.304565500468016,51300,1.477,"Load=1.477 N, t=51300 ms"
1,2026-01-11T00:46:59.782473,54.31542450003326,51310,1.333,"Load=1.333 N, t=51310 ms"
1,2026-01-11T00:46:59.791692,54.324643599800766,51320,1.505,"Load=1.505 N, t=51320 ms"
1,2026-01-11T00:46:59.801671,54.33462250046432,51330,1.882,"Load=1.882 N, t=51330 ms"
1,2026-01-11T00:46:59.811625,54.34457660000771,51340,1.758,"Load=1.758 N, t=51340 ms"
1,2026-01-11T00:46:59.821664,54.35461620055139,51350,1.517,"Load=1.517 N, t=51350 ms"
1,2026-01-11T00:46:59.831603,54.36455440055579,51360,2.084,"Load=2.084 N, t=51360 ms"
1,2026-01-11T00:46:59.842596,54.375547599978745,51370,1.44,"Load=1.440 N, t=51370 ms"
1,2026-01-11T00:46:59.852637,54.38558869995177,51380,1.391,"Load=1.391 N, t=51380 ms"
1,2026-01-11T00:46:59.862466,54.39541770052165,51390,1.427,"Load=1.427 N, t=51390 ms"
1,2026-01-11T00:46:59.871506,54.404457500204444,51400,2.071,"Load=2.071 N, t=51400 ms"
1,2026-01-11T00:46:59.881630,54.414581700228155,51410,1.97,"Load=1.970 N, t=51410 ms"
1,2026-01-11T00:46:59.891557,54.42450830060989,51420,1.595,"Load=1.595 N, t=51420 ms"
1,2026-01-11T00:46:59.902642,54.435592900030315,51430,1.431,"Load=1.431 N, t=51430 ms"
1,2026-01-11T00:46:59.912520,54.44547090027481,51440,1.818,"Load=1.818 N, t=51440 ms"
1,2026-01-11T00:46:59.922549,54.45550040062517,51450,1.916,"Load=1.916 N, t=51450 ms"
1,2026-01-11T00:46:59.932445,54.46539640054107,51460,1.464,"Load=1.464 N, t=51460 ms"
1,2026-01-11T00:46:59.942589,54.475540400482714,51470,1.269,"Load=1.269 N, t=51470 ms"
1,2026-01-11T00:46:59.951588,54.48453939985484,51480,1.921,"Load=1.921 N, t=51480 ms"
1,2026-01-11T00:46:59.961555,54.49450710043311,51490,1.696,"Load=1.696 N, t=51490 ms"
1,2026-01-11T00:46:59.972506,54.50545740034431,51500,1.667,"Load=1.667 N, t=51500 ms"
1,2026-01-11T00:46:59.982793,54.51574479974806,51510,1.422,"Load=1.422 N, t=51510 ms"
1,2026-01-11T00:46:59.992644,54.525595400482416,51520,1.812,"Load=1.812 N, t=51520 ms"
1,2026-01-11T00:47:00.002601,54.535551900044084,51530,1.854,"Load=1.854 N, t=51530 ms"
1,2026-01-11T00:47:00.012697,54.545647599734366,51540,1.652,"Load=1.652 N, t=51540 ms"
1,2026-01-11T00:47:00.022465,54.55541529972106,51550,1.505,"Load=1.505 N, t=51550 ms"
1,2026-01-11T00:47:00.032550,54.56550040002912,51560,1.945,"Load=1.945 N, t=51560 ms"
1,2026-01-11T00:47:00.042626,54.57557770051062,51570,1.43,"Load=1.430 N, t=51570 ms"
1,2026-01-11T00:47:00.052618,54.58556960057467,51580,1.494,"Load=1.494 N, t=51580 ms"
1,2026-01-11T00:47:00.062565,54.59551620017737,51590,1.549,"Load=1.549 N, t=51590 ms"
1,2026-01-11T00:47:00.072619,54.605569900013506,51600,1.993,"Load=1.993 N, t=51600 ms"
1,2026-01-11T00:47:00.082509,54.61545949988067,51610,1.66,"Load=1.660 N, t=51610 ms"
1,2026-01-11T00:47:00.092532,54.625483400188386,51620,1.369,"Load=1.369 N, t=51620 ms"
1,2026-01-11T00:47:00.102608,54.63555920030922,51630,1.598,"Load=1.598 N, t=51630 ms"
1,2026-01-11T00:47:00.112589,54.64554060064256,51640,1.805,"Load=1.805 N, t=51640 ms"
1,2026-01-11T00:47:00.122494,54.65544420015067,51650,2.123,"Load=2.123 N, t=51650 ms"
1,2026-01-11T00:47:00.132656,54.66560699976981,51660,1.417,"Load=1.417 N, t=51660 ms"
1,2026-01-11T00:47:00.142471,54.67542260047048,51670,1.443,"Load=1.443 N, t=51670 ms"
1,2026-01-11T00:47:00.152680,54.68563139997423,51680,2.032,"Load=2.032 N, t=51680 ms"
1,2026-01-11T00:47:00.162675,54.69562580063939,51690,1.96,"Load=1.960 N, t=51690 ms"
1,2026-01-11T00:47:00.172553,54.705503900535405,51700,1.676,"Load=1.676 N, t=51700 ms"
1,2026-01-11T00:47:00.182668,54.71561960037798,51710,1.264,"Load=1.264 N, t=51710 ms"
1,2026-01-11T00:47:00.192527,54.7254789005965,51720,1.802,"Load=1.802 N, t=51720 ms"
1,2026-01-11T00:47:00.202551,54.73550179973245,51730,1.646,"Load=1.646 N, t=51730 ms"
1,2026-01-11T00:47:00.212614,54.74556540045887,51740,1.726,"Load=1.726 N, t=51740 ms"
1,2026-01-11T00:47:00.222638,54.75558890029788,51750,1.391,"Load=1.391 N, t=51750 ms"
1,2026-01-11T00:47:00.232649,54.76560000050813,51760,1.763,"Load=1.763 N, t=51760 ms"
1,2026-01-11T00:47:00.242676,54.77562760002911,51770,2.006,"Load=2.006 N, t=51770 ms"
1,2026-01-11T00:47:00.252642,54.78559389989823,51780,1.727,"Load=1.727 N, t=51780 ms"
1,2026-01-11T00:47:00.262648,54.79559910017997,51790,1.306,"Load=1.306 N, t=51790 ms"
1,2026-01-11T00:47:00.273498,54.80644970014691,51800,1.518,"Load=1.518 N, t=51800 ms"
1,2026-01-11T00:47:00.283546,54.8164969002828,51810,1.825,"Load=1.825 N, t=51810 ms"
1,2026-01-11T00:47:00.292683,54.82563460059464,51820,1.96,"Load=1.960 N, t=51820 ms"
1,2026-01-11T00:47:00.302537,54.835487600415945,51830,1.59,"Load=1.590 N, t=51830 ms"
1,2026-01-11T00:47:00.312487,54.84543790016323,51840,1.665,"Load=1.665 N, t=51840 ms"
1,2026-01-11T00:47:00.322770,54.85572190023959,51850,2.043,"Load=2.043 N, t=51850 ms"
1,2026-01-11T00:47:00.333450,54.866401799954474,51860,1.916,"Load=1.916 N, t=51860 ms"
1,2026-01-11T00:47:00.343503,54.876454500481486,51870,1.699,"Load=1.699 N, t=51870 ms"
1,2026-01-11T00:47:00.353464,54.886414900422096,51880,1.305,"Load=1.305 N, t=51880 ms"
1,2026-01-11T00:47:00.362656,54.89560780022293,51890,1.818,"Load=1.818 N, t=51890 ms"
1,2026-01-11T00:47:00.372660,54.905609800480306,51900,1.885,"Load=1.885 N, t=51900 ms"
1,2026-01-11T00:47:00.382652,54.91560360044241,51910,1.267,"Load=1.267 N, t=51910 ms"
1,2026-01-11T00:47:00.393664,54.926615100353956,51920,1.434,"Load=1.434 N, t=51920 ms"
1,2026-01-11T00:47:00.403492,54.93644370045513,51930,1.952,"Load=1.952 N, t=51930 ms"
1,2026-01-11T00:47:00.413491,54.94644210021943,51940,2.273,"Load=2.273 N, t=51940 ms"
1,2026-01-11T00:47:00.423483,54.95643489994109,51950,1.468,"Load=1.468 N, t=51950 ms"
1,2026-01-11T00:47:00.433461,54.966412000358105,51960,1.497,"Load=1.497 N, t=51960 ms"
1,2026-01-11T00:47:00.442666,54.97561670001596,51970,1.81,"Load=1.810 N, t=51970 ms"
1,2026-01-11T00:47:00.453477,54.98642829991877,51980,2.125,"Load=2.125 N, t=51980 ms"
1,2026-01-11T00:47:00.463514,54.99646500032395,51990,1.572,"Load=1.572 N, t=51990 ms"
1,2026-01-11T00:47:00.473514,55.0064652999863,52000,1.489,"Load=1.489 N, t=52000 ms"
1,2026-01-11T00:47:00.483586,55.016536800190806,52010,1.818,"Load=1.818 N, t=52010 ms"
1,2026-01-11T00:47:00.493556,55.02650700043887,52020,2.014,"Load=2.014 N, t=52020 ms"
1,2026-01-11T00:47:00.503481,55.036431999877095,52030,1.714,"Load=1.714 N, t=52030 ms"
1,2026-01-11T00:47:00.513503,55.046454700641334,52040,1.335,"Load=1.335 N, t=52040 ms"
1,2026-01-11T00:47:00.523556,55.05650720000267,52050,1.942,"Load=1.942 N, t=52050 ms"
1,2026-01-11T00:47:00.533495,55.06644620001316,52060,1.97,"Load=1.970 N, t=52060 ms"
1,2026-01-11T00:47:00.543489,55.07643979974091,52070,1.642,"Load=1.642 N, t=52070 ms"
1,2026-01-11T00:47:00.553510,55.08646159991622,52080,1.533,"Load=1.533 N, t=52080 ms"
1,2026-01-11T00:47:00.563486,55.09643669985235,52090,1.869,"Load=1.869 N, t=52090 ms"
1,2026-01-11T00:47:00.574007,55.1069571999833,52100,1.996,"Load=1.996 N, t=52100 ms"
1,2026-01-11T00:47:00.583548,55.116498900577426,52110,1.794,"Load=1.794 N, t=52110 ms"
1,2026-01-11T00:47:00.593619,55.126569299958646,52120,1.349,"Load=1.349 N, t=52120 ms"
1,2026-01-11T00:47:00.603532,55.13648319989443,52130,1.616,"Load=1.616 N, t=52130 ms"
1,2026-01-11T00:47:00.613518,55.146469100378454,52140,1.859,"Load=1.859 N, t=52140 ms"
1,2026-01-11T00:47:00.623477,55.15642820019275,52150,1.696,"Load=1.696 N, t=52150 ms"
1,2026-01-11T00:47:00.633549,55.166500800289214,52160,1.104,"Load=1.104 N, t=52160 ms"
1,2026-01-11T00:47:00.643564,55.176514900289476,52170,1.574,"Load=1.574 N, t=52170 ms"
1,2026-01-11T00:47:00.653498,55.18644919991493,52180,1.882,"Load=1.882 N, t=52180 ms"
1,2026-01-11T00:47:00.663560,55.19651130028069,52190,1.737,"Load=1.737 N, t=52190 ms"
1,2026-01-11T00:47:00.673521,55.20647220034152,52200,1.564,"Load=1.564 N, t=52200 ms"
1,2026-01-11T00:47:00.683554,55.21650500036776,52210,1.743,"Load=1.743 N, t=52210 ms"
1,2026-01-11T00:47:00.694419,55.22736909985542,52220,1.938,"Load=1.938 N, t=52220 ms"
1,2026-01-11T00:47:00.704049,55.236999900080264,52230,1.944,"Load=1.944 N, t=52230 ms"
1,2026-01-11T00:47:00.713601,55.24655199982226,52240,1.502,"Load=1.502 N, t=52240 ms"
1,2026-01-11T00:47:00.723645,55.25659599993378,52250,1.246,"Load=1.246 N, t=52250 ms"
1,2026-01-11T00:47:00.733537,55.266487900167704,52260,1.543,"Load=1.543 N, t=52260 ms"
1,2026-01-11T00:47:00.743495,55.27644619997591,52270,1.9,"Load=1.900 N, t=52270 ms"
1,2026-01-11T00:47:00.754460,55.28741089999676,52280,1.499,"Load=1.499 N, t=52280 ms"
1,2026-01-11T00:47:00.764642,55.29759220033884,52290,1.412,"Load=1.412 N, t=52290 ms"
1,2026-01-11T00:47:00.774576,55.307526900433004,52300,1.605,"Load=1.605 N, t=52300 ms"
1,2026-01-11T00:47:00.783668,55.3166185002774,52310,1.911,"Load=1.911 N, t=52310 ms"
1,2026-01-11T00:47:00.793517,55.32646850030869,52320,1.295,"Load=1.295 N, t=52320 ms"
1,2026-01-11T00:47:00.803505,55.33645629975945,52330,1.262,"Load=1.262 N, t=52330 ms"
1,2026-01-11T00:47:00.814453,55.3474030001089,52340,1.897,"Load=1.897 N, t=52340 ms"
1,2026-01-11T00:47:00.824494,55.35744530055672,52350,2.087,"Load=2.087 N, t=52350 ms"
1,2026-01-11T00:47:00.834620,55.367571299895644,52360,1.619,"Load=1.619 N, t=52360 ms"
1,2026-01-11T00:47:00.844780,55.37772940006107,52370,1.321,"Load=1.321 N, t=52370 ms"
1,2026-01-11T00:47:00.854576,55.38752690050751,52380,1.272,"Load=1.272 N, t=52380 ms"
1,2026-01-11T00:47:00.863518,55.39646840002388,52390,1.905,"Load=1.905 N, t=52390 ms"
1,2026-01-11T00:47:00.874555,55.407505500130355,52400,1.696,"Load=1.696 N, t=52400 ms"
1,2026-01-11T00:47:00.884611,55.41756150033325,52410,1.334,"Load=1.334 N, t=52410 ms"
1,2026-01-11T00:47:00.894641,55.427592700347304,52420,1.505,"Load=1.505 N, t=52420 ms"
1,2026-01-11T00:47:00.904628,55.43757930025458,52430,2.118,"Load=2.118 N, t=52430 ms"
1,2026-01-11T00:47:00.914619,55.44756949972361,52440,1.83,"Load=1.830 N, t=52440 ms"
1,2026-01-11T00:47:00.924490,55.457440700381994,52450,1.251,"Load=1.251 N, t=52450 ms"
1,2026-01-11T00:47:00.934507,55.46745830029249,52460,1.83,"Load=1.830 N, t=52460 ms"
1,2026-01-11T00:47:00.944648,55.47759919986129,52470,1.88,"Load=1.880 N, t=52470 ms"
1,2026-01-11T00:47:00.954492,55.48744270019233,52480,1.707,"Load=1.707 N, t=52480 ms"
1,2026-01-11T00:47:00.964634,55.49758500047028,52490,1.093,"Load=1.093 N, t=52490 ms"
1,2026-01-11T00:47:00.974760,55.5077101001516,52500,1.58,"Load=1.580 N, t=52500 ms"
1,2026-01-11T00:47:00.984511,55.517462300136685,52510,1.787,"Load=1.787 N, t=52510 ms"
1,2026-01-11T00:47:00.994667,55.527617800049484,52520,1.94,"Load=1.940 N, t=52520 ms"
1,2026-01-11T00:47:01.004642,55.53759230021387,52530,1.417,"Load=1.417 N, t=52530 ms"
1,2026-01-11T00:47:01.014636,55.5475866002962,52540,1.435,"Load=1.435 N, t=52540 ms"
1,2026-01-11T00:47:01.024650,55.55760100018233,52550,1.903,"Load=1.903 N, t=52550 ms"
1,2026-01-11T00:47:01.034549,55.567499900236726,52560,1.833,"Load=1.833 N, t=52560 ms"
1,2026-01-11T00:47:01.044507,55.57745769992471,52570,1.329,"Load=1.329 N, t=52570 ms"
1,2026-01-11T00:47:01.054433,55.58738240040839,52580,1.564,"Load=1.564 N, t=52580 ms"
1,2026-01-11T00:47:01.064574,55.59752469975501,52590,1.94,"Load=1.940 N, t=52590 ms"
1,2026-01-11T00:47:01.074540,55.60749030020088,52600,1.908,"Load=1.908 N, t=52600 ms"
1,2026-01-11T00:47:01.084552,55.6175033999607,52610,1.815,"Load=1.815 N, t=52610 ms"
1,2026-01-11T00:47:01.094480,55.62743050046265,52620,1.243,"Load=1.243 N, t=52620 ms"
1,2026-01-11T00:47:01.104658,55.63760909996927,52630,1.712,"Load=1.712 N, t=52630 ms"
1,2026-01-11T00:47:01.114482,55.647433100268245,52640,2.244,"Load=2.244 N, t=52640 ms"
1,2026-01-11T00:47:01.124554,55.65750420000404,52650,1.563,"Load=1.563 N, t=52650 ms"
1,2026-01-11T00:47:01.134523,55.6674739997834,52660,1.314,"Load=1.314 N, t=52660 ms"
1,2026-01-11T00:47:01.144535,55.67748610023409,52670,1.73,"Load=1.730 N, t=52670 ms"
1,2026-01-11T00:47:01.154530,55.687480200082064,52680,2.107,"Load=2.107 N, t=52680 ms"
1,2026-01-11T00:47:01.164486,55.69743730034679,52690,1.567,"Load=1.567 N, t=52690 ms"
1,2026-01-11T00:47:01.174481,55.707431400194764,52700,1.544,"Load=1.544 N, t=52700 ms"
1,2026-01-11T00:47:01.184519,55.717469399794936,52710,1.66,"Load=1.660 N, t=52710 ms"
1,2026-01-11T00:47:01.194545,55.7274952000007,52720,1.95,"Load=1.950 N, t=52720 ms"
1,2026-01-11T00:47:01.204693,55.73764370009303,52730,1.657,"Load=1.657 N, t=52730 ms"
1,2026-01-11T00:47:01.214556,55.747506599873304,52740,1.295,"Load=1.295 N, t=52740 ms"
1,2026-01-11T00:47:01.224672,55.75762220006436,52750,1.794,"Load=1.794 N, t=52750 ms"
1,2026-01-11T00:47:01.234550,55.76750089973211,52760,1.836,"Load=1.836 N, t=52760 ms"
1,2026-01-11T00:47:01.245692,55.77864280063659,52770,1.611,"Load=1.611 N, t=52770 ms"
1,2026-01-11T00:47:01.255601,55.788551500067115,52780,1.43,"Load=1.430 N, t=52780 ms"
1,2026-01-11T00:47:01.264694,55.79764380026609,52790,1.457,"Load=1.457 N, t=52790 ms"
1,2026-01-11T00:47:01.274770,55.80771980062127,52800,1.743,"Load=1.743 N, t=52800 ms"
1,2026-01-11T00:47:01.284673,55.81762370001525,52810,1.704,"Load=1.704 N, t=52810 ms"
1,2026-01-11T00:47:01.294545,55.82749530021101,52820,1.368,"Load=1.368 N, t=52820 ms"
1,2026-01-11T00:47:01.305635,55.838585999794304,52830,1.589,"Load=1.589 N, t=52830 ms"
1,2026-01-11T00:47:01.315531,55.84848100040108,52840,2.268,"Load=2.268 N, t=52840 ms"
1,2026-01-11T00:47:01.325540,55.858490999788046,52850,1.95,"Load=1.950 N, t=52850 ms"
1,2026-01-11T00:47:01.335601,55.868551100604236,52860,1.944,"Load=1.944 N, t=52860 ms"
1,2026-01-11T00:47:01.344688,55.87763850018382,52870,1.435,"Load=1.435 N, t=52870 ms"
1,2026-01-11T00:47:01.354573,55.88752410002053,52880,1.856,"Load=1.856 N, t=52880 ms"
1,2026-01-11T00:47:01.365642,55.89859250001609,52890,1.909,"Load=1.909 N, t=52890 ms"
1,2026-01-11T00:47:01.375634,55.90858430042863,52900,1.551,"Load=1.551 N, t=52900 ms"
1,2026-01-11T00:47:01.385635,55.91858610045165,52910,1.342,"Load=1.342 N, t=52910 ms"
1,2026-01-11T00:47:01.395622,55.92857280001044,52920,1.874,"Load=1.874 N, t=52920 ms"
1,2026-01-11T00:47:01.405445,55.93839490041137,52930,1.742,"Load=1.742 N, t=52930 ms"
1,2026-01-11T00:47:01.415599,55.94854919984937,52940,1.587,"Load=1.587 N, t=52940 ms"
1,2026-01-11T00:47:01.425662,55.95861210022122,52950,1.441,"Load=1.441 N, t=52950 ms"
1,2026-01-11T00:47:01.435516,55.96846600063145,52960,1.717,"Load=1.717 N, t=52960 ms"
1,2026-01-11T00:47:01.445644,55.97859469987452,52970,1.838,"Load=1.838 N, t=52970 ms"
1,2026-01-11T00:47:01.455636,55.98858700040728,52980,1.678,"Load=1.678 N, t=52980 ms"
1,2026-01-11T00:47:01.465512,55.99846320040524,52990,1.675,"Load=1.675 N, t=52990 ms"
1,2026-01-11T00:47:01.475624,56.00857440009713,53000,1.725,"Load=1.725 N, t=53000 ms"
1,2026-01-11T00:47:01.485641,56.01859170012176,53010,1.969,"Load=1.969 N, t=53010 ms"
1,2026-01-11T00:47:01.495659,56.028609899803996,53020,1.72,"Load=1.720 N, t=53020 ms"
1,2026-01-11T00:47:01.505649,56.03859920054674,53030,1.305,"Load=1.305 N, t=53030 ms"
1,2026-01-11T00:47:01.515601,56.04855110030621,53040,1.709,"Load=1.709 N, t=53040 ms"
1,2026-01-11T00:47:01.525586,56.058536800555885,53050,2.278,"Load=2.278 N, t=53050 ms"
1,2026-01-11T00:47:01.535636,56.06858630012721,53060,1.486,"Load=1.486 N, t=53060 ms"
1,2026-01-11T00:47:01.545575,56.07852550037205,53070,1.383,"Load=1.383 N, t=53070 ms"
1,2026-01-11T00:47:01.555657,56.088608199730515,53080,1.94,"Load=1.940 N, t=53080 ms"
1,2026-01-11T00:47:01.565564,56.09851340018213,53090,1.931,"Load=1.931 N, t=53090 ms"
1,2026-01-11T00:47:01.575577,56.1085279006511,53100,1.634,"Load=1.634 N, t=53100 ms"
1,2026-01-11T00:47:01.585507,56.11845749989152,53110,1.412,"Load=1.412 N, t=53110 ms"
1,2026-01-11T00:47:01.595519,56.12846980057657,53120,1.714,"Load=1.714 N, t=53120 ms"
1,2026-01-11T00:47:01.605458,56.138407699763775,53130,1.903,"Load=1.903 N, t=53130 ms"
1,2026-01-11T00:47:01.615548,56.1484976997599,53140,1.763,"Load=1.763 N, t=53140 ms"
1,2026-01-11T00:47:01.625538,56.1584876999259,53150,1.515,"Load=1.515 N, t=53150 ms"
1,2026-01-11T00:47:01.635802,56.168752499856055,53160,1.36,"Load=1.360 N, t=53160 ms"
1,2026-01-11T00:47:01.645679,56.17862949986011,53170,1.838,"Load=1.838 N, t=53170 ms"
1,2026-01-11T00:47:01.655586,56.18853559996933,53180,2.027,"Load=2.027 N, t=53180 ms"
1,2026-01-11T00:47:01.665837,56.198787400498986,53190,1.217,"Load=1.217 N, t=53190 ms"
1,2026-01-11T00:47:01.675659,56.208608800545335,53200,1.311,"Load=1.311 N, t=53200 ms"
1,2026-01-11T00:47:01.685625,56.21857590042055,53210,1.957,"Load=1.957 N, t=53210 ms"
1,2026-01-11T00:47:01.695673,56.22862320020795,53220,2.037,"Load=2.037 N, t=53220 ms"
1,2026-01-11T00:47:01.705787,56.238736799918115,53230,1.427,"Load=1.427 N, t=53230 ms"
1,2026-01-11T00:47:01.715473,56.24842370022088,53240,1.564,"Load=1.564 N, t=53240 ms"
1,2026-01-11T00:47:01.725657,56.25860720034689,53250,1.991,"Load=1.991 N, t=53250 ms"
1,2026-01-11T00:47:01.736560,56.26951040048152,53260,2.058,"Load=2.058 N, t=53260 ms"
1,2026-01-11T00:47:01.745608,56.27855909988284,53270,1.329,"Load=1.329 N, t=53270 ms"
1,2026-01-11T00:47:01.755610,56.28855990059674,53280,1.543,"Load=1.543 N, t=53280 ms"
1,2026-01-11T00:47:01.765579,56.298529599793255,53290,1.727,"Load=1.727 N, t=53290 ms"
1,2026-01-11T00:47:01.775604,56.30855409987271,53300,1.996,"Load=1.996 N, t=53300 ms"
1,2026-01-11T00:47:01.785530,56.31846500001848,53310,1.513,"Load=1.513 N, t=53310 ms"
1,2026-01-11T00:47:01.796508,56.32945750001818,53320,1.315,"Load=1.315 N, t=53320 ms"
1,2026-01-11T00:47:01.806596,56.33954630047083,53330,1.681,"Load=1.681 N, t=53330 ms"
1,2026-01-11T00:47:01.816552,56.34950210060924,53340,1.954,"Load=1.954 N, t=53340 ms"
1,2026-01-11T00:47:01.825642,56.358592400327325,53350,1.686,"Load=1.686 N, t=53350 ms"
1,2026-01-11T00:47:01.835647,56.368597799912095,53360,1.215,"Load=1.215 N, t=53360 ms"
1,2026-01-11T00:47:01.845654,56.37860469985753,53370,1.616,"Load=1.616 N, t=53370 ms"
1,2026-01-11T00:47:01.856597,56.38954620063305,53380,2.137,"Load=2.137 N, t=53380 ms"
1,2026-01-11T00:47:01.866633,56.399583300575614,53390,1.725,"Load=1.725 N, t=53390 ms"
1,2026-01-11T00:47:01.876724,56.40967420022935,53400,1.332,"Load=1.332 N, t=53400 ms"
1,2026-01-11T00:47:01.886499,56.41944850049913,53410,1.479,"Load=1.479 N, t=53410 ms"
1,2026-01-11T00:47:01.896693,56.42964280024171,53420,1.742,"Load=1.742 N, t=53420 ms"
1,2026-01-11T00:47:01.905514,56.4384631998837,53430,1.59,"Load=1.590 N, t=53430 ms"
1,2026-01-11T00:47:01.916554,56.44950379990041,53440,1.441,"Load=1.441 N, t=53440 ms"
1,2026-01-11T00:47:01.926604,56.45955369994044,53450,1.601,"Load=1.601 N, t=53450 ms"
1,2026-01-11T00:47:01.936647,56.46959700062871,53460,1.988,"Load=1.988 N, t=53460 ms"
1,2026-01-11T00:47:01.946716,56.47966630011797,53470,1.81,"Load=1.810 N, t=53470 ms"
1,2026-01-11T00:47:01.956486,56.48943699989468,53480,1.447,"Load=1.447 N, t=53480 ms"
1,2026-01-11T00:47:01.966615,56.49956570006907,53490,1.716,"Load=1.716 N, t=53490 ms"
1,2026-01-11T00:47:01.976655,56.509605900384486,53500,1.846,"Load=1.846 N, t=53500 ms"
1,2026-01-11T00:47:01.986516,56.51946550048888,53510,1.991,"Load=1.991 N, t=53510 ms"
1,2026-01-11T00:47:01.996631,56.52958079986274,53520,1.567,"Load=1.567 N, t=53520 ms"
1,2026-01-11T00:47:02.006624,56.539574400521815,53530,1.453,"Load=1.453 N, t=53530 ms"
1,2026-01-11T00:47:02.016637,56.54958750028163,53540,2.035,"Load=2.035 N, t=53540 ms"
1,2026-01-11T00:47:02.026524,56.55947449989617,53550,1.812,"Load=1.812 N, t=53550 ms"
1,2026-01-11T00:47:02.036524,56.56947370059788,53560,1.515,"Load=1.515 N, t=53560 ms"
1,2026-01-11T00:47:02.046529,56.57947940006852,53570,1.466,"Load=1.466 N, t=53570 ms"
1,2026-01-11T00:47:02.056571,56.58952180016786,53580,1.74,"Load=1.740 N, t=53580 ms"
1,2026-01-11T00:47:02.066524,56.59947420004755,53590,2.115,"Load=2.115 N, t=53590 ms"
1,2026-01-11T00:47:02.076522,56.60947210062295,53600,1.676,"Load=1.676 N, t=53600 ms"
1,2026-01-11T00:47:02.086482,56.61943150032312,53610,1.205,"Load=1.205 N, t=53610 ms"
1,2026-01-11T00:47:02.096560,56.629509000107646,53620,1.453,"Load=1.453 N, t=53620 ms"
1,2026-01-11T00:47:02.106639,56.63958950061351,53630,1.973,"Load=1.973 N, t=53630 ms"
1,2026-01-11T00:47:02.116672,56.649622100405395,53640,1.583,"Load=1.583 N, t=53640 ms"
1,2026-01-11T00:47:02.126513,56.659462600015104,53650,1.209,"Load=1.209 N, t=53650 ms"
1,2026-01-11T00:47:02.136664,56.66961400024593,53660,1.782,"Load=1.782 N, t=53660 ms"
1,2026-01-11T00:47:02.146641,56.67959120031446,53670,1.957,"Load=1.957 N, t=53670 ms"
1,2026-01-11T00:47:02.156695,56.689645200036466,53680,1.777,"Load=1.777 N, t=53680 ms"
1,2026-01-11T00:47:02.166476,56.69942680001259,53690,1.378,"Load=1.378 N, t=53690 ms"
1,2026-01-11T00:47:02.176549,56.70949889998883,53700,1.481,"Load=1.481 N, t=53700 ms"
1,2026-01-11T00:47:02.186542,56.719491300173104,53710,2.118,"Load=2.118 N, t=53710 ms"
1,2026-01-11T00:47:02.196560,56.72950999997556,53720,1.59,"Load=1.590 N, t=53720 ms"
1,2026-01-11T00:47:02.206558,56.739508300088346,53730,1.334,"Load=1.334 N, t=53730 ms"
1,2026-01-11T00:47:02.217544,56.750492200255394,53740,1.649,"Load=1.649 N, t=53740 ms"
1,2026-01-11T00:47:02.227524,56.76047440059483,53750,1.874,"Load=1.874 N, t=53750 ms"
1,2026-01-11T00:47:02.237440,56.77039009984583,53760,2.154,"Load=2.154 N, t=53760 ms"
1,2026-01-11T00:47:02.246702,56.77965260017663,53770,1.287,"Load=1.287 N, t=53770 ms"
1,2026-01-11T00:47:02.256682,56.789632100611925,53780,1.344,"Load=1.344 N, t=53780 ms"
1,2026-01-11T00:47:02.266674,56.799623999744654,53790,2.12,"Load=2.120 N, t=53790 ms"
1,2026-01-11T00:47:02.276617,56.809567300602794,53800,1.833,"Load=1.833 N, t=53800 ms"
1,2026-01-11T00:47:02.288429,56.8213793002069,53810,1.361,"Load=1.361 N, t=53810 ms"
1,2026-01-11T00:47:02.297482,56.83043219987303,53820,1.453,"Load=1.453 N, t=53820 ms"
1,2026-01-11T00:47:02.307567,56.84051579982042,53830,1.903,"Load=1.903 N, t=53830 ms"
1,2026-01-11T00:47:02.317510,56.850460200570524,53840,1.851,"Load=1.851 N, t=53840 ms"
1,2026-01-11T00:47:02.326635,56.859585099853575,53850,1.481,"Load=1.481 N, t=53850 ms"
1,2026-01-11T00:47:02.336674,56.86962400004268,53860,1.298,"Load=1.298 N, t=53860 ms"
1,2026-01-11T00:47:02.347582,56.880531599745154,53870,1.748,"Load=1.748 N, t=53870 ms"
1,2026-01-11T00:47:02.357510,56.890459400601685,53880,1.833,"Load=1.833 N, t=53880 ms"
1,2026-01-11T00:47:02.367562,56.90051160007715,53890,2.06,"Load=2.060 N, t=53890 ms"
1,2026-01-11T00:47:02.377496,56.91044570039958,53900,1.562,"Load=1.562 N, t=53900 ms"
1,2026-01-11T00:47:02.387445,56.92039440013468,53910,1.771,"Load=1.771 N, t=53910 ms"
1,2026-01-11T00:47:02.396538,56.92948880046606,53920,1.991,"Load=1.991 N, t=53920 ms"
1,2026-01-11T00:47:02.407477,56.94042680040002,53930,1.595,"Load=1.595 N, t=53930 ms"
1,2026-01-11T00:47:02.417464,56.95041440054774,53940,1.585,"Load=1.585 N, t=53940 ms"
1,2026-01-11T00:47:02.427581,56.96053110063076,53950,1.836,"Load=1.836 N, t=53950 ms"
1,2026-01-11T00:47:02.437636,56.97058560047299,53960,2.001,"Load=2.001 N, t=53960 ms"
1,2026-01-11T00:47:02.447559,56.980508300475776,53970,1.357,"Load=1.357 N, t=53970 ms"
1,2026-01-11T00:47:02.457617,56.9905674001202,53980,1.536,"Load=1.536 N, t=53980 ms"
1,2026-01-11T00:47:02.467530,57.000480100512505,53990,1.339,"Load=1.339 N, t=53990 ms"
1,2026-01-11T00:47:02.477585,57.01053520012647,54000,2.104,"Load=2.104 N, t=54000 ms"
1,2026-01-11T00:47:02.487475,57.02042550034821,54010,1.825,"Load=1.825 N, t=54010 ms"
1,2026-01-11T00:47:02.497512,57.0304618999362,54020,1.406,"Load=1.406 N, t=54020 ms"
1,2026-01-11T00:47:02.507567,57.04051680024713,54030,1.544,"Load=1.544 N, t=54030 ms"
1,2026-01-11T00:47:02.517498,57.050448399968445,54040,1.931,"Load=1.931 N, t=54040 ms"
1,2026-01-11T00:47:02.527567,57.06051710061729,54050,1.851,"Load=1.851 N, t=54050 ms"
1,2026-01-11T00:47:02.537680,57.07062940020114,54060,1.963,"Load=1.963 N, t=54060 ms"
1,2026-01-11T00:47:02.547531,57.08048059977591,54070,1.368,"Load=1.368 N, t=54070 ms"
1,2026-01-11T00:47:02.557501,57.090450500138104,54080,2.159,"Load=2.159 N, t=54080 ms"
1,2026-01-11T00:47:02.567520,57.10046910028905,54090,1.82,"Load=1.820 N, t=54090 ms"
1,2026-01-11T00:47:02.577476,57.110426200553775,54100,1.46,"Load=1.460 N, t=54100 ms"
1,2026-01-11T00:47:02.587704,57.120653700083494,54110,1.508,"Load=1.508 N, t=54110 ms"
1,2026-01-11T00:47:02.597683,57.13063229992986,54120,2.28,"Load=2.280 N, t=54120 ms"
1,2026-01-11T00:47:02.607589,57.140538500621915,54130,1.874,"Load=1.874 N, t=54130 ms"
1,2026-01-11T00:47:02.617717,57.150667199864984,54140,1.554,"Load=1.554 N, t=54140 ms"
1,2026-01-11T00:47:02.627541,57.16049030050635,54150,1.476,"Load=1.476 N, t=54150 ms"
1,2026-01-11T00:47:02.637573,57.17052260041237,54160,1.857,"Load=1.857 N, t=54160 ms"
1,2026-01-11T00:47:02.648459,57.18140900041908,54170,1.707,"Load=1.707 N, t=54170 ms"
1,2026-01-11T00:47:02.658507,57.191456500440836,54180,1.468,"Load=1.468 N, t=54180 ms"
1,2026-01-11T00:47:02.667759,57.20070850010961,54190,1.329,"Load=1.329 N, t=54190 ms"
1,2026-01-11T00:47:02.677537,57.2104878006503,54200,1.96,"Load=1.960 N, t=54200 ms"
1,2026-01-11T00:47:02.687600,57.220549900084734,54210,1.95,"Load=1.950 N, t=54210 ms"
1,2026-01-11T00:47:02.697523,57.23047319985926,54220,1.895,"Load=1.895 N, t=54220 ms"
1,2026-01-11T00:47:02.708657,57.2416070997715,54230,1.467,"Load=1.467 N, t=54230 ms"
1,2026-01-11T00:47:02.718457,57.25140650011599,54240,1.562,"Load=1.562 N, t=54240 ms"
1,2026-01-11T00:47:02.728448,57.2613973999396,54250,2.045,"Load=2.045 N, t=54250 ms"
1,2026-01-11T00:47:02.737598,57.27054680045694,54260,1.895,"Load=1.895 N, t=54260 ms"
1,2026-01-11T00:47:02.747624,57.28057330008596,54270,1.466,"Load=1.466 N, t=54270 ms"
1,2026-01-11T00:47:02.757776,57.29072650056332,54280,1.815,"Load=1.815 N, t=54280 ms"
1,2026-01-11T00:47:02.768632,57.301582500338554,54290,2.003,"Load=2.003 N, t=54290 ms"
1,2026-01-11T00:47:02.778562,57.31151229981333,54300,1.665,"Load=1.665 N, t=54300 ms"
1,2026-01-11T00:47:02.788665,57.32161570060998,54310,1.15,"Load=1.150 N, t=54310 ms"
1,2026-01-11T00:47:02.798579,57.33152880053967,54320,1.554,"Load=1.554 N, t=54320 ms"
1,2026-01-11T00:47:02.808521,57.34147089999169,54330,2.05,"Load=2.050 N, t=54330 ms"
1,2026-01-11T00:47:02.817689,57.35063850041479,54340,1.857,"Load=1.857 N, t=54340 ms"
1,2026-01-11T00:47:02.828656,57.36160480044782,54350,1.311,"Load=1.311 N, t=54350 ms"
1,2026-01-11T00:47:02.838545,57.37149429973215,54360,1.513,"Load=1.513 N, t=54360 ms"
1,2026-01-11T00:47:02.848542,57.38149149995297,54370,2.257,"Load=2.257 N, t=54370 ms"
1,2026-01-11T00:47:02.858611,57.39156130049378,54380,1.714,"Load=1.714 N, t=54380 ms"
1,2026-01-11T00:47:02.868646,57.40159559994936,54390,1.365,"Load=1.365 N, t=54390 ms"
1,2026-01-11T00:47:02.878602,57.41155130043626,54400,1.536,"Load=1.536 N, t=54400 ms"
1,2026-01-11T00:47:02.887684,57.42063419986516,54410,1.875,"Load=1.875 N, t=54410 ms"
1,2026-01-11T00:47:02.898792,57.43174189981073,54420,1.873,"Load=1.873 N, t=54420 ms"
1,2026-01-11T00:47:02.908586,57.44153519999236,54430,1.538,"Load=1.538 N, t=54430 ms"
1,2026-01-11T00:47:02.918613,57.451562399975955,54440,1.231,"Load=1.231 N, t=54440 ms"
1,2026-01-11T00:47:02.928607,57.46155530028045,54450,2.87,"Load=2.870 N, t=54450 ms"
1,2026-01-11T00:47:02.938551,57.47149970009923,54460,1.9,"Load=1.900 N, t=54460 ms"
1,2026-01-11T00:47:02.948460,57.481410100124776,54470,1.564,"Load=1.564 N, t=54470 ms"
1,2026-01-11T00:47:02.958630,57.491580500267446,54480,1.484,"Load=1.484 N, t=54480 ms"
1,2026-01-11T00:47:02.968623,57.501572700217366,54490,1.978,"Load=1.978 N, t=54490 ms"
1,2026-01-11T00:47:02.978610,57.51155980024487,54500,2.617,"Load=2.617 N, t=54500 ms"
1,2026-01-11T00:47:02.988604,57.52155430056155,54510,1.443,"Load=1.443 N, t=54510 ms"
1,2026-01-11T00:47:02.998582,57.53153100050986,54520,1.342,"Load=1.342 N, t=54520 ms"
1,2026-01-11T00:47:03.008617,57.541566300205886,54530,2.001,"Load=2.001 N, t=54530 ms"
1,2026-01-11T00:47:03.018676,57.55162550043315,54540,2.106,"Load=2.106 N, t=54540 ms"
1,2026-01-11T00:47:03.028546,57.5614958005026,54550,1.513,"Load=1.513 N, t=54550 ms"
1,2026-01-11T00:47:03.038636,57.571585500612855,54560,1.295,"Load=1.295 N, t=54560 ms"
1,2026-01-11T00:47:03.048604,57.581554000265896,54570,1.949,"Load=1.949 N, t=54570 ms"
1,2026-01-11T00:47:03.058453,57.591403000056744,54580,2.213,"Load=2.213 N, t=54580 ms"
1,2026-01-11T00:47:03.068595,57.601544599980116,54590,1.564,"Load=1.564 N, t=54590 ms"
1,2026-01-11T00:47:03.079687,57.61263640038669,54600,1.513,"Load=1.513 N, t=54600 ms"
1,2026-01-11T00:47:03.088635,57.62158459983766,54610,1.707,"Load=1.707 N, t=54610 ms"
1,2026-01-11T00:47:03.098560,57.6315087005496,54620,1.885,"Load=1.885 N, t=54620 ms"
1,2026-01-11T00:47:03.108532,57.64148200023919,54630,1.704,"Load=1.704 N, t=54630 ms"
1,2026-01-11T00:47:03.118599,57.6515489006415,54640,1.419,"Load=1.419 N, t=54640 ms"
1,2026-01-11T00:47:03.128656,57.66160550061613,54650,1.867,"Load=1.867 N, t=54650 ms"
1,2026-01-11T00:47:03.138648,57.67159780021757,54660,2.048,"Load=2.048 N, t=54660 ms"
1,2026-01-11T00:47:03.148573,57.68152299989015,54670,1.833,"Load=1.833 N, t=54670 ms"
1,2026-01-11T00:47:03.158663,57.69161200057715,54680,1.314,"Load=1.314 N, t=54680 ms"
1,2026-01-11T00:47:03.168524,57.701473500579596,54690,1.5,"Load=1.500 N, t=54690 ms"
1,2026-01-11T00:47:03.178681,57.7116311006248,54700,2.016,"Load=2.016 N, t=54700 ms"
1,2026-01-11T00:47:03.188528,57.72147560026497,54710,1.642,"Load=1.642 N, t=54710 ms"
1,2026-01-11T00:47:03.199626,57.732575099915266,54720,1.263,"Load=1.263 N, t=54720 ms"
1,2026-01-11T00:47:03.209506,57.74245460052043,54730,1.402,"Load=1.402 N, t=54730 ms"
1,2026-01-11T00:47:03.218692,57.751641100272536,54740,1.996,"Load=1.996 N, t=54740 ms"
1,2026-01-11T00:47:03.228614,57.76156350038946,54750,1.906,"Load=1.906 N, t=54750 ms"
1,2026-01-11T00:47:03.238565,57.77151480037719,54760,1.365,"Load=1.365 N, t=54760 ms"
1,2026-01-11T00:47:03.248569,57.78151800017804,54770,1.409,"Load=1.409 N, t=54770 ms"
1,2026-01-11T00:47:03.259531,57.7924802005291,54780,1.967,"Load=1.967 N, t=54780 ms"
1,2026-01-11T00:47:03.269630,57.80257990024984,54790,1.877,"Load=1.877 N, t=54790 ms"
1,2026-01-11T00:47:03.279504,57.81245310045779,54800,1.601,"Load=1.601 N, t=54800 ms"
1,2026-01-11T00:47:03.289556,57.82250540051609,54810,1.616,"Load=1.616 N, t=54810 ms"
1,2026-01-11T00:47:03.298704,57.83165269996971,54820,1.735,"Load=1.735 N, t=54820 ms"
1,2026-01-11T00:47:03.308630,57.8415787005797,54830,1.626,"Load=1.626 N, t=54830 ms"
1,2026-01-11T00:47:03.319707,57.85265630017966,54840,1.705,"Load=1.705 N, t=54840 ms"
1,2026-01-11T00:47:03.329633,57.86258320044726,54850,1.363,"Load=1.363 N, t=54850 ms"
1,2026-01-11T00:47:03.339575,57.87252430059016,54860,1.804,"Load=1.804 N, t=54860 ms"
1,2026-01-11T00:47:03.349651,57.882599799893796,54870,2.016,"Load=2.016 N, t=54870 ms"
1,2026-01-11T00:47:03.359489,57.89243829995394,54880,1.608,"Load=1.608 N, t=54880 ms"
1,2026-01-11T00:47:03.369560,57.90250959992409,54890,1.354,"Load=1.354 N, t=54890 ms"
1,2026-01-11T00:47:03.379660,57.91260899975896,54900,1.657,"Load=1.657 N, t=54900 ms"
1,2026-01-11T00:47:03.389588,57.92253699991852,54910,1.814,"Load=1.814 N, t=54910 ms"
1,2026-01-11T00:47:03.399669,57.932618600316346,54920,2.508,"Load=2.508 N, t=54920 ms"
1,2026-01-11T00:47:03.409613,57.94256190024316,54930,1.326,"Load=1.326 N, t=54930 ms"
1,2026-01-11T00:47:03.419607,57.952554900199175,54940,1.735,"Load=1.735 N, t=54940 ms"
1,2026-01-11T00:47:03.429632,57.96258219983429,54950,1.952,"Load=1.952 N, t=54950 ms"
1,2026-01-11T00:47:03.439812,57.97276070062071,54960,1.818,"Load=1.818 N, t=54960 ms"
1,2026-01-11T00:47:03.449784,57.98273300006986,54970,1.541,"Load=1.541 N, t=54970 ms"
1,2026-01-11T00:47:03.459784,57.99273329973221,54980,1.482,"Load=1.482 N, t=54980 ms"
1,2026-01-11T00:47:03.469625,58.00257410015911,54990,2.604,"Load=2.604 N, t=54990 ms"
1,2026-01-11T00:47:03.479492,58.01244179997593,55000,1.735,"Load=1.735 N, t=55000 ms"
1,2026-01-11T00:47:03.489618,58.02256670035422,55010,1.126,"Load=1.126 N, t=55010 ms"
1,2026-01-11T00:47:03.499612,58.03256050031632,55020,1.472,"Load=1.472 N, t=55020 ms"
1,2026-01-11T00:47:03.509651,58.04260110016912,55030,2.004,"Load=2.004 N, t=55030 ms"
1,2026-01-11T00:47:03.519820,58.0527694998309,55040,1.797,"Load=1.797 N, t=55040 ms"
1,2026-01-11T00:47:03.529608,58.062556999735534,55050,1.394,"Load=1.394 N, t=55050 ms"
1,2026-01-11T00:47:03.539578,58.07252710033208,55060,1.655,"Load=1.655 N, t=55060 ms"
1,2026-01-11T00:47:03.549677,58.08262600004673,55070,1.538,"Load=1.538 N, t=55070 ms"
1,2026-01-11T00:47:03.560555,58.09350370056927,55080,1.832,"Load=1.832 N, t=55080 ms"
1,2026-01-11T00:47:03.569624,58.10257329978049,55090,1.665,"Load=1.665 N, t=55090 ms"
1,2026-01-11T00:47:03.579582,58.1125303003937,55100,1.507,"Load=1.507 N, t=55100 ms"
1,2026-01-11T00:47:03.589618,58.12256680056453,55110,1.748,"Load=1.748 N, t=55110 ms"
1,2026-01-11T00:47:03.599574,58.13252309989184,55120,1.711,"Load=1.711 N, t=55120 ms"
1,2026-01-11T00:47:03.609688,58.14263640064746,55130,1.963,"Load=1.963 N, t=55130 ms"
1,2026-01-11T00:47:03.620529,58.15347670018673,55140,1.247,"Load=1.247 N, t=55140 ms"
1,2026-01-11T00:47:03.630622,58.16357070021331,55150,1.642,"Load=1.642 N, t=55150 ms"
1,2026-01-11T00:47:03.640609,58.17355800047517,55160,1.906,"Load=1.906 N, t=55160 ms"
1,2026-01-11T00:47:03.650518,58.18346740026027,55170,1.52,"Load=1.520 N, t=55170 ms"
1,2026-01-11T00:47:03.659540,58.19248879980296,55180,1.267,"Load=1.267 N, t=55180 ms"
1,2026-01-11T00:47:03.669611,58.20255950000137,55190,1.649,"Load=1.649 N, t=55190 ms"
1,2026-01-11T00:47:03.680517,58.213466400280595,55200,2.012,"Load=2.012 N, t=55200 ms"
1,2026-01-11T00:47:03.690509,58.22345839999616,55210,1.538,"Load=1.538 N, t=55210 ms"
1,2026-01-11T00:47:03.700626,58.23357430007309,55220,1.352,"Load=1.352 N, t=55220 ms"
1,2026-01-11T00:47:03.710619,58.24356759991497,55230,1.711,"Load=1.711 N, t=55230 ms"
1,2026-01-11T00:47:03.720552,58.25350170023739,55240,1.76,"Load=1.760 N, t=55240 ms"
1,2026-01-11T00:47:03.730495,58.26344360038638,55250,1.761,"Load=1.761 N, t=55250 ms"
1,2026-01-11T00:47:03.740561,58.27351010031998,55260,1.551,"Load=1.551 N, t=55260 ms"
1,2026-01-11T00:47:03.750498,58.28344800043851,55270,1.546,"Load=1.546 N, t=55270 ms"
1,2026-01-11T00:47:03.760605,58.293553500436246,55280,1.813,"Load=1.813 N, t=55280 ms"
1,2026-01-11T00:47:03.770664,58.30361319985241,55290,1.95,"Load=1.950 N, t=55290 ms"
1,2026-01-11T00:47:03.780555,58.31350400019437,55300,1.634,"Load=1.634 N, t=55300 ms"
1,2026-01-11T00:47:03.790555,58.3235037997365,55310,1.502,"Load=1.502 N, t=55310 ms"
1,2026-01-11T00:47:03.800618,58.333567400462925,55320,1.97,"Load=1.970 N, t=55320 ms"
1,2026-01-11T00:47:03.810594,58.343542399816215,55330,2.005,"Load=2.005 N, t=55330 ms"
1,2026-01-11T00:47:03.820519,58.35346810054034,55340,1.769,"Load=1.769 N, t=55340 ms"
1,2026-01-11T00:47:03.830634,58.363583399914205,55350,1.293,"Load=1.293 N, t=55350 ms"
1,2026-01-11T00:47:03.840581,58.37353039998561,55360,1.82,"Load=1.820 N, t=55360 ms"
1,2026-01-11T00:47:03.850651,58.38359980005771,55370,1.761,"Load=1.761 N, t=55370 ms"
1,2026-01-11T00:47:03.860815,58.39376290049404,55380,1.411,"Load=1.411 N, t=55380 ms"
1,2026-01-11T00:47:03.870556,58.403504700399935,55390,1.508,"Load=1.508 N, t=55390 ms"
1,2026-01-11T00:47:03.880667,58.41361610032618,55400,1.694,"Load=1.694 N, t=55400 ms"
1,2026-01-11T00:47:03.890660,58.423609600402415,55410,1.691,"Load=1.691 N, t=55410 ms"
1,2026-01-11T00:47:03.900620,58.433568900451064,55420,1.696,"Load=1.696 N, t=55420 ms"
1,2026-01-11T00:47:03.910626,58.44357489980757,55430,1.531,"Load=1.531 N, t=55430 ms"
1,2026-01-11T00:47:03.920659,58.45360739994794,55440,1.445,"Load=1.445 N, t=55440 ms"
1,2026-01-11T00:47:03.930603,58.46355210058391,55450,2.219,"Load=2.219 N, t=55450 ms"
1,2026-01-11T00:47:03.940685,58.4736336003989,55460,1.869,"Load=1.869 N, t=55460 ms"
1,2026-01-11T00:47:03.950698,58.4836466005072,55470,1.399,"Load=1.399 N, t=55470 ms"
1,2026-01-11T00:47:03.960664,58.49361210037023,55480,1.634,"Load=1.634 N, t=55480 ms"
1,2026-01-11T00:47:03.970662,58.5036108000204,55490,2.05,"Load=2.050 N, t=55490 ms"
1,2026-01-11T00:47:03.980647,58.5135962003842,55500,1.789,"Load=1.789 N, t=55500 ms"
1,2026-01-11T00:47:03.991734,58.524683400057256,55510,1.477,"Load=1.477 N, t=55510 ms"
1,2026-01-11T00:47:04.001600,58.53454819973558,55520,1.712,"Load=1.712 N, t=55520 ms"
1,2026-01-11T00:47:04.010673,58.543622500263155,55530,2.376,"Load=2.376 N, t=55530 ms"
1,2026-01-11T00:47:04.020542,58.55349129997194,55540,1.778,"Load=1.778 N, t=55540 ms"
1,2026-01-11T00:47:04.030677,58.56362610030919,55550,1.28,"Load=1.280 N, t=55550 ms"
1,2026-01-11T00:47:04.040586,58.57353449985385,55560,1.789,"Load=1.789 N, t=55560 ms"
1,2026-01-11T00:47:04.051644,58.58459230046719,55570,1.775,"Load=1.775 N, t=55570 ms"
1,2026-01-11T00:47:04.061631,58.59457980003208,55580,1.941,"Load=1.941 N, t=55580 ms"
1,2026-01-11T00:47:04.071617,58.604566000401974,55590,1.652,"Load=1.652 N, t=55590 ms"
1,2026-01-11T00:47:04.081627,58.61457630060613,55600,1.132,"Load=1.132 N, t=55600 ms"
1,2026-01-11T00:47:04.091494,58.62444220017642,55610,2.061,"Load=2.061 N, t=55610 ms"
1,2026-01-11T00:47:04.100704,58.63365299999714,55620,1.639,"Load=1.639 N, t=55620 ms"
1,2026-01-11T00:47:04.111555,58.64450330007821,55630,1.506,"Load=1.506 N, t=55630 ms"
1,2026-01-11T00:47:04.121566,58.65451420005411,55640,1.378,"Load=1.378 N, t=55640 ms"
1,2026-01-11T00:47:04.131518,58.66446750052273,55650,1.654,"Load=1.654 N, t=55650 ms"
1,2026-01-11T00:47:04.141615,58.67456379998475,55660,1.931,"Load=1.931 N, t=55660 ms"
1,2026-01-11T00:47:04.151469,58.684418300166726,55670,1.51,"Load=1.510 N, t=55670 ms"
1,2026-01-11T00:47:04.161594,58.694543399848044,55680,1.23,"Load=1.230 N, t=55680 ms"
1,2026-01-11T00:47:04.171627,58.704576100222766,55690,1.724,"Load=1.724 N, t=55690 ms"
1,2026-01-11T00:47:04.181460,58.71440950036049,55700,2.118,"Load=2.118 N, t=55700 ms"
1,2026-01-11T00:47:04.191623,58.72457129973918,55710,1.766,"Load=1.766 N, t=55710 ms"
1,2026-01-11T00:47:04.201641,58.734589700587094,55720,1.59,"Load=1.590 N, t=55720 ms"
1,2026-01-11T00:47:04.211653,58.74460140056908,55730,1.774,"Load=1.774 N, t=55730 ms"
1,2026-01-11T00:47:04.221520,58.754468800500035,55740,2.025,"Load=2.025 N, t=55740 ms"
1,2026-01-11T00:47:04.231576,58.764523800462484,55750,1.892,"Load=1.892 N, t=55750 ms"
1,2026-01-11T00:47:04.241542,58.77449049986899,55760,1.287,"Load=1.287 N, t=55760 ms"
1,2026-01-11T00:47:04.251637,58.78458520025015,55770,1.725,"Load=1.725 N, t=55770 ms"
1,2026-01-11T00:47:04.262634,58.795583200640976,55780,2.032,"Load=2.032 N, t=55780 ms"
1,2026-01-11T00:47:04.271655,58.80460420064628,55790,1.735,"Load=1.735 N, t=55790 ms"
1,2026-01-11T00:47:04.281539,58.814487900584936,55800,1.332,"Load=1.332 N, t=55800 ms"
1,2026-01-11T00:47:04.291696,58.82464500050992,55810,1.406,"Load=1.406 N, t=55810 ms"
1,2026-01-11T00:47:04.301675,58.834623999893665,55820,1.849,"Load=1.849 N, t=55820 ms"
1,2026-01-11T00:47:04.311682,58.84463080018759,55830,1.903,"Load=1.903 N, t=55830 ms"
1,2026-01-11T00:47:04.321661,58.85460980050266,55840,1.364,"Load=1.364 N, t=55840 ms"
1,2026-01-11T00:47:04.331550,58.86449840012938,55850,1.505,"Load=1.505 N, t=55850 ms"
1,2026-01-11T00:47:04.341537,58.874485599808395,55860,1.859,"Load=1.859 N, t=55860 ms"
1,2026-01-11T00:47:04.352434,58.88538210000843,55870,2.017,"Load=2.017 N, t=55870 ms"
1,2026-01-11T00:47:04.361629,58.89457780029625,55880,1.354,"Load=1.354 N, t=55880 ms"
1,2026-01-11T00:47:04.371542,58.90449140034616,55890,1.254,"Load=1.254 N, t=55890 ms"
1,2026-01-11T00:47:04.381527,58.91447550058365,55900,1.794,"Load=1.794 N, t=55900 ms"
1,2026-01-11T00:47:04.391677,58.92462650034577,55910,1.963,"Load=1.963 N, t=55910 ms"
1,2026-01-11T00:47:04.401600,58.93454940058291,55920,1.396,"Load=1.396 N, t=55920 ms"
1,2026-01-11T00:47:04.412573,58.945521200075746,55930,1.359,"Load=1.359 N, t=55930 ms"
1,2026-01-11T00:47:04.422680,58.955627700313926,55940,1.572,"Load=1.572 N, t=55940 ms"
1,2026-01-11T00:47:04.431689,58.96463720034808,55950,1.722,"Load=1.722 N, t=55950 ms"
1,2026-01-11T00:47:04.441662,58.97461060062051,55960,1.632,"Load=1.632 N, t=55960 ms"
1,2026-01-11T00:47:04.451683,58.98463189974427,55970,1.51,"Load=1.510 N, t=55970 ms"
1,2026-01-11T00:47:04.461620,58.99456949997693,55980,1.554,"Load=1.554 N, t=55980 ms"
1,2026-01-11T00:47:04.472641,59.00558920018375,55990,1.873,"Load=1.873 N, t=55990 ms"
1,2026-01-11T00:47:04.482630,59.01557799987495,56000,1.815,"Load=1.815 N, t=56000 ms"
1,2026-01-11T00:47:04.492535,59.02548400033265,56010,1.455,"Load=1.455 N, t=56010 ms"
1,2026-01-11T00:47:04.502581,59.035528999753296,56020,1.624,"Load=1.624 N, t=56020 ms"
1,2026-01-11T00:47:04.511675,59.04462330043316,56030,2.198,"Load=2.198 N, t=56030 ms"
1,2026-01-11T00:47:04.521682,59.05463059991598,56040,1.67,"Load=1.670 N, t=56040 ms"
1,2026-01-11T00:47:04.531678,59.06462709978223,56050,1.489,"Load=1.489 N, t=56050 ms"
1,2026-01-11T00:47:04.542482,59.07543039973825,56060,1.479,"Load=1.479 N, t=56060 ms"
1,2026-01-11T00:47:04.552633,59.085581900551915,56070,1.872,"Load=1.872 N, t=56070 ms"
1,2026-01-11T00:47:04.562642,59.09559090062976,56080,2.061,"Load=2.061 N, t=56080 ms"
1,2026-01-11T00:47:04.572458,59.10540680028498,56090,1.332,"Load=1.332 N, t=56090 ms"
1,2026-01-11T00:47:04.582415,59.115363700315356,56100,1.494,"Load=1.494 N, t=56100 ms"
1,2026-01-11T00:47:04.591619,59.1245683003217,56110,1.908,"Load=1.908 N, t=56110 ms"
1,2026-01-11T00:47:04.602678,59.135626000352204,56120,1.957,"Load=1.957 N, t=56120 ms"
1,2026-01-11T00:47:04.612517,59.1454647006467,56130,1.487,"Load=1.487 N, t=56130 ms"
1,2026-01-11T00:47:04.622653,59.155601100064814,56140,1.331,"Load=1.331 N, t=56140 ms"
1,2026-01-11T00:47:04.632505,59.1654535997659,56150,1.872,"Load=1.872 N, t=56150 ms"
1,2026-01-11T00:47:04.642617,59.175565499812365,56160,1.875,"Load=1.875 N, t=56160 ms"
1,2026-01-11T00:47:04.652466,59.1854148004204,56170,1.593,"Load=1.593 N, t=56170 ms"
1,2026-01-11T00:47:04.662668,59.19561650045216,56180,1.455,"Load=1.455 N, t=56180 ms"
1,2026-01-11T00:47:04.672498,59.20544689986855,56190,1.846,"Load=1.846 N, t=56190 ms"
1,2026-01-11T00:47:04.682502,59.21545100025833,56200,2.177,"Load=2.177 N, t=56200 ms"
1,2026-01-11T00:47:04.692511,59.225459299981594,56210,1.557,"Load=1.557 N, t=56210 ms"
1,2026-01-11T00:47:04.702513,59.23546120058745,56220,1.445,"Load=1.445 N, t=56220 ms"
1,2026-01-11T00:47:04.712571,59.245519099757075,56230,1.9,"Load=1.900 N, t=56230 ms"
1,2026-01-11T00:47:04.722668,59.25561570003629,56240,2.032,"Load=2.032 N, t=56240 ms"
1,2026-01-11T00:47:04.732536,59.265484699979424,56250,1.618,"Load=1.618 N, t=56250 ms"
1,2026-01-11T00:47:04.742585,59.27553279977292,56260,1.3,"Load=1.300 N, t=56260 ms"
1,2026-01-11T00:47:04.752524,59.285472200252116,56270,1.709,"Load=1.709 N, t=56270 ms"
1,2026-01-11T00:47:04.762626,59.29557489976287,56280,2.138,"Load=2.138 N, t=56280 ms"
1,2026-01-11T00:47:04.772530,59.30547889973968,56290,2.117,"Load=2.117 N, t=56290 ms"
1,2026-01-11T00:47:04.782567,59.315514700487256,56300,1.429,"Load=1.429 N, t=56300 ms"
1,2026-01-11T00:47:04.792546,59.325493699871004,56310,1.593,"Load=1.593 N, t=56310 ms"
1,2026-01-11T00:47:04.802539,59.33548700064421,56320,2.107,"Load=2.107 N, t=56320 ms"
1,2026-01-11T00:47:04.812556,59.345504200086,56330,1.634,"Load=1.634 N, t=56330 ms"
1,2026-01-11T00:47:04.822536,59.35548420064151,56340,1.331,"Load=1.331 N, t=56340 ms"
1,2026-01-11T00:47:04.832696,59.365644900128245,56350,1.536,"Load=1.536 N, t=56350 ms"
1,2026-01-11T00:47:04.842687,59.37563550006598,56360,2.202,"Load=2.202 N, t=56360 ms"
1,2026-01-11T00:47:04.852840,59.385788599960506,56370,1.75,"Load=1.750 N, t=56370 ms"
1,2026-01-11T00:47:04.862692,59.3956398004666,56380,1.541,"Load=1.541 N, t=56380 ms"
1,2026-01-11T00:47:04.872769,59.40571689978242,56390,1.556,"Load=1.556 N, t=56390 ms"
1,2026-01-11T00:47:04.882696,59.41564430017024,56400,1.895,"Load=1.895 N, t=56400 ms"
1,2026-01-11T00:47:04.892526,59.42547409981489,56410,1.877,"Load=1.877 N, t=56410 ms"
1,2026-01-11T00:47:04.903436,59.436383300460875,56420,1.4,"Load=1.400 N, t=56420 ms"
1,2026-01-11T00:47:04.912692,59.44563970062882,56430,1.228,"Load=1.228 N, t=56430 ms"
1,2026-01-11T00:47:04.922839,59.45578690059483,56440,1.89,"Load=1.890 N, t=56440 ms"
1,2026-01-11T00:47:04.932510,59.46545900031924,56450,1.729,"Load=1.729 N, t=56450 ms"
1,2026-01-11T00:47:04.942541,59.4754889998585,56460,1.362,"Load=1.362 N, t=56460 ms"
1,2026-01-11T00:47:04.952664,59.485613100230694,56470,1.531,"Load=1.531 N, t=56470 ms"
1,2026-01-11T00:47:04.963502,59.49645090010017,56480,1.796,"Load=1.796 N, t=56480 ms"
1,2026-01-11T00:47:04.973497,59.50644449982792,56490,1.986,"Load=1.986 N, t=56490 ms"
1,2026-01-11T00:47:04.983466,59.51641390006989,56500,1.614,"Load=1.614 N, t=56500 ms"
1,2026-01-11T00:47:04.992907,59.525855500251055,56510,1.461,"Load=1.461 N, t=56510 ms"
1,2026-01-11T00:47:05.002658,59.53560550045222,56520,1.89,"Load=1.890 N, t=56520 ms"
1,2026-01-11T00:47:05.012555,59.545503600500524,56530,1.828,"Load=1.828 N, t=56530 ms"
1,2026-01-11T00:47:05.023523,59.55647150054574,56540,1.398,"Load=1.398 N, t=56540 ms"
1,2026-01-11T00:47:05.033676,59.566623699851334,56550,1.227,"Load=1.227 N, t=56550 ms"
1,2026-01-11T00:47:05.043496,59.57644440047443,56560,1.862,"Load=1.862 N, t=56560 ms"
1,2026-01-11T00:47:05.053571,59.58651940058917,56570,2.009,"Load=2.009 N, t=56570 ms"
1,2026-01-11T00:47:05.062591,59.5955397002399,56580,1.478,"Load=1.478 N, t=56580 ms"
1,2026-01-11T00:47:05.072687,59.60563510004431,56590,1.396,"Load=1.396 N, t=56590 ms"
1,2026-01-11T00:47:05.083470,59.61641750019044,56600,1.626,"Load=1.626 N, t=56600 ms"
1,2026-01-11T00:47:05.093504,59.62645220011473,56610,1.965,"Load=1.965 N, t=56610 ms"
1,2026-01-11T00:47:05.103456,59.6364040998742,56620,1.812,"Load=1.812 N, t=56620 ms"
1,2026-01-11T00:47:05.114357,59.64730540011078,56630,1.365,"Load=1.365 N, t=56630 ms"
1,2026-01-11T00:47:05.123603,59.656550999730825,56640,1.585,"Load=1.585 N, t=56640 ms"
1,2026-01-11T00:47:05.132598,59.665546000003815,56650,2.26,"Load=2.260 N, t=56650 ms"
1,2026-01-11T00:47:05.142742,59.67569040041417,56660,1.678,"Load=1.678 N, t=56660 ms"
1,2026-01-11T00:47:05.153511,59.68645879998803,56670,1.379,"Load=1.379 N, t=56670 ms"
1,2026-01-11T00:47:05.163590,59.69653830025345,56680,1.448,"Load=1.448 N, t=56680 ms"
1,2026-01-11T00:47:05.173581,59.7065289998427,56690,1.939,"Load=1.939 N, t=56690 ms"
1,2026-01-11T00:47:05.183481,59.71642949990928,56700,1.707,"Load=1.707 N, t=56700 ms"
1,2026-01-11T00:47:05.193466,59.72641449980438,56710,1.6,"Load=1.600 N, t=56710 ms"
1,2026-01-11T00:47:05.202697,59.73564550001174,56720,1.616,"Load=1.616 N, t=56720 ms"
1,2026-01-11T00:47:05.213615,59.74656399991363,56730,1.907,"Load=1.907 N, t=56730 ms"
1,2026-01-11T00:47:05.223480,59.7564272005111,56740,1.954,"Load=1.954 N, t=56740 ms"
1,2026-01-11T00:47:05.233501,59.766448999755085,56750,1.564,"Load=1.564 N, t=56750 ms"
1,2026-01-11T00:47:05.243512,59.77646060008556,56760,1.766,"Load=1.766 N, t=56760 ms"
1,2026-01-11T00:47:05.253501,59.786449200473726,56770,1.766,"Load=1.766 N, t=56770 ms"
1,2026-01-11T00:47:05.263476,59.79642360005528,56780,1.97,"Load=1.970 N, t=56780 ms"
1,2026-01-11T00:47:05.273607,59.80655589979142,56790,1.313,"Load=1.313 N, t=56790 ms"
1,2026-01-11T00:47:05.283518,59.816465800628066,56800,1.582,"Load=1.582 N, t=56800 ms"
1,2026-01-11T00:47:05.293501,59.82644890062511,56810,1.934,"Load=1.934 N, t=56810 ms"
1,2026-01-11T00:47:05.303513,59.83646210003644,56820,1.947,"Load=1.947 N, t=56820 ms"
1,2026-01-11T00:47:05.313494,59.84644210059196,56830,1.419,"Load=1.419 N, t=56830 ms"
1,2026-01-11T00:47:05.323520,59.856468699872494,56840,1.502,"Load=1.502 N, t=56840 ms"
1,2026-01-11T00:47:05.333668,59.86661660019308,56850,1.974,"Load=1.974 N, t=56850 ms"
1,2026-01-11T00:47:05.343522,59.87647010013461,56860,1.8,"Load=1.800 N, t=56860 ms"
1,2026-01-11T00:47:05.353469,59.88641760032624,56870,1.474,"Load=1.474 N, t=56870 ms"
1,2026-01-11T00:47:05.363480,59.896427700296044,56880,1.402,"Load=1.402 N, t=56880 ms"
1,2026-01-11T00:47:05.373532,59.906480100005865,56890,1.695,"Load=1.695 N, t=56890 ms"
1,2026-01-11T00:47:05.383479,59.91642719972879,56900,2.309,"Load=2.309 N, t=56900 ms"
1,2026-01-11T00:47:05.393568,59.926515500061214,56910,1.366,"Load=1.366 N, t=56910 ms"
1,2026-01-11T00:47:05.403604,59.936552099883556,56920,1.248,"Load=1.248 N, t=56920 ms"
1,2026-01-11T00:47:05.413530,59.94647719990462,56930,1.536,"Load=1.536 N, t=56930 ms"
1,2026-01-11T00:47:05.423541,59.95648950058967,56940,1.714,"Load=1.714 N, t=56940 ms"
1,2026-01-11T00:47:05.433655,59.96660330053419,56950,1.496,"Load=1.496 N, t=56950 ms"
1,2026-01-11T00:47:05.443537,59.976484700106084,56960,1.315,"Load=1.315 N, t=56960 ms"
1,2026-01-11T00:47:05.453505,59.98645289987326,56970,1.729,"Load=1.729 N, t=56970 ms"
1,2026-01-11T00:47:05.463634,59.996582300402224,56980,1.789,"Load=1.789 N, t=56980 ms"
1,2026-01-11T00:47:05.473519,60.00646669976413,56990,1.652,"Load=1.652 N, t=56990 ms"
1,2026-01-11T00:47:05.483571,60.01651890017092,57000,1.376,"Load=1.376 N, t=57000 ms"
1,2026-01-11T00:47:05.493559,60.0265071997419,57010,1.693,"Load=1.693 N, t=57010 ms"
1,2026-01-11T00:47:05.503553,60.03650170005858,57020,1.96,"Load=1.960 N, t=57020 ms"
1,2026-01-11T00:47:05.514486,60.04743370041251,57030,1.786,"Load=1.786 N, t=57030 ms"
1,2026-01-11T00:47:05.523682,60.05663030035794,57040,1.502,"Load=1.502 N, t=57040 ms"
1,2026-01-11T00:47:05.533552,60.06649999972433,57050,1.611,"Load=1.611 N, t=57050 ms"
1,2026-01-11T00:47:05.543538,60.07648610044271,57060,1.965,"Load=1.965 N, t=57060 ms"
1,2026-01-11T00:47:05.553644,60.086592100560665,57070,1.624,"Load=1.624 N, t=57070 ms"
1,2026-01-11T00:47:05.563603,60.09655070025474,57080,1.294,"Load=1.294 N, t=57080 ms"
1,2026-01-11T00:47:05.574498,60.10744629986584,57090,1.547,"Load=1.547 N, t=57090 ms"
1,2026-01-11T00:47:05.584659,60.11760720051825,57100,1.794,"Load=1.794 N, t=57100 ms"
1,2026-01-11T00:47:05.594570,60.1275180997327,57110,1.784,"Load=1.784 N, t=57110 ms"
1,2026-01-11T00:47:05.603563,60.136510900221765,57120,1.673,"Load=1.673 N, t=57120 ms"
1,2026-01-11T00:47:05.613575,60.14652349986136,57130,1.24,"Load=1.240 N, t=57130 ms"
1,2026-01-11T00:47:05.623552,60.1564998999238,57140,1.771,"Load=1.771 N, t=57140 ms"
1,2026-01-11T00:47:05.634611,60.167558800429106,57150,2.257,"Load=2.257 N, t=57150 ms"
1,2026-01-11T00:47:05.644618,60.17756550014019,57160,1.37,"Load=1.370 N, t=57160 ms"
1,2026-01-11T00:47:05.654578,60.187526100315154,57170,1.701,"Load=1.701 N, t=57170 ms"
1,2026-01-11T00:47:05.664430,60.19737790059298,57180,1.725,"Load=1.725 N, t=57180 ms"
1,2026-01-11T00:47:05.673563,60.206511800177395,57190,2.107,"Load=2.107 N, t=57190 ms"
1,2026-01-11T00:47:05.683551,60.216499200090766,57200,1.541,"Load=1.541 N, t=57200 ms"
1,2026-01-11T00:47:05.694612,60.22755980025977,57210,1.369,"Load=1.369 N, t=57210 ms"
1,2026-01-11T00:47:05.704519,60.23746730014682,57220,1.712,"Load=1.712 N, t=57220 ms"
1,2026-01-11T00:47:05.714522,60.24746960029006,57230,2.017,"Load=2.017 N, t=57230 ms"
1,2026-01-11T00:47:05.724642,60.257590000517666,57240,1.862,"Load=1.862 N, t=57240 ms"
1,2026-01-11T00:47:05.734480,60.267427099868655,57250,1.373,"Load=1.373 N, t=57250 ms"
1,2026-01-11T00:47:05.744481,60.277428899891675,57260,1.857,"Load=1.857 N, t=57260 ms"
1,2026-01-11T00:47:05.754552,60.28749939985573,57270,1.904,"Load=1.904 N, t=57270 ms"
1,2026-01-11T00:47:05.764520,60.29746720008552,57280,1.533,"Load=1.533 N, t=57280 ms"
1,2026-01-11T00:47:05.774670,60.307617800310254,57290,1.344,"Load=1.344 N, t=57290 ms"
1,2026-01-11T00:47:05.784640,60.31758700031787,57300,1.81,"Load=1.810 N, t=57300 ms"
1,2026-01-11T00:47:05.794636,60.32758350018412,57310,2.226,"Load=2.226 N, t=57310 ms"
1,2026-01-11T00:47:05.804737,60.33768509980291,57320,1.673,"Load=1.673 N, t=57320 ms"
1,2026-01-11T00:47:05.814765,60.34771250002086,57330,1.592,"Load=1.592 N, t=57330 ms"
1,2026-01-11T00:47:05.824527,60.357475199736655,57340,1.655,"Load=1.655 N, t=57340 ms"
1,2026-01-11T00:47:05.834611,60.367558900266886,57350,1.942,"Load=1.942 N, t=57350 ms"
1,2026-01-11T00:47:05.844667,60.37761460058391,57360,1.939,"Load=1.939 N, t=57360 ms"
1,2026-01-11T00:47:05.854614,60.387561400420964,57370,1.407,"Load=1.407 N, t=57370 ms"
1,2026-01-11T00:47:05.864505,60.397453299723566,57380,1.364,"Load=1.364 N, t=57380 ms"
1,2026-01-11T00:47:05.874653,60.40760060027242,57390,2.036,"Load=2.036 N, t=57390 ms"
1,2026-01-11T00:47:05.884647,60.41759440023452,57400,2.265,"Load=2.265 N, t=57400 ms"
1,2026-01-11T00:47:05.894752,60.42769919987768,57410,1.386,"Load=1.386 N, t=57410 ms"
1,2026-01-11T00:47:05.904527,60.43747439980507,57420,1.72,"Load=1.720 N, t=57420 ms"
1,2026-01-11T00:47:05.914598,60.4475456001237,57430,1.818,"Load=1.818 N, t=57430 ms"
1,2026-01-11T00:47:05.924628,60.4575757002458,57440,1.893,"Load=1.893 N, t=57440 ms"
1,2026-01-11T00:47:05.934619,60.46756689995527,57450,1.362,"Load=1.362 N, t=57450 ms"
1,2026-01-11T00:47:05.944655,60.477603300474584,57460,1.354,"Load=1.354 N, t=57460 ms"
1,2026-01-11T00:47:05.954653,60.487601299770176,57470,1.841,"Load=1.841 N, t=57470 ms"
1,2026-01-11T00:47:05.964590,60.497538399882615,57480,1.851,"Load=1.851 N, t=57480 ms"
1,2026-01-11T00:47:05.974567,60.507514900527894,57490,1.59,"Load=1.590 N, t=57490 ms"
1,2026-01-11T00:47:05.984594,60.51754220016301,57500,1.484,"Load=1.484 N, t=57500 ms"
1,2026-01-11T00:47:05.994668,60.5276162000373,57510,1.656,"Load=1.656 N, t=57510 ms"
1,2026-01-11T00:47:06.004568,60.53751519974321,57520,1.838,"Load=1.838 N, t=57520 ms"
1,2026-01-11T00:47:06.014660,60.54760729987174,57530,1.906,"Load=1.906 N, t=57530 ms"
1,2026-01-11T00:47:06.024691,60.55763910058886,57540,1.28,"Load=1.280 N, t=57540 ms"
1,2026-01-11T00:47:06.034490,60.56743790023029,57550,1.727,"Load=1.727 N, t=57550 ms"
1,2026-01-11T00:47:06.044619,60.57756690029055,57560,1.895,"Load=1.895 N, t=57560 ms"
1,2026-01-11T00:47:06.054465,60.58741329982877,57570,1.722,"Load=1.722 N, t=57570 ms"
1,2026-01-11T00:47:06.065721,60.59866899996996,57580,1.302,"Load=1.302 N, t=57580 ms"
1,2026-01-11T00:47:06.074720,60.6076675998047,57590,1.8,"Load=1.800 N, t=57590 ms"
1,2026-01-11T00:47:06.084714,60.617661899887025,57600,1.823,"Load=1.823 N, t=57600 ms"
1,2026-01-11T00:47:06.094611,60.627558699809015,57610,1.569,"Load=1.569 N, t=57610 ms"
1,2026-01-11T00:47:06.104539,60.63748640008271,57620,1.57,"Load=1.570 N, t=57620 ms"
1,2026-01-11T00:47:06.114561,60.64750900026411,57630,1.416,"Load=1.416 N, t=57630 ms"
1,2026-01-11T00:47:06.125492,60.65843940060586,57640,1.967,"Load=1.967 N, t=57640 ms"
1,2026-01-11T00:47:06.135603,60.668550500646234,57650,1.862,"Load=1.862 N, t=57650 ms"
1,2026-01-11T00:47:06.144744,60.67769140005112,57660,1.66,"Load=1.660 N, t=57660 ms"
1,2026-01-11T00:47:06.154653,60.687600400298834,57670,1.595,"Load=1.595 N, t=57670 ms"
1,2026-01-11T00:47:06.164554,60.6974979005754,57680,1.924,"Load=1.924 N, t=57680 ms"
1,2026-01-11T00:47:06.174513,60.707460599951446,57690,1.954,"Load=1.954 N, t=57690 ms"
1,2026-01-11T00:47:06.185714,60.718661500141025,57700,1.383,"Load=1.383 N, t=57700 ms"
1,2026-01-11T00:47:06.195620,60.72856769990176,57710,1.495,"Load=1.495 N, t=57710 ms"
1,2026-01-11T00:47:06.205574,60.73852080013603,57720,1.807,"Load=1.807 N, t=57720 ms"
1,2026-01-11T00:47:06.214602,60.74754890054464,57730,1.978,"Load=1.978 N, t=57730 ms"
1,2026-01-11T00:47:06.224688,60.75763490051031,57740,1.445,"Load=1.445 N, t=57740 ms"
1,2026-01-11T00:47:06.235566,60.76851349975914,57750,1.458,"Load=1.458 N, t=57750 ms"
1,2026-01-11T00:47:06.245634,60.778582400642335,57760,1.902,"Load=1.902 N, t=57760 ms"
1,2026-01-11T00:47:06.255571,60.78851850051433,57770,1.841,"Load=1.841 N, t=57770 ms"
1,2026-01-11T00:47:06.265622,60.79857049975544,57780,1.539,"Load=1.539 N, t=57780 ms"
1,2026-01-11T00:47:06.275612,60.80855919979513,57790,1.399,"Load=1.399 N, t=57790 ms"
1,2026-01-11T00:47:06.284527,60.81747480016202,57800,1.807,"Load=1.807 N, t=57800 ms"
1,2026-01-11T00:47:06.294519,60.82746629975736,57810,2.087,"Load=2.087 N, t=57810 ms"
1,2026-01-11T00:47:06.305642,60.838589100167155,57820,1.532,"Load=1.532 N, t=57820 ms"
1,2026-01-11T00:47:06.315662,60.8486093999818,57830,1.502,"Load=1.502 N, t=57830 ms"
1,2026-01-11T00:47:06.325765,60.85871329996735,57840,1.751,"Load=1.751 N, t=57840 ms"
1,2026-01-11T00:47:06.335740,60.868687599897385,57850,2.037,"Load=2.037 N, t=57850 ms"
1,2026-01-11T00:47:06.345521,60.87846860010177,57860,1.763,"Load=1.763 N, t=57860 ms"
1,2026-01-11T00:47:06.354670,60.88761750049889,57870,1.469,"Load=1.469 N, t=57870 ms"
1,2026-01-11T00:47:06.365617,60.89856510050595,57880,1.631,"Load=1.631 N, t=57880 ms"
1,2026-01-11T00:47:06.375635,60.90858240053058,57890,1.955,"Load=1.955 N, t=57890 ms"
1,2026-01-11T00:47:06.385770,60.91871660016477,57900,1.805,"Load=1.805 N, t=57900 ms"
1,2026-01-11T00:47:06.395566,60.92851330060512,57910,1.334,"Load=1.334 N, t=57910 ms"
1,2026-01-11T00:47:06.405607,60.93855470046401,57920,1.543,"Load=1.543 N, t=57920 ms"
1,2026-01-11T00:47:06.415460,60.94840729981661,57930,1.965,"Load=1.965 N, t=57930 ms"
1,2026-01-11T00:47:06.425529,60.958476999774575,57940,1.866,"Load=1.866 N, t=57940 ms"
1,2026-01-11T00:47:06.435644,60.968591400422156,57950,1.527,"Load=1.527 N, t=57950 ms"
1,2026-01-11T00:47:06.445655,60.978602800518274,57960,1.637,"Load=1.637 N, t=57960 ms"
1,2026-01-11T00:47:06.455515,60.98846250027418,57970,1.996,"Load=1.996 N, t=57970 ms"
1,2026-01-11T00:47:06.465647,60.998595300130546,57980,1.606,"Load=1.606 N, t=57980 ms"
1,2026-01-11T00:47:06.475461,61.0084079997614,57990,1.396,"Load=1.396 N, t=57990 ms"
1,2026-01-11T00:47:06.485670,61.018616300076246,58000,1.51,"Load=1.510 N, t=58000 ms"
1,2026-01-11T00:47:06.495665,61.02861260063946,58010,1.815,"Load=1.815 N, t=58010 ms"
1,2026-01-11T00:47:06.505654,61.03860120009631,58020,1.729,"Load=1.729 N, t=58020 ms"
1,2026-01-11T00:47:06.515648,61.04859590064734,58030,1.686,"Load=1.686 N, t=58030 ms"
1,2026-01-11T00:47:06.525661,61.058608000166714,58040,1.417,"Load=1.417 N, t=58040 ms"
1,2026-01-11T00:47:06.535566,61.06851369980723,58050,1.955,"Load=1.955 N, t=58050 ms"
1,2026-01-11T00:47:06.545700,61.07864680048078,58060,1.755,"Load=1.755 N, t=58060 ms"
1,2026-01-11T00:47:06.555591,61.08853860013187,58070,1.445,"Load=1.445 N, t=58070 ms"
1,2026-01-11T00:47:06.565764,61.098711900413036,58080,1.277,"Load=1.277 N, t=58080 ms"
1,2026-01-11T00:47:06.575771,61.10871830023825,58090,1.944,"Load=1.944 N, t=58090 ms"
1,2026-01-11T00:47:06.585508,61.118455700576305,58100,1.972,"Load=1.972 N, t=58100 ms"
1,2026-01-11T00:47:06.595533,61.12847989983857,58110,1.451,"Load=1.451 N, t=58110 ms"
1,2026-01-11T00:47:06.605654,61.13860210031271,58120,1.628,"Load=1.628 N, t=58120 ms"
1,2026-01-11T00:47:06.615673,61.14862070046365,58130,1.706,"Load=1.706 N, t=58130 ms"
1,2026-01-11T00:47:06.625652,61.15859919972718,58140,1.957,"Load=1.957 N, t=58140 ms"
1,2026-01-11T00:47:06.635692,61.16863870061934,58150,1.575,"Load=1.575 N, t=58150 ms"
1,2026-01-11T00:47:06.645645,61.17859240062535,58160,1.29,"Load=1.290 N, t=58160 ms"
1,2026-01-11T00:47:06.655631,61.188578200526536,58170,1.676,"Load=1.676 N, t=58170 ms"
1,2026-01-11T00:47:06.665642,61.19858910050243,58180,1.376,"Load=1.376 N, t=58180 ms"
1,2026-01-11T00:47:06.675640,61.20858820062131,58190,1.355,"Load=1.355 N, t=58190 ms"
1,2026-01-11T00:47:06.685598,61.21854570042342,58200,1.435,"Load=1.435 N, t=58200 ms"
1,2026-01-11T00:47:06.695680,61.22862690035254,58210,1.311,"Load=1.311 N, t=58210 ms"
1,2026-01-11T00:47:06.705669,61.238616100512445,58220,1.128,"Load=1.128 N, t=58220 ms"
1,2026-01-11T00:47:06.715596,61.24854320008308,58230,1.301,"Load=1.301 N, t=58230 ms"
1,2026-01-11T00:47:06.726569,61.259515000507236,58240,1.148,"Load=1.148 N, t=58240 ms"
1,2026-01-11T00:47:06.735690,61.26863710023463,58250,1.081,"Load=1.081 N, t=58250 ms"
1,2026-01-11T00:47:06.745703,61.27864999976009,58260,0.928,"Load=0.928 N, t=58260 ms"
1,2026-01-11T00:47:06.755684,61.288630899973214,58270,1.205,"Load=1.205 N, t=58270 ms"
1,2026-01-11T00:47:06.765694,61.29864209983498,58280,0.983,"Load=0.983 N, t=58280 ms"
1,2026-01-11T00:47:06.775725,61.30867230053991,58290,0.848,"Load=0.848 N, t=58290 ms"
1,2026-01-11T00:47:06.786514,61.31946090050042,58300,1.124,"Load=1.124 N, t=58300 ms"
1,2026-01-11T00:47:06.796603,61.329550500027835,58310,0.998,"Load=0.998 N, t=58310 ms"
1,2026-01-11T00:47:06.805641,61.33858820050955,58320,1.001,"Load=1.001 N, t=58320 ms"
1,2026-01-11T00:47:06.815674,61.34862089995295,58330,0.859,"Load=0.859 N, t=58330 ms"
1,2026-01-11T00:47:06.825537,61.358484900556505,58340,0.913,"Load=0.913 N, t=58340 ms"
1,2026-01-11T00:47:06.835593,61.368540400639176,58350,0.76,"Load=0.760 N, t=58350 ms"
1,2026-01-11T00:47:06.846559,61.379506500437856,58360,0.725,"Load=0.725 N, t=58360 ms"
1,2026-01-11T00:47:06.856581,61.389528799802065,58370,0.776,"Load=0.776 N, t=58370 ms"
1,2026-01-11T00:47:06.866597,61.39954490028322,58380,0.76,"Load=0.760 N, t=58380 ms"
1,2026-01-11T00:47:06.875625,61.40857189986855,58390,0.721,"Load=0.721 N, t=58390 ms"
1,2026-01-11T00:47:06.885597,61.418544500134885,58400,0.636,"Load=0.636 N, t=58400 ms"
1,2026-01-11T00:47:06.895691,61.428638599812984,58410,0.592,"Load=0.592 N, t=58410 ms"
1,2026-01-11T00:47:06.906628,61.43957480043173,58420,0.673,"Load=0.673 N, t=58420 ms"
1,2026-01-11T00:47:06.916759,61.449705900624394,58430,0.595,"Load=0.595 N, t=58430 ms"
1,2026-01-11T00:47:06.926604,61.45955159980804,58440,0.571,"Load=0.571 N, t=58440 ms"
1,2026-01-11T00:47:06.936575,61.46952270064503,58450,0.623,"Load=0.623 N, t=58450 ms"
1,2026-01-11T00:47:06.945700,61.47864660061896,58460,0.467,"Load=0.467 N, t=58460 ms"
1,2026-01-11T00:47:06.955575,61.488522900268435,58470,0.657,"Load=0.657 N, t=58470 ms"
1,2026-01-11T00:47:06.966617,61.49956460017711,58480,0.447,"Load=0.447 N, t=58480 ms"
1,2026-01-11T00:47:06.976526,61.509471700526774,58490,0.491,"Load=0.491 N, t=58490 ms"
1,2026-01-11T00:47:06.986547,61.51949440035969,58500,0.408,"Load=0.408 N, t=58500 ms"
1,2026-01-11T00:47:06.996498,61.529445400461555,58510,0.548,"Load=0.548 N, t=58510 ms"
1,2026-01-11T00:47:07.006493,61.53943890053779,58520,0.416,"Load=0.416 N, t=58520 ms"
1,2026-01-11T00:47:07.016483,61.54943030048162,58530,0.411,"Load=0.411 N, t=58530 ms"
1,2026-01-11T00:47:07.026692,61.559639000333846,58540,0.384,"Load=0.384 N, t=58540 ms"
1,2026-01-11T00:47:07.036481,61.56942760013044,58550,0.466,"Load=0.466 N, t=58550 ms"
1,2026-01-11T00:47:07.046608,61.579555000178516,58560,0.403,"Load=0.403 N, t=58560 ms"
1,2026-01-11T00:47:07.056614,61.58956199977547,58570,0.517,"Load=0.517 N, t=58570 ms"
1,2026-01-11T00:47:07.066475,61.59942200034857,58580,0.328,"Load=0.328 N, t=58580 ms"
1,2026-01-11T00:47:07.076625,61.60957210045308,58590,0.39,"Load=0.390 N, t=58590 ms"
1,2026-01-11T00:47:07.086530,61.619477099739015,58600,0.329,"Load=0.329 N, t=58600 ms"
1,2026-01-11T00:47:07.096692,61.6296391999349,58610,0.406,"Load=0.406 N, t=58610 ms"
1,2026-01-11T00:47:07.106630,61.63957769982517,58620,0.326,"Load=0.326 N, t=58620 ms"
1,2026-01-11T00:47:07.116500,61.64944719988853,58630,0.219,"Load=0.219 N, t=58630 ms"
1,2026-01-11T00:47:07.126593,61.65953980013728,58640,0.157,"Load=0.157 N, t=58640 ms"
1,2026-01-11T00:47:07.136609,61.6695562005043,58650,0.37,"Load=0.370 N, t=58650 ms"
1,2026-01-11T00:47:07.146618,61.67956520058215,58660,0.273,"Load=0.273 N, t=58660 ms"
1,2026-01-11T00:47:07.156767,61.6897130003199,58670,0.265,"Load=0.265 N, t=58670 ms"
1,2026-01-11T00:47:07.166528,61.69947510026395,58680,0.178,"Load=0.178 N, t=58680 ms"
1,2026-01-11T00:47:07.176808,61.70975549984723,58690,0.24,"Load=0.240 N, t=58690 ms"
1,2026-01-11T00:47:07.186764,61.7197102997452,58700,0.193,"Load=0.193 N, t=58700 ms"
1,2026-01-11T00:47:07.196761,61.72970790043473,58710,0.224,"Load=0.224 N, t=58710 ms"
1,2026-01-11T00:47:07.206709,61.73965570051223,58720,0.235,"Load=0.235 N, t=58720 ms"
1,2026-01-11T00:47:07.216650,61.749596799723804,58730,0.264,"Load=0.264 N, t=58730 ms"
1,2026-01-11T00:47:07.226522,61.75946860015392,58740,0.176,"Load=0.176 N, t=58740 ms"
1,2026-01-11T00:47:07.236665,61.769612500444055,58750,0.271,"Load=0.271 N, t=58750 ms"
1,2026-01-11T00:47:07.246521,61.77946810051799,58760,0.114,"Load=0.114 N, t=58760 ms"
1,2026-01-11T00:47:07.256650,61.78959640022367,58770,0.206,"Load=0.206 N, t=58770 ms"
1,2026-01-11T00:47:07.266747,61.79969399981201,58780,0.182,"Load=0.182 N, t=58780 ms"
1,2026-01-11T00:47:07.276585,61.80953160021454,58790,0.109,"Load=0.109 N, t=58790 ms"
1,2026-01-11T00:47:07.286521,61.81946749985218,58800,0.195,"Load=0.195 N, t=58800 ms"
1,2026-01-11T00:47:07.296645,61.82959199976176,58810,0.128,"Load=0.128 N, t=58810 ms"
1,2026-01-11T00:47:07.306590,61.83953730016947,58820,0.175,"Load=0.175 N, t=58820 ms"
1,2026-01-11T00:47:07.316634,61.84958030004054,58830,0.092,"Load=0.092 N, t=58830 ms"
1,2026-01-11T00:47:07.326708,61.85965560004115,58840,0.198,"Load=0.198 N, t=58840 ms"
1,2026-01-11T00:47:07.336705,61.86965200025588,58850,0.24,"Load=0.240 N, t=58850 ms"
1,2026-01-11T00:47:07.346624,61.87957049999386,58860,0.224,"Load=0.224 N, t=58860 ms"
1,2026-01-11T00:47:07.356652,61.88959849998355,58870,0.221,"Load=0.221 N, t=58870 ms"
1,2026-01-11T00:47:07.366648,61.899594999849796,58880,0.067,"Load=0.067 N, t=58880 ms"
1,2026-01-11T00:47:07.376759,61.90970620047301,58890,0.05,"Load=0.050 N, t=58890 ms"
1,2026-01-11T00:47:07.387594,61.92054060008377,58900,0.189,"Load=0.189 N, t=58900 ms"
1,2026-01-11T00:47:07.396723,61.92967069987208,58910,0.282,"Load=0.282 N, t=58910 ms"
1,2026-01-11T00:47:07.406589,61.93953370023519,58920,0.183,"Load=0.183 N, t=58920 ms"
1,2026-01-11T00:47:07.417488,61.95043530035764,58930,0.084,"Load=0.084 N, t=58930 ms"
1,2026-01-11T00:47:07.426574,61.95952150039375,58940,0.268,"Load=0.268 N, t=58940 ms"
1,2026-01-11T00:47:07.436534,61.96948119997978,58950,0.06,"Load=0.060 N, t=58950 ms"
1,2026-01-11T00:47:07.447609,61.98055540025234,58960,0.215,"Load=0.215 N, t=58960 ms"
1,2026-01-11T00:47:07.457480,61.990426500327885,58970,0.09,"Load=0.090 N, t=58970 ms"
1,2026-01-11T00:47:07.466870,61.999816900119185,58980,0.154,"Load=0.154 N, t=58980 ms"
1,2026-01-11T00:47:07.476681,62.0096268998459,58990,0.02,"Load=0.020 N, t=58990 ms"
1,2026-01-11T00:47:07.486740,62.01968730054796,59000,0.131,"Load=0.131 N, t=59000 ms"
